sku,is_added,is_updated,category,cost_price,brand,type,attributes,is_main_product,main_product,slug,tags,name,color,image,more_images,description,size,price,discount_value,discount_type,pack_size,tax,max_quantity,stock_count,variant_status,status,is_stock,is_discount,is_hot,is_best,is_most
P100123001,1,,100080101,,Apple,1,,1,,,,,,,,,,,,,1,0,,,,,,,,,
M100123001,1,,,1897.80292,,,"Brend:Apple;Daxili yaddaÅŸ:256 GB;Operativ yaddaÅŸ:8 GB;Æsas kamera:48 MP + 48 MP;Ã–n kamera:18 MP;NÃ¼vÉ™ sayÄ±:6;SIM-kart nÃ¶vÃ¼:Nano SIM + eSIM;SIM-kart sayÄ±:1;Prosessorun adÄ±:Apple;ÆmÉ™liyyat sistemi:iOS;ÆmÉ™liyyat sistemin versiyasÄ±:iOS 26;NFC:Var;Prosessorun nÃ¶vÃ¼:Apple A19;Displey nÃ¶vÃ¼:Super Retina XDR OLED;Simsiz enerji:Var;Ä°nfraqÄ±rmÄ±zÄ± port:Yox;Ãœz tanÄ±ma:Var;SÃ¼rÉ™tli enerji yÄ±ÄŸma:Var;Qorunma dÉ™rÉ™cÉ™si:IP68;GÃ¶rÃ¼ntÃ¼ imkanÄ±:2622 Ã— 1206;Ã–lÃ§Ã¼lÉ™r:149.6 Ã— 71.5 Ã— 7.95 mm;YaddaÅŸ kartÄ± dÉ™stÉ™yi:Yox;Barometr:Var;Giroskop:Var;Ä°ÅŸÄ±q sensoru:Var;YaxÄ±nlaÅŸdÄ±rma sensoru:Var;Optik sabitlÉ™ÅŸmÉ™:Var;Video formatÄ±:4K / 1080p / 720p;Bluetooth versiyasÄ±:6.0;Avtofokus É™sas kamera:Var;""Video icazÉ™si vÉ™ kadr tezliyi"": ""4K - 720p;24-240 kadr/s"";Video asta Ã§É™kiliÅŸ:Var;RÉ™ng:Black;Enerji toplama nÃ¶vÃ¼:USB Type-C;QulaqlÄ±q interfeysi:USB Type-C;Batareya nÃ¶vÃ¼:Li-lon;Ã‡Ä±xarÄ±la bilÉ™n batareya:Yox;Akselerometr:Var;Enerji yÄ±ÄŸma gÃ¼cÃ¼:25 Vt;BatareyanÄ±n hÉ™cmi:3692 mAh;Ä°stehsal ili:2025;Barmaq izi oxuyucusu:Yox;""Komplektasiya"": ""iPhone;USB Type C/USB Type C;MÉ™lumat kitabÃ§asÄ±"";Seriya:iPhone 17;ZÉ™manÉ™t:12 ay;Ã‡É™ki:177 qr;ÅÉ™bÉ™kÉ™ standartÄ±:5G;Ekran:6.3\""",0,P100123001,iphone-17-256-gb-black_m100123001,#iPhone #17 #256 #GB #Black,iPhone 17 256 GB Black,Black,"https://imagedelivery.net/6xZ2gdbIq4j34kSGM6PEuA/05b040e5-26f9-4778-08cd-d1041c472500/w=auto,q=auto,f=auto","https://imagedelivery.net/6xZ2gdbIq4j34kSGM6PEuA/92f82a91-2a9b-4b01-eb57-da70366a2900/w=auto,q=auto,f=auto;https://imagedelivery.net/6xZ2gdbIq4j34kSGM6PEuA/51d08862-a0f5-44ef-fe6b-d65bf503d800/w=auto,q=auto,f=auto;https://imagedelivery.net/6xZ2gdbIq4j34kSGM6PEuA/0cb415c9-d64c-4f68-5389-edacd838f500/w=auto,q=auto,f=auto;https://imagedelivery.net/6xZ2gdbIq4j34kSGM6PEuA/ac25dad8-bea5-4593-2fde-18decd542b00/w=auto,q=auto,f=auto;https://imagedelivery.net/6xZ2gdbIq4j34kSGM6PEuA/236f1a49-52a5-48d0-4c9e-67283cacee00/w=auto,q=auto,f=auto;https://imagedelivery.net/6xZ2gdbIq4j34kSGM6PEuA/85007998-f32c-415a-3d4d-de8730f99800/w=auto,q=auto,f=auto;https://imagedelivery.net/6xZ2gdbIq4j34kSGM6PEuA/ea5e85fa-2e04-4dfb-6e01-9e5dd52cf100/w=auto,q=auto,f=auto;https://imagedelivery.net/6xZ2gdbIq4j34kSGM6PEuA/2859ad20-487a-4d11-0247-865f11edce00/w=auto,q=auto,f=auto;https://imagedelivery.net/6xZ2gdbIq4j34kSGM6PEuA/08d96653-2ffc-420a-d7b1-bd1bc3f5ac00/w=auto,q=auto,f=auto","ğŸ“± iPhone 17

iPhone 17, mÃ¼asir dizaynÄ± vÉ™ gÃ¼clÃ¼ performansÄ± ilÉ™ diqqÉ™t Ã§É™kir. 6.3 dÃ¼ymlÃ¼k Super Retina XDR ekranÄ±, 48MP Dual Fusion arxa kamerasÄ± vÉ™ yeni Center Stage Ã¶n kamerasÄ± ilÉ™ tÉ™chiz olunub. A19 Ã§ipi vÉ™ uzunÃ¶mÃ¼rlÃ¼ batareyasÄ± ilÉ™ gÃ¼ndÉ™lik istifadÉ™ Ã¼Ã§Ã¼n ideal seÃ§imdir.",256 GB,2600,260,V,,,5,50,1,1,1,0,0,0,0
M100123002,1,,,1897.80292,,,"Brend:Apple;Daxili yaddaÅŸ:256 GB;Operativ yaddaÅŸ:8 GB;Æsas kamera:48 MP + 48 MP;Ã–n kamera:18 MP;NÃ¼vÉ™ sayÄ±:6;SIM-kart nÃ¶vÃ¼:Nano SIM + eSIM;SIM-kart sayÄ±:1;Prosessorun adÄ±:Apple;ÆmÉ™liyyat sistemi:iOS;ÆmÉ™liyyat sistemin versiyasÄ±:iOS 26;NFC:Var;Prosessorun nÃ¶vÃ¼:Apple A19;Displey nÃ¶vÃ¼:Super Retina XDR OLED;Simsiz enerji:Var;Ä°nfraqÄ±rmÄ±zÄ± port:Yox;Ãœz tanÄ±ma:Var;SÃ¼rÉ™tli enerji yÄ±ÄŸma:Var;Qorunma dÉ™rÉ™cÉ™si:IP68;GÃ¶rÃ¼ntÃ¼ imkanÄ±:2622 Ã— 1206;Ã–lÃ§Ã¼lÉ™r:149.6 Ã— 71.5 Ã— 7.95 mm;YaddaÅŸ kartÄ± dÉ™stÉ™yi:Yox;Barometr:Var;Giroskop:Var;Ä°ÅŸÄ±q sensoru:Var;YaxÄ±nlaÅŸdÄ±rma sensoru:Var;Optik sabitlÉ™ÅŸmÉ™:Var;Video formatÄ±:4K / 1080p / 720p;Bluetooth versiyasÄ±:6.0;Avtofokus É™sas kamera:Var;""Video icazÉ™si vÉ™ kadr tezliyi"": ""4K - 720p;24-240 kadr/s"";Video asta Ã§É™kiliÅŸ:Var;RÉ™ng:White;Enerji toplama nÃ¶vÃ¼:USB Type-C;QulaqlÄ±q interfeysi:USB Type-C;Batareya nÃ¶vÃ¼:Li-lon;Ã‡Ä±xarÄ±la bilÉ™n batareya:Yox;Akselerometr:Var;Enerji yÄ±ÄŸma gÃ¼cÃ¼:25 Vt;BatareyanÄ±n hÉ™cmi:3692 mAh;Ä°stehsal ili:2025;Barmaq izi oxuyucusu:Yox;""Komplektasiya"": ""iPhone;USB Type C/USB Type C;MÉ™lumat kitabÃ§asÄ±"";Seriya:iPhone 17;ZÉ™manÉ™t:12 ay;Ã‡É™ki:177 qr;ÅÉ™bÉ™kÉ™ standartÄ±:5G;Ekran:6.3\""",0,P100123001,iphone-17-256-gb-white_m100123002,#iPhone #17 #256 #GB #White,iPhone 17 256 GB White,White,"https://imagedelivery.net/6xZ2gdbIq4j34kSGM6PEuA/171f27cc-9ed2-4fe4-cd6d-7942f7c25f00/w=auto,q=auto,f=auto","https://imagedelivery.net/6xZ2gdbIq4j34kSGM6PEuA/ccb0f5a3-242a-4173-7b0f-b31da9973e00/w=auto,q=auto,f=auto;https://imagedelivery.net/6xZ2gdbIq4j34kSGM6PEuA/0d612f73-e98b-40e5-86d3-ebb2fb1b6900/w=auto,q=auto,f=auto;https://imagedelivery.net/6xZ2gdbIq4j34kSGM6PEuA/d98295b1-ca48-43ae-7782-f1c6d907d600/w=auto,q=auto,f=auto;https://imagedelivery.net/6xZ2gdbIq4j34kSGM6PEuA/6f2db767-82e5-4a47-bb78-18e18cd3fe00/w=auto,q=auto,f=auto;https://imagedelivery.net/6xZ2gdbIq4j34kSGM6PEuA/2b65d0b3-eaf9-4ad5-0fb4-64a46d7c4d00/w=auto,q=auto,f=auto;https://imagedelivery.net/6xZ2gdbIq4j34kSGM6PEuA/3039eb1f-5497-42cc-b645-4e76adac5300/w=auto,q=auto,f=auto;https://imagedelivery.net/6xZ2gdbIq4j34kSGM6PEuA/42ed6474-38e4-42c8-afb0-62e83bf04700/w=auto,q=auto,f=auto;https://imagedelivery.net/6xZ2gdbIq4j34kSGM6PEuA/5b17a28a-867a-4521-0c84-936cf4976b00/w=auto,q=auto,f=auto;https://imagedelivery.net/6xZ2gdbIq4j34kSGM6PEuA/eb64e591-0698-4891-131c-e418f7045900/w=auto,q=auto,f=auto","ğŸ“± iPhone 17

iPhone 17, mÃ¼asir dizaynÄ± vÉ™ gÃ¼clÃ¼ performansÄ± ilÉ™ diqqÉ™t Ã§É™kir. 6.3 dÃ¼ymlÃ¼k Super Retina XDR ekranÄ±, 48MP Dual Fusion arxa kamerasÄ± vÉ™ yeni Center Stage Ã¶n kamerasÄ± ilÉ™ tÉ™chiz olunub. A19 Ã§ipi vÉ™ uzunÃ¶mÃ¼rlÃ¼ batareyasÄ± ilÉ™ gÃ¼ndÉ™lik istifadÉ™ Ã¼Ã§Ã¼n ideal seÃ§imdir.",256 GB,2600,260,V,,,5,50,1,1,1,0,0,0,0
M100123003,1,,,1897.80292,,,"Brend:Apple;Daxili yaddaÅŸ:256 GB;Operativ yaddaÅŸ:8 GB;Æsas kamera:48 MP + 48 MP;Ã–n kamera:18 MP;NÃ¼vÉ™ sayÄ±:6;SIM-kart nÃ¶vÃ¼:Nano SIM + eSIM;SIM-kart sayÄ±:1;Prosessorun adÄ±:Apple;ÆmÉ™liyyat sistemi:iOS;ÆmÉ™liyyat sistemin versiyasÄ±:iOS 26;NFC:Var;Prosessorun nÃ¶vÃ¼:Apple A19;Displey nÃ¶vÃ¼:Super Retina XDR OLED;Simsiz enerji:Var;Ä°nfraqÄ±rmÄ±zÄ± port:Yox;Ãœz tanÄ±ma:Var;SÃ¼rÉ™tli enerji yÄ±ÄŸma:Var;Qorunma dÉ™rÉ™cÉ™si:IP68;GÃ¶rÃ¼ntÃ¼ imkanÄ±:2622 Ã— 1206;Ã–lÃ§Ã¼lÉ™r:149.6 Ã— 71.5 Ã— 7.95 mm;YaddaÅŸ kartÄ± dÉ™stÉ™yi:Yox;Barometr:Var;Giroskop:Var;Ä°ÅŸÄ±q sensoru:Var;YaxÄ±nlaÅŸdÄ±rma sensoru:Var;Optik sabitlÉ™ÅŸmÉ™:Var;Video formatÄ±:4K / 1080p / 720p;Bluetooth versiyasÄ±:6.0;Avtofokus É™sas kamera:Var;""Video icazÉ™si vÉ™ kadr tezliyi"": ""4K - 720p;24-240 kadr/s"";Video asta Ã§É™kiliÅŸ:Var;RÉ™ng:Sage;Enerji toplama nÃ¶vÃ¼:USB Type-C;QulaqlÄ±q interfeysi:USB Type-C;Batareya nÃ¶vÃ¼:Li-lon;Ã‡Ä±xarÄ±la bilÉ™n batareya:Yox;Akselerometr:Var;Enerji yÄ±ÄŸma gÃ¼cÃ¼:25 Vt;BatareyanÄ±n hÉ™cmi:3692 mAh;Ä°stehsal ili:2025;Barmaq izi oxuyucusu:Yox;""Komplektasiya"": ""iPhone;USB Type C/USB Type C;MÉ™lumat kitabÃ§asÄ±"";Seriya:iPhone 17;ZÉ™manÉ™t:12 ay;Ã‡É™ki:177 qr;ÅÉ™bÉ™kÉ™ standartÄ±:5G;Ekran:6.3\""",0,P100123001,iphone-17-256-gb-sage_m100123003,#iPhone #17 #256 #GB #Sage,iPhone 17 256 GB Sage,Sage,"https://imagedelivery.net/6xZ2gdbIq4j34kSGM6PEuA/161ab2f4-2a87-48bf-2aa5-906deabfc100/w=auto,q=auto,f=auto","https://imagedelivery.net/6xZ2gdbIq4j34kSGM6PEuA/f0c8a8a3-c059-4b40-9a09-689659a45800/w=auto,q=auto,f=auto;https://imagedelivery.net/6xZ2gdbIq4j34kSGM6PEuA/8c133c60-ed28-4f1a-cf81-1a5db7cb4500/w=auto,q=auto,f=auto;https://imagedelivery.net/6xZ2gdbIq4j34kSGM6PEuA/f2966a6a-63c1-4be3-216d-26fe26fdd500/w=auto,q=auto,f=auto;https://imagedelivery.net/6xZ2gdbIq4j34kSGM6PEuA/0d0706d1-3e3e-4090-9bc3-5a066a497900/w=auto,q=auto,f=auto;https://imagedelivery.net/6xZ2gdbIq4j34kSGM6PEuA/d5549c4d-c296-495d-61ba-aab10a81f100/w=auto,q=auto,f=auto;https://imagedelivery.net/6xZ2gdbIq4j34kSGM6PEuA/b2d17596-2831-471c-53a6-c2d60745fa00/w=auto,q=auto,f=auto;https://imagedelivery.net/6xZ2gdbIq4j34kSGM6PEuA/f69f2263-e9a8-4a34-4c2e-d1232e272300/w=auto,q=auto,f=auto;https://imagedelivery.net/6xZ2gdbIq4j34kSGM6PEuA/d21647c8-33fb-4358-df76-78d716752f00/w=auto,q=auto,f=auto;https://imagedelivery.net/6xZ2gdbIq4j34kSGM6PEuA/02287a10-50d4-4949-86a9-56ed86cfa900/w=auto,q=auto,f=auto","ğŸ“± iPhone 17

iPhone 17, mÃ¼asir dizaynÄ± vÉ™ gÃ¼clÃ¼ performansÄ± ilÉ™ diqqÉ™t Ã§É™kir. 6.3 dÃ¼ymlÃ¼k Super Retina XDR ekranÄ±, 48MP Dual Fusion arxa kamerasÄ± vÉ™ yeni Center Stage Ã¶n kamerasÄ± ilÉ™ tÉ™chiz olunub. A19 Ã§ipi vÉ™ uzunÃ¶mÃ¼rlÃ¼ batareyasÄ± ilÉ™ gÃ¼ndÉ™lik istifadÉ™ Ã¼Ã§Ã¼n ideal seÃ§imdir.",256 GB,2600,260,V,,,5,50,1,1,1,0,0,0,0
M100123004,1,,,1897.80292,,,"Brend:Apple;Daxili yaddaÅŸ:256 GB;Operativ yaddaÅŸ:8 GB;Æsas kamera:48 MP + 48 MP;Ã–n kamera:18 MP;NÃ¼vÉ™ sayÄ±:6;SIM-kart nÃ¶vÃ¼:Nano SIM + eSIM;SIM-kart sayÄ±:1;Prosessorun adÄ±:Apple;ÆmÉ™liyyat sistemi:iOS;ÆmÉ™liyyat sistemin versiyasÄ±:iOS 26;NFC:Var;Prosessorun nÃ¶vÃ¼:Apple A19;Displey nÃ¶vÃ¼:Super Retina XDR OLED;Simsiz enerji:Var;Ä°nfraqÄ±rmÄ±zÄ± port:Yox;Ãœz tanÄ±ma:Var;SÃ¼rÉ™tli enerji yÄ±ÄŸma:Var;Qorunma dÉ™rÉ™cÉ™si:IP68;GÃ¶rÃ¼ntÃ¼ imkanÄ±:2622 Ã— 1206;Ã–lÃ§Ã¼lÉ™r:149.6 Ã— 71.5 Ã— 7.95 mm;YaddaÅŸ kartÄ± dÉ™stÉ™yi:Yox;Barometr:Var;Giroskop:Var;Ä°ÅŸÄ±q sensoru:Var;YaxÄ±nlaÅŸdÄ±rma sensoru:Var;Optik sabitlÉ™ÅŸmÉ™:Var;Video formatÄ±:4K / 1080p / 720p;Bluetooth versiyasÄ±:6.0;Avtofokus É™sas kamera:Var;""Video icazÉ™si vÉ™ kadr tezliyi"": ""4K - 720p;24-240 kadr/s"";Video asta Ã§É™kiliÅŸ:Var;RÉ™ng:Lavender;Enerji toplama nÃ¶vÃ¼:USB Type-C;QulaqlÄ±q interfeysi:USB Type-C;Batareya nÃ¶vÃ¼:Li-lon;Ã‡Ä±xarÄ±la bilÉ™n batareya:Yox;Akselerometr:Var;Enerji yÄ±ÄŸma gÃ¼cÃ¼:25 Vt;BatareyanÄ±n hÉ™cmi:3692 mAh;Ä°stehsal ili:2025;Barmaq izi oxuyucusu:Yox;""Komplektasiya"": ""iPhone;USB Type C/USB Type C;MÉ™lumat kitabÃ§asÄ±"";Seriya:iPhone 17;ZÉ™manÉ™t:12 ay;Ã‡É™ki:177 qr;ÅÉ™bÉ™kÉ™ standartÄ±:5G;Ekran:6.3\""",0,P100123001,iphone-17-256-gb-lavender_m100123004,#iPhone #17 #256 #GB #Lavender,iPhone 17 256 GB Lavender,Lavender,"https://imagedelivery.net/6xZ2gdbIq4j34kSGM6PEuA/89bcfeb0-13ef-4054-f3e0-6a5f094acd00/w=auto,q=auto,f=auto","https://imagedelivery.net/6xZ2gdbIq4j34kSGM6PEuA/36a20bb2-a8a8-4c3b-06c9-17b4ba9bcd00/w=auto,q=auto,f=auto;https://imagedelivery.net/6xZ2gdbIq4j34kSGM6PEuA/6e3d7b72-a935-41e3-8a8e-ae0219c18b00/w=auto,q=auto,f=auto;https://imagedelivery.net/6xZ2gdbIq4j34kSGM6PEuA/b9506e71-e767-41fe-e0f2-cbd6c402e900/w=auto,q=auto,f=auto;https://imagedelivery.net/6xZ2gdbIq4j34kSGM6PEuA/9838253c-da82-4825-552a-36c23d3b4600/w=auto,q=auto,f=auto;https://imagedelivery.net/6xZ2gdbIq4j34kSGM6PEuA/4579a370-3489-46a2-f7df-2085d1edcc00/w=auto,q=auto,f=auto;https://imagedelivery.net/6xZ2gdbIq4j34kSGM6PEuA/32b20f64-1514-4e89-c930-0c2ad6bc2200/w=auto,q=auto,f=auto;https://imagedelivery.net/6xZ2gdbIq4j34kSGM6PEuA/9218885a-5927-40a5-986f-8114b9dd4600/w=auto,q=auto,f=auto;https://imagedelivery.net/6xZ2gdbIq4j34kSGM6PEuA/3f6ab097-f707-4a99-c420-800a3bc9f800/w=auto,q=auto,f=auto;https://imagedelivery.net/6xZ2gdbIq4j34kSGM6PEuA/cd3ac230-54f6-4d9e-0df0-738b48fd9900/w=auto,q=auto,f=auto","ğŸ“± iPhone 17

iPhone 17, mÃ¼asir dizaynÄ± vÉ™ gÃ¼clÃ¼ performansÄ± ilÉ™ diqqÉ™t Ã§É™kir. 6.3 dÃ¼ymlÃ¼k Super Retina XDR ekranÄ±, 48MP Dual Fusion arxa kamerasÄ± vÉ™ yeni Center Stage Ã¶n kamerasÄ± ilÉ™ tÉ™chiz olunub. A19 Ã§ipi vÉ™ uzunÃ¶mÃ¼rlÃ¼ batareyasÄ± ilÉ™ gÃ¼ndÉ™lik istifadÉ™ Ã¼Ã§Ã¼n ideal seÃ§imdir.",256 GB,2600,260,V,,,5,50,1,1,1,0,0,0,0
M100123005,1,,,1897.80292,,,"Brend:Apple;Daxili yaddaÅŸ:256 GB;Operativ yaddaÅŸ:8 GB;Æsas kamera:48 MP + 48 MP;Ã–n kamera:18 MP;NÃ¼vÉ™ sayÄ±:6;SIM-kart nÃ¶vÃ¼:Nano SIM + eSIM;SIM-kart sayÄ±:1;Prosessorun adÄ±:Apple;ÆmÉ™liyyat sistemi:iOS;ÆmÉ™liyyat sistemin versiyasÄ±:iOS 26;NFC:Var;Prosessorun nÃ¶vÃ¼:Apple A19;Displey nÃ¶vÃ¼:Super Retina XDR OLED;Simsiz enerji:Var;Ä°nfraqÄ±rmÄ±zÄ± port:Yox;Ãœz tanÄ±ma:Var;SÃ¼rÉ™tli enerji yÄ±ÄŸma:Var;Qorunma dÉ™rÉ™cÉ™si:IP68;GÃ¶rÃ¼ntÃ¼ imkanÄ±:2622 Ã— 1206;Ã–lÃ§Ã¼lÉ™r:149.6 Ã— 71.5 Ã— 7.95 mm;YaddaÅŸ kartÄ± dÉ™stÉ™yi:Yox;Barometr:Var;Giroskop:Var;Ä°ÅŸÄ±q sensoru:Var;YaxÄ±nlaÅŸdÄ±rma sensoru:Var;Optik sabitlÉ™ÅŸmÉ™:Var;Video formatÄ±:4K / 1080p / 720p;Bluetooth versiyasÄ±:6.0;Avtofokus É™sas kamera:Var;""Video icazÉ™si vÉ™ kadr tezliyi"": ""4K - 720p;24-240 kadr/s"";Video asta Ã§É™kiliÅŸ:Var;RÉ™ng:Mist Blue;Enerji toplama nÃ¶vÃ¼:USB Type-C;QulaqlÄ±q interfeysi:USB Type-C;Batareya nÃ¶vÃ¼:Li-lon;Ã‡Ä±xarÄ±la bilÉ™n batareya:Yox;Akselerometr:Var;Enerji yÄ±ÄŸma gÃ¼cÃ¼:25 Vt;BatareyanÄ±n hÉ™cmi:3692 mAh;Ä°stehsal ili:2025;Barmaq izi oxuyucusu:Yox;""Komplektasiya"": ""iPhone;USB Type C/USB Type C;MÉ™lumat kitabÃ§asÄ±"";Seriya:iPhone 17;ZÉ™manÉ™t:12 ay;Ã‡É™ki:177 qr;ÅÉ™bÉ™kÉ™ standartÄ±:5G;Ekran:6.3\""",0,P100123001,iphone-17-256-gb-mist-blue_m100123005,#iPhone #17 #256 #GB #Mist #Blue,iPhone 17 256 GB Mist Blue,Mist Blue,"https://imagedelivery.net/6xZ2gdbIq4j34kSGM6PEuA/07b68571-6198-4fde-c022-7d0c2e4af100/w=auto,q=auto,f=auto","https://imagedelivery.net/6xZ2gdbIq4j34kSGM6PEuA/a5f94adb-c9ee-4f5a-a233-b0fd5f104400/w=auto,q=auto,f=auto;https://imagedelivery.net/6xZ2gdbIq4j34kSGM6PEuA/269d2976-210e-4ad9-ab16-cda83f3f7d00/w=auto,q=auto,f=auto;https://imagedelivery.net/6xZ2gdbIq4j34kSGM6PEuA/b18f8419-7bef-43bf-2389-eeea4af1b900/w=auto,q=auto,f=auto;https://imagedelivery.net/6xZ2gdbIq4j34kSGM6PEuA/8bf4c7d4-cb75-4dd9-b54d-326eb90f3c00/w=auto,q=auto,f=auto;https://imagedelivery.net/6xZ2gdbIq4j34kSGM6PEuA/33193caa-ba58-48c9-38ec-fdacc045ca00/w=auto,q=auto,f=auto;https://imagedelivery.net/6xZ2gdbIq4j34kSGM6PEuA/296480c5-02e3-47f5-b4d9-177443efc900/w=auto,q=auto,f=auto;https://imagedelivery.net/6xZ2gdbIq4j34kSGM6PEuA/932990f7-f0e8-44b5-3b09-7665059ff500/w=auto,q=auto,f=auto;https://imagedelivery.net/6xZ2gdbIq4j34kSGM6PEuA/29e3282b-4aba-4540-fe04-91babddc9d00/w=auto,q=auto,f=auto;https://imagedelivery.net/6xZ2gdbIq4j34kSGM6PEuA/b821ed9c-c381-430b-544d-ee5863c09b00/w=auto,q=auto,f=auto","ğŸ“± iPhone 17

iPhone 17, mÃ¼asir dizaynÄ± vÉ™ gÃ¼clÃ¼ performansÄ± ilÉ™ diqqÉ™t Ã§É™kir. 6.3 dÃ¼ymlÃ¼k Super Retina XDR ekranÄ±, 48MP Dual Fusion arxa kamerasÄ± vÉ™ yeni Center Stage Ã¶n kamerasÄ± ilÉ™ tÉ™chiz olunub. A19 Ã§ipi vÉ™ uzunÃ¶mÃ¼rlÃ¼ batareyasÄ± ilÉ™ gÃ¼ndÉ™lik istifadÉ™ Ã¼Ã§Ã¼n ideal seÃ§imdir.",256 GB,2600,260,V,,,5,50,1,1,1,0,0,0,0
M100123006,1,,,2372.255474,,,"Brend:Apple;Daxili yaddaÅŸ:512 GB;Operativ yaddaÅŸ:8 GB;Æsas kamera:48 MP + 48 MP;Ã–n kamera:18 MP;NÃ¼vÉ™ sayÄ±:6;SIM-kart nÃ¶vÃ¼:Nano SIM + eSIM;SIM-kart sayÄ±:1;Prosessorun adÄ±:Apple;ÆmÉ™liyyat sistemi:iOS;ÆmÉ™liyyat sistemin versiyasÄ±:iOS 26;NFC:Var;Prosessorun nÃ¶vÃ¼:Apple A19;Displey nÃ¶vÃ¼:Super Retina XDR OLED;Simsiz enerji:Var;Ä°nfraqÄ±rmÄ±zÄ± port:Yox;Ãœz tanÄ±ma:Var;SÃ¼rÉ™tli enerji yÄ±ÄŸma:Var;Qorunma dÉ™rÉ™cÉ™si:IP68;GÃ¶rÃ¼ntÃ¼ imkanÄ±:2622 Ã— 1206;Ã–lÃ§Ã¼lÉ™r:149.6 Ã— 71.5 Ã— 7.95 mm;YaddaÅŸ kartÄ± dÉ™stÉ™yi:Yox;Barometr:Var;Giroskop:Var;Ä°ÅŸÄ±q sensoru:Var;YaxÄ±nlaÅŸdÄ±rma sensoru:Var;Optik sabitlÉ™ÅŸmÉ™:Var;Video formatÄ±:4K / 1080p / 720p;Bluetooth versiyasÄ±:6.0;Avtofokus É™sas kamera:Var;""Video icazÉ™si vÉ™ kadr tezliyi"": ""4K - 720p;24-240 kadr/s"";Video asta Ã§É™kiliÅŸ:Var;RÉ™ng:White;Enerji toplama nÃ¶vÃ¼:USB Type-C;QulaqlÄ±q interfeysi:USB Type-C;Batareya nÃ¶vÃ¼:Li-lon;Ã‡Ä±xarÄ±la bilÉ™n batareya:Yox;Akselerometr:Var;Enerji yÄ±ÄŸma gÃ¼cÃ¼:25 Vt;BatareyanÄ±n hÉ™cmi:3692 mAh;Ä°stehsal ili:2025;Barmaq izi oxuyucusu:Yox;""Komplektasiya"": ""iPhone;USB Type C/USB Type C;MÉ™lumat kitabÃ§asÄ±"";Seriya:iPhone 17;ZÉ™manÉ™t:12 ay;Ã‡É™ki:177 qr;ÅÉ™bÉ™kÉ™ standartÄ±:5G;Ekran:6.3\""",0,P100123001,iphone-17-512-gb-white_m100123006,#iPhone #17 #512 #GB #White,iPhone 17 512 GB White,White,"https://imagedelivery.net/6xZ2gdbIq4j34kSGM6PEuA/2cfccfeb-c282-47f9-fae7-13abde470100/w=auto,q=auto,f=auto","https://imagedelivery.net/6xZ2gdbIq4j34kSGM6PEuA/2844c553-83a5-4e22-62ed-fbcde5274000/w=auto,q=auto,f=auto;https://imagedelivery.net/6xZ2gdbIq4j34kSGM6PEuA/6c42e876-1696-4d7f-7e9b-eb046240ac00/w=auto,q=auto,f=auto;https://imagedelivery.net/6xZ2gdbIq4j34kSGM6PEuA/332c65ec-d9d1-4f66-7786-6412d9e35b00/w=auto,q=auto,f=auto;https://imagedelivery.net/6xZ2gdbIq4j34kSGM6PEuA/541d2a1c-4a39-4993-dd8d-21d26c335300/w=auto,q=auto,f=auto;https://imagedelivery.net/6xZ2gdbIq4j34kSGM6PEuA/d24e9109-17dc-45ad-0657-eb06a1350e00/w=auto,q=auto,f=auto;https://imagedelivery.net/6xZ2gdbIq4j34kSGM6PEuA/4a09069e-5c41-4c20-ba72-f492f90aad00/w=auto,q=auto,f=auto;https://imagedelivery.net/6xZ2gdbIq4j34kSGM6PEuA/d9f07fc4-2fcc-40b1-405e-0502e6efd100/w=auto,q=auto,f=auto;https://imagedelivery.net/6xZ2gdbIq4j34kSGM6PEuA/3a944054-0000-4a55-e66b-b2c83c6ea500/w=auto,q=auto,f=auto;https://imagedelivery.net/6xZ2gdbIq4j34kSGM6PEuA/3afcba70-1202-4a87-65f2-ddda52be3500/w=auto,q=auto,f=auto","ğŸ“± iPhone 17

iPhone 17, mÃ¼asir dizaynÄ± vÉ™ gÃ¼clÃ¼ performansÄ± ilÉ™ diqqÉ™t Ã§É™kir. 6.3 dÃ¼ymlÃ¼k Super Retina XDR ekranÄ±, 48MP Dual Fusion arxa kamerasÄ± vÉ™ yeni Center Stage Ã¶n kamerasÄ± ilÉ™ tÉ™chiz olunub. A19 Ã§ipi vÉ™ uzunÃ¶mÃ¼rlÃ¼ batareyasÄ± ilÉ™ gÃ¼ndÉ™lik istifadÉ™ Ã¼Ã§Ã¼n ideal seÃ§imdir.",512 GB,3250,330,V,,,5,50,1,1,1,0,0,0,0
M100123007,1,,,2372.255474,,,"Brend:Apple;Daxili yaddaÅŸ:512 GB;Operativ yaddaÅŸ:8 GB;Æsas kamera:48 MP + 48 MP;Ã–n kamera:18 MP;NÃ¼vÉ™ sayÄ±:6;SIM-kart nÃ¶vÃ¼:Nano SIM + eSIM;SIM-kart sayÄ±:1;Prosessorun adÄ±:Apple;ÆmÉ™liyyat sistemi:iOS;ÆmÉ™liyyat sistemin versiyasÄ±:iOS 26;NFC:Var;Prosessorun nÃ¶vÃ¼:Apple A19;Displey nÃ¶vÃ¼:Super Retina XDR OLED;Simsiz enerji:Var;Ä°nfraqÄ±rmÄ±zÄ± port:Yox;Ãœz tanÄ±ma:Var;SÃ¼rÉ™tli enerji yÄ±ÄŸma:Var;Qorunma dÉ™rÉ™cÉ™si:IP68;GÃ¶rÃ¼ntÃ¼ imkanÄ±:2622 Ã— 1206;Ã–lÃ§Ã¼lÉ™r:149.6 Ã— 71.5 Ã— 7.95 mm;YaddaÅŸ kartÄ± dÉ™stÉ™yi:Yox;Barometr:Var;Giroskop:Var;Ä°ÅŸÄ±q sensoru:Var;YaxÄ±nlaÅŸdÄ±rma sensoru:Var;Optik sabitlÉ™ÅŸmÉ™:Var;Video formatÄ±:4K / 1080p / 720p;Bluetooth versiyasÄ±:6.0;Avtofokus É™sas kamera:Var;""Video icazÉ™si vÉ™ kadr tezliyi"": ""4K - 720p;24-240 kadr/s"";Video asta Ã§É™kiliÅŸ:Var;RÉ™ng:Sage;Enerji toplama nÃ¶vÃ¼:USB Type-C;QulaqlÄ±q interfeysi:USB Type-C;Batareya nÃ¶vÃ¼:Li-lon;Ã‡Ä±xarÄ±la bilÉ™n batareya:Yox;Akselerometr:Var;Enerji yÄ±ÄŸma gÃ¼cÃ¼:25 Vt;BatareyanÄ±n hÉ™cmi:3692 mAh;Ä°stehsal ili:2025;Barmaq izi oxuyucusu:Yox;""Komplektasiya"": ""iPhone;USB Type C/USB Type C;MÉ™lumat kitabÃ§asÄ±"";Seriya:iPhone 17;ZÉ™manÉ™t:12 ay;Ã‡É™ki:177 qr;ÅÉ™bÉ™kÉ™ standartÄ±:5G;Ekran:6.3\""",0,P100123001,iphone-17-512-gb-sage_m100123007,#iPhone #17 #512 #GB #Sage,iPhone 17 512 GB Sage,Sage,"https://imagedelivery.net/6xZ2gdbIq4j34kSGM6PEuA/e1612456-1a14-4cae-6ecd-a6e5584f1d00/w=auto,q=auto,f=auto","https://imagedelivery.net/6xZ2gdbIq4j34kSGM6PEuA/c091ff8a-b9c9-49c2-5adc-874132dfab00/w=auto,q=auto,f=auto;https://imagedelivery.net/6xZ2gdbIq4j34kSGM6PEuA/adbc83e8-f264-4788-c0e8-8359b6861e00/w=auto,q=auto,f=auto;https://imagedelivery.net/6xZ2gdbIq4j34kSGM6PEuA/2b36e2e8-4006-407f-a523-cb0c3c648d00/w=auto,q=auto,f=auto;https://imagedelivery.net/6xZ2gdbIq4j34kSGM6PEuA/c5327dd0-476c-4584-6ba6-06a87d7e8900/w=auto,q=auto,f=auto;https://imagedelivery.net/6xZ2gdbIq4j34kSGM6PEuA/332d665a-cbab-44f3-3a45-d0154da63a00/w=auto,q=auto,f=auto;https://imagedelivery.net/6xZ2gdbIq4j34kSGM6PEuA/6837fa72-1b70-4a20-bd76-84f8426bd300/w=auto,q=auto,f=auto;https://imagedelivery.net/6xZ2gdbIq4j34kSGM6PEuA/9ebfe95c-2848-436e-03ff-77c34bac1a00/w=auto,q=auto,f=auto;https://imagedelivery.net/6xZ2gdbIq4j34kSGM6PEuA/5d5ac172-1f00-4edf-6f81-958e64223e00/w=auto,q=auto,f=auto;https://imagedelivery.net/6xZ2gdbIq4j34kSGM6PEuA/1c55d015-32c8-4152-1d16-16fc5ba6f600/w=auto,q=auto,f=auto","ğŸ“± iPhone 17

iPhone 17, mÃ¼asir dizaynÄ± vÉ™ gÃ¼clÃ¼ performansÄ± ilÉ™ diqqÉ™t Ã§É™kir. 6.3 dÃ¼ymlÃ¼k Super Retina XDR ekranÄ±, 48MP Dual Fusion arxa kamerasÄ± vÉ™ yeni Center Stage Ã¶n kamerasÄ± ilÉ™ tÉ™chiz olunub. A19 Ã§ipi vÉ™ uzunÃ¶mÃ¼rlÃ¼ batareyasÄ± ilÉ™ gÃ¼ndÉ™lik istifadÉ™ Ã¼Ã§Ã¼n ideal seÃ§imdir.",512 GB,3250,330,V,,,5,50,1,1,1,0,0,0,0
M100123008,1,,,2372.255474,,,"Brend:Apple;Daxili yaddaÅŸ:512 GB;Operativ yaddaÅŸ:8 GB;Æsas kamera:48 MP + 48 MP;Ã–n kamera:18 MP;NÃ¼vÉ™ sayÄ±:6;SIM-kart nÃ¶vÃ¼:Nano SIM + eSIM;SIM-kart sayÄ±:1;Prosessorun adÄ±:Apple;ÆmÉ™liyyat sistemi:iOS;ÆmÉ™liyyat sistemin versiyasÄ±:iOS 26;NFC:Var;Prosessorun nÃ¶vÃ¼:Apple A19;Displey nÃ¶vÃ¼:Super Retina XDR OLED;Simsiz enerji:Var;Ä°nfraqÄ±rmÄ±zÄ± port:Yox;Ãœz tanÄ±ma:Var;SÃ¼rÉ™tli enerji yÄ±ÄŸma:Var;Qorunma dÉ™rÉ™cÉ™si:IP68;GÃ¶rÃ¼ntÃ¼ imkanÄ±:2622 Ã— 1206;Ã–lÃ§Ã¼lÉ™r:149.6 Ã— 71.5 Ã— 7.95 mm;YaddaÅŸ kartÄ± dÉ™stÉ™yi:Yox;Barometr:Var;Giroskop:Var;Ä°ÅŸÄ±q sensoru:Var;YaxÄ±nlaÅŸdÄ±rma sensoru:Var;Optik sabitlÉ™ÅŸmÉ™:Var;Video formatÄ±:4K / 1080p / 720p;Bluetooth versiyasÄ±:6.0;Avtofokus É™sas kamera:Var;""Video icazÉ™si vÉ™ kadr tezliyi"": ""4K - 720p;24-240 kadr/s"";Video asta Ã§É™kiliÅŸ:Var;RÉ™ng:Lavender;Enerji toplama nÃ¶vÃ¼:USB Type-C;QulaqlÄ±q interfeysi:USB Type-C;Batareya nÃ¶vÃ¼:Li-lon;Ã‡Ä±xarÄ±la bilÉ™n batareya:Yox;Akselerometr:Var;Enerji yÄ±ÄŸma gÃ¼cÃ¼:25 Vt;BatareyanÄ±n hÉ™cmi:3692 mAh;Ä°stehsal ili:2025;Barmaq izi oxuyucusu:Yox;""Komplektasiya"": ""iPhone;USB Type C/USB Type C;MÉ™lumat kitabÃ§asÄ±"";Seriya:iPhone 17;ZÉ™manÉ™t:12 ay;Ã‡É™ki:177 qr;ÅÉ™bÉ™kÉ™ standartÄ±:5G;Ekran:6.3\""",0,P100123001,iphone-17-512-gb-lavender_m100123008,#iPhone #17 #512 #GB #Lavender,iPhone 17 512 GB Lavender,Lavender,"https://imagedelivery.net/6xZ2gdbIq4j34kSGM6PEuA/ae48691a-37ac-4027-458d-ce47cbb61000/w=auto,q=auto,f=auto","https://imagedelivery.net/6xZ2gdbIq4j34kSGM6PEuA/7cf87b04-8142-4958-f03d-2441e274ca00/w=auto,q=auto,f=auto;https://imagedelivery.net/6xZ2gdbIq4j34kSGM6PEuA/0cb066c8-dbf4-45bd-12cd-2437d354aa00/w=auto,q=auto,f=auto;https://imagedelivery.net/6xZ2gdbIq4j34kSGM6PEuA/08364560-dc1c-4a26-fbe7-b81767bf5100/w=auto,q=auto,f=auto;https://imagedelivery.net/6xZ2gdbIq4j34kSGM6PEuA/f7fb9b81-1df0-4a22-5f75-16c58824fc00/w=auto,q=auto,f=auto;https://imagedelivery.net/6xZ2gdbIq4j34kSGM6PEuA/c46bc1fe-4734-4d6c-8622-1fbcb7aec500/w=auto,q=auto,f=auto;https://imagedelivery.net/6xZ2gdbIq4j34kSGM6PEuA/4eb0512c-5dfa-422d-87d0-85b3781ee700/w=auto,q=auto,f=auto;https://imagedelivery.net/6xZ2gdbIq4j34kSGM6PEuA/10e49ff4-997d-4812-e5fe-35ca9b912c00/w=auto,q=auto,f=auto;https://imagedelivery.net/6xZ2gdbIq4j34kSGM6PEuA/57f2d2ba-e9f8-4bc8-cd89-0e6c8b913600/w=auto,q=auto,f=auto;https://imagedelivery.net/6xZ2gdbIq4j34kSGM6PEuA/7c95a1e8-8f15-4182-a51c-b667b3ff2900/w=auto,q=auto,f=auto","ğŸ“± iPhone 17

iPhone 17, mÃ¼asir dizaynÄ± vÉ™ gÃ¼clÃ¼ performansÄ± ilÉ™ diqqÉ™t Ã§É™kir. 6.3 dÃ¼ymlÃ¼k Super Retina XDR ekranÄ±, 48MP Dual Fusion arxa kamerasÄ± vÉ™ yeni Center Stage Ã¶n kamerasÄ± ilÉ™ tÉ™chiz olunub. A19 Ã§ipi vÉ™ uzunÃ¶mÃ¼rlÃ¼ batareyasÄ± ilÉ™ gÃ¼ndÉ™lik istifadÉ™ Ã¼Ã§Ã¼n ideal seÃ§imdir.",512 GB,3250,330,V,,,5,50,1,1,1,0,0,0,0
M100123009,1,,,2372.255474,,,"Brend:Apple;Daxili yaddaÅŸ:512 GB;Operativ yaddaÅŸ:8 GB;Æsas kamera:48 MP + 48 MP;Ã–n kamera:18 MP;NÃ¼vÉ™ sayÄ±:6;SIM-kart nÃ¶vÃ¼:Nano SIM + eSIM;SIM-kart sayÄ±:1;Prosessorun adÄ±:Apple;ÆmÉ™liyyat sistemi:iOS;ÆmÉ™liyyat sistemin versiyasÄ±:iOS 26;NFC:Var;Prosessorun nÃ¶vÃ¼:Apple A19;Displey nÃ¶vÃ¼:Super Retina XDR OLED;Simsiz enerji:Var;Ä°nfraqÄ±rmÄ±zÄ± port:Yox;Ãœz tanÄ±ma:Var;SÃ¼rÉ™tli enerji yÄ±ÄŸma:Var;Qorunma dÉ™rÉ™cÉ™si:IP68;GÃ¶rÃ¼ntÃ¼ imkanÄ±:2622 Ã— 1206;Ã–lÃ§Ã¼lÉ™r:149.6 Ã— 71.5 Ã— 7.95 mm;YaddaÅŸ kartÄ± dÉ™stÉ™yi:Yox;Barometr:Var;Giroskop:Var;Ä°ÅŸÄ±q sensoru:Var;YaxÄ±nlaÅŸdÄ±rma sensoru:Var;Optik sabitlÉ™ÅŸmÉ™:Var;Video formatÄ±:4K / 1080p / 720p;Bluetooth versiyasÄ±:6.0;Avtofokus É™sas kamera:Var;""Video icazÉ™si vÉ™ kadr tezliyi"": ""4K - 720p;24-240 kadr/s"";Video asta Ã§É™kiliÅŸ:Var;RÉ™ng:Mist Blue;Enerji toplama nÃ¶vÃ¼:USB Type-C;QulaqlÄ±q interfeysi:USB Type-C;Batareya nÃ¶vÃ¼:Li-lon;Ã‡Ä±xarÄ±la bilÉ™n batareya:Yox;Akselerometr:Var;Enerji yÄ±ÄŸma gÃ¼cÃ¼:25 Vt;BatareyanÄ±n hÉ™cmi:3692 mAh;Ä°stehsal ili:2025;Barmaq izi oxuyucusu:Yox;""Komplektasiya"": ""iPhone;USB Type C/USB Type C;MÉ™lumat kitabÃ§asÄ±"";Seriya:iPhone 17;ZÉ™manÉ™t:12 ay;Ã‡É™ki:177 qr;ÅÉ™bÉ™kÉ™ standartÄ±:5G;Ekran:6.3\""",0,P100123001,iphone-17-512-gb-mist-blue_m100123009,#iPhone #17 #512 #GB #Mist #Blue,iPhone 17 512 GB Mist Blue,Mist Blue,"https://imagedelivery.net/6xZ2gdbIq4j34kSGM6PEuA/38886af0-4cf7-4071-8e29-a334837aff00/w=auto,q=auto,f=auto","https://imagedelivery.net/6xZ2gdbIq4j34kSGM6PEuA/63834301-2397-4941-842b-39ea3dbe9300/w=auto,q=auto,f=auto;https://imagedelivery.net/6xZ2gdbIq4j34kSGM6PEuA/95fcec0a-bf22-4fdb-515b-b0d1eace2200/w=auto,q=auto,f=auto;https://imagedelivery.net/6xZ2gdbIq4j34kSGM6PEuA/35529e1b-474b-430a-3b92-2d608b2cb100/w=auto,q=auto,f=auto;https://imagedelivery.net/6xZ2gdbIq4j34kSGM6PEuA/a4b96d24-e1c7-4289-df4c-b61776d76000/w=auto,q=auto,f=auto;https://imagedelivery.net/6xZ2gdbIq4j34kSGM6PEuA/c5c6e377-f228-44c4-8aab-e71651f23b00/w=auto,q=auto,f=auto;https://imagedelivery.net/6xZ2gdbIq4j34kSGM6PEuA/95de9d4d-f793-4ab5-7095-790f8ca61c00/w=auto,q=auto,f=auto;https://imagedelivery.net/6xZ2gdbIq4j34kSGM6PEuA/2ccc656d-d5c6-49e6-d88a-6841fdaa7c00/w=auto,q=auto,f=auto;https://imagedelivery.net/6xZ2gdbIq4j34kSGM6PEuA/9285d2ff-4884-4e08-b773-a8247a3c2300/w=auto,q=auto,f=auto;https://imagedelivery.net/6xZ2gdbIq4j34kSGM6PEuA/a8d5e4d9-d994-445d-be49-b3304f577000/w=auto,q=auto,f=auto","ğŸ“± iPhone 17

iPhone 17, mÃ¼asir dizaynÄ± vÉ™ gÃ¼clÃ¼ performansÄ± ilÉ™ diqqÉ™t Ã§É™kir. 6.3 dÃ¼ymlÃ¼k Super Retina XDR ekranÄ±, 48MP Dual Fusion arxa kamerasÄ± vÉ™ yeni Center Stage Ã¶n kamerasÄ± ilÉ™ tÉ™chiz olunub. A19 Ã§ipi vÉ™ uzunÃ¶mÃ¼rlÃ¼ batareyasÄ± ilÉ™ gÃ¼ndÉ™lik istifadÉ™ Ã¼Ã§Ã¼n ideal seÃ§imdir.",512 GB,3250,330,V,,,5,50,1,1,1,0,0,0,0
P100123002,1,,100080101,,Apple,1,,1,,,,,,,,,,,,,1,0,,,,,,,,,
M100123010,1,,,2372.255474,,,"Brend:Apple;Daxili yaddaÅŸ:256 GB;Operativ yaddaÅŸ:12 GB;Æsas kamera:48 MP;Ã–n kamera:18 MP;NÃ¼vÉ™ sayÄ±:6;SIM-kart nÃ¶vÃ¼:eSim;SIM-kart sayÄ±:Yox;Prosessorun adÄ±:Apple;ÆmÉ™liyyat sistemi:iOS;ÆmÉ™liyyat sistemin versiyasÄ±:iOS 26;NFC:Var;Prosessorun nÃ¶vÃ¼:Apple A19 Pro;Displey nÃ¶vÃ¼:Super Retina XDR OLED;Simsiz enerji:Var;Ä°nfraqÄ±rmÄ±zÄ± port:Yox;Ãœz tanÄ±ma:Var;SÃ¼rÉ™tli enerji yÄ±ÄŸma:Var;Qorunma dÉ™rÉ™cÉ™si:IP68;GÃ¶rÃ¼ntÃ¼ imkanÄ±:2736 Ã— 1260;Ã–lÃ§Ã¼lÉ™r:156.2 Ã— 74.7 Ã— 5.64 mm;YaddaÅŸ kartÄ± dÉ™stÉ™yi:Yox;Barometr:Var;Giroskop:Var;Ä°ÅŸÄ±q sensoru:Var;YaxÄ±nlaÅŸdÄ±rma sensoru:Var;Optik sabitlÉ™ÅŸmÉ™:Var;Video formatÄ±:4K / 1080p / 720p;Bluetooth versiyasÄ±:6.0;Avtofokus É™sas kamera:Var;""Video icazÉ™si vÉ™ kadr tezliyi"": ""4K - 720p;24-240 kadr/s"";Video asta Ã§É™kiliÅŸ:Var;RÉ™ng:Space Black;Enerji toplama nÃ¶vÃ¼:USB Type-C;QulaqlÄ±q interfeysi:USB Type-C;Batareya nÃ¶vÃ¼:Li-lon;Ã‡Ä±xarÄ±la bilÉ™n batareya:Yox;Akselerometr:Var;Enerji yÄ±ÄŸma gÃ¼cÃ¼:20 Vt;BatareyanÄ±n hÉ™cmi:3149 mAh;Ä°stehsal ili:2025;Barmaq izi oxuyucusu:Yox;""Komplektasiya"": ""iPhone;USB Type C/USB Type C;MÉ™lumat kitabÃ§asÄ±"";Seriya:iPhone Air;ZÉ™manÉ™t:12 ay;Ã‡É™ki:165 qr;ÅÉ™bÉ™kÉ™ standartÄ±:5G;Ekran:6.5\""",0,P100123002,iphone-air-256-gb-space-black_m100123010,#iPhone #Air #256 #GB #Space #Black,iPhone Air 256 GB Space Black,Space Black,"https://imagedelivery.net/6xZ2gdbIq4j34kSGM6PEuA/f3faaf1b-3b97-4068-78e3-115f8ec3ba00/w=auto,q=auto,f=auto","https://imagedelivery.net/6xZ2gdbIq4j34kSGM6PEuA/7335fbad-0dcc-4afc-5e8c-c7a75a61e900/w=auto,q=auto,f=auto;https://imagedelivery.net/6xZ2gdbIq4j34kSGM6PEuA/9223c32a-c940-4cde-d481-eac2f83ad800/w=auto,q=auto,f=auto;https://imagedelivery.net/6xZ2gdbIq4j34kSGM6PEuA/6ec3b18a-5fdc-4fde-1242-457d57b2eb00/w=auto,q=auto,f=auto;https://imagedelivery.net/6xZ2gdbIq4j34kSGM6PEuA/d720d663-5422-40ca-96c3-3fe3cce00c00/w=auto,q=auto,f=auto;https://imagedelivery.net/6xZ2gdbIq4j34kSGM6PEuA/a76206b2-70d8-405a-d09b-53bc8e057e00/w=auto,q=auto,f=auto;https://imagedelivery.net/6xZ2gdbIq4j34kSGM6PEuA/5534fbb4-1c0b-47be-78d6-7570a6378100/w=auto,q=auto,f=auto;https://imagedelivery.net/6xZ2gdbIq4j34kSGM6PEuA/3c2afa38-bd16-408a-3625-3672c6f94100/w=auto,q=auto,f=auto;https://imagedelivery.net/6xZ2gdbIq4j34kSGM6PEuA/c75d5a76-691e-45c4-d5b3-52de2933f100/w=auto,q=auto,f=auto;https://imagedelivery.net/6xZ2gdbIq4j34kSGM6PEuA/baa923c2-b9ef-41e2-67ab-374008e93800/w=auto,q=auto,f=auto","ğŸ“± iPhone 17 Air â€“ Æn yÃ¼ngÃ¼l vÉ™ incÉ™ iPhone

iPhone 17 Air, Apple-Ä±n É™n incÉ™ vÉ™ yÃ¼ngÃ¼l smartfonudur. SadÉ™cÉ™ 5.6 mm qalÄ±nlÄ±ÄŸÄ± vÉ™ 165 qram Ã§É™kisi ilÉ™ É™linizdÉ™ demÉ™k olar ki, yox olur. 6.5 dÃ¼ymlÃ¼k Super Retina XDR ekranÄ± vÉ™ A19 Pro Ã§ipi ilÉ™ gÃ¼clÃ¼ performans tÉ™klif edir. Lakin, tÉ™k obyektivli arxa kamerasÄ± vÉ™ mÉ™hdud batareya Ã¶mrÃ¼ bÉ™zi istifadÉ™Ã§ilÉ™r tÉ™rÉ™findÉ™n tÉ™nqid olunub. Buna baxmayaraq, ultra-incÉ™ dizaynÄ± ilÉ™ diqqÉ™t Ã§É™kir.",256 GB,3249.99,330,V,,,5,50,1,1,1,0,0,0,0
M100123011,1,,,2372.255474,,,"Brend:Apple;Daxili yaddaÅŸ:256 GB;Operativ yaddaÅŸ:12 GB;Æsas kamera:48 MP;Ã–n kamera:18 MP;NÃ¼vÉ™ sayÄ±:6;SIM-kart nÃ¶vÃ¼:eSim;SIM-kart sayÄ±:Yox;Prosessorun adÄ±:Apple;ÆmÉ™liyyat sistemi:iOS;ÆmÉ™liyyat sistemin versiyasÄ±:iOS 26;NFC:Var;Prosessorun nÃ¶vÃ¼:Apple A19 Pro;Displey nÃ¶vÃ¼:Super Retina XDR OLED;Simsiz enerji:Var;Ä°nfraqÄ±rmÄ±zÄ± port:Yox;Ãœz tanÄ±ma:Var;SÃ¼rÉ™tli enerji yÄ±ÄŸma:Var;Qorunma dÉ™rÉ™cÉ™si:IP68;GÃ¶rÃ¼ntÃ¼ imkanÄ±:2736 Ã— 1260;Ã–lÃ§Ã¼lÉ™r:156.2 Ã— 74.7 Ã— 5.64 mm;YaddaÅŸ kartÄ± dÉ™stÉ™yi:Yox;Barometr:Var;Giroskop:Var;Ä°ÅŸÄ±q sensoru:Var;YaxÄ±nlaÅŸdÄ±rma sensoru:Var;Optik sabitlÉ™ÅŸmÉ™:Var;Video formatÄ±:4K / 1080p / 720p;Bluetooth versiyasÄ±:6.0;Avtofokus É™sas kamera:Var;""Video icazÉ™si vÉ™ kadr tezliyi"": ""4K - 720p;24-240 kadr/s"";Video asta Ã§É™kiliÅŸ:Var;RÉ™ng:Cloud White;Enerji toplama nÃ¶vÃ¼:USB Type-C;QulaqlÄ±q interfeysi:USB Type-C;Batareya nÃ¶vÃ¼:Li-lon;Ã‡Ä±xarÄ±la bilÉ™n batareya:Yox;Akselerometr:Var;Enerji yÄ±ÄŸma gÃ¼cÃ¼:20 Vt;BatareyanÄ±n hÉ™cmi:3149 mAh;Ä°stehsal ili:2025;Barmaq izi oxuyucusu:Yox;""Komplektasiya"": ""iPhone;USB Type C/USB Type C;MÉ™lumat kitabÃ§asÄ±"";Seriya:iPhone Air;ZÉ™manÉ™t:12 ay;Ã‡É™ki:165 qr;ÅÉ™bÉ™kÉ™ standartÄ±:5G;Ekran:6.5\""",0,P100123002,iphone-air-256-gb-cloud-white_m100123011,#iPhone #Air #256 #GB #Cloud #White,iPhone Air 256 GB Cloud White,Cloud White,"https://imagedelivery.net/6xZ2gdbIq4j34kSGM6PEuA/b5d7fb05-ce06-48b8-4679-b0e4a9eb1c00/w=auto,q=auto,f=auto","https://imagedelivery.net/6xZ2gdbIq4j34kSGM6PEuA/93f9c852-6005-4ce3-3794-6b00a79e5400/w=auto,q=auto,f=auto;https://imagedelivery.net/6xZ2gdbIq4j34kSGM6PEuA/0b5c3a57-e1d7-4370-051a-cf12995a6100/w=auto,q=auto,f=auto;https://imagedelivery.net/6xZ2gdbIq4j34kSGM6PEuA/a072a0a2-574d-4a5d-1b13-b1b6038c3c00/w=auto,q=auto,f=auto;https://imagedelivery.net/6xZ2gdbIq4j34kSGM6PEuA/07116a59-2270-445a-90dd-d5be0516ee00/w=auto,q=auto,f=auto;https://imagedelivery.net/6xZ2gdbIq4j34kSGM6PEuA/8561a48d-781c-4e7a-9a02-686ea3a66400/w=auto,q=auto,f=auto;https://imagedelivery.net/6xZ2gdbIq4j34kSGM6PEuA/dd8447ef-c5ee-4253-08c5-ead15b927f00/w=auto,q=auto,f=auto;https://imagedelivery.net/6xZ2gdbIq4j34kSGM6PEuA/4b23e252-a61a-4bc0-c9e7-602ec254d600/w=auto,q=auto,f=auto;https://imagedelivery.net/6xZ2gdbIq4j34kSGM6PEuA/94caa51c-f0b3-48c8-5b1b-d9f801650200/w=auto,q=auto,f=auto;https://imagedelivery.net/6xZ2gdbIq4j34kSGM6PEuA/0f0e8472-5efc-4b68-32d7-814a67e32600/w=auto,q=auto,f=auto","ğŸ“± iPhone 17 Air â€“ Æn yÃ¼ngÃ¼l vÉ™ incÉ™ iPhone

iPhone 17 Air, Apple-Ä±n É™n incÉ™ vÉ™ yÃ¼ngÃ¼l smartfonudur. SadÉ™cÉ™ 5.6 mm qalÄ±nlÄ±ÄŸÄ± vÉ™ 165 qram Ã§É™kisi ilÉ™ É™linizdÉ™ demÉ™k olar ki, yox olur. 6.5 dÃ¼ymlÃ¼k Super Retina XDR ekranÄ± vÉ™ A19 Pro Ã§ipi ilÉ™ gÃ¼clÃ¼ performans tÉ™klif edir. Lakin, tÉ™k obyektivli arxa kamerasÄ± vÉ™ mÉ™hdud batareya Ã¶mrÃ¼ bÉ™zi istifadÉ™Ã§ilÉ™r tÉ™rÉ™findÉ™n tÉ™nqid olunub. Buna baxmayaraq, ultra-incÉ™ dizaynÄ± ilÉ™ diqqÉ™t Ã§É™kir.",256 GB,3249.99,330,V,,,5,50,1,1,1,0,0,0,0
M100123012,1,,,2372.255474,,,"Brend:Apple;Daxili yaddaÅŸ:256 GB;Operativ yaddaÅŸ:12 GB;Æsas kamera:48 MP;Ã–n kamera:18 MP;NÃ¼vÉ™ sayÄ±:6;SIM-kart nÃ¶vÃ¼:eSim;SIM-kart sayÄ±:Yox;Prosessorun adÄ±:Apple;ÆmÉ™liyyat sistemi:iOS;ÆmÉ™liyyat sistemin versiyasÄ±:iOS 26;NFC:Var;Prosessorun nÃ¶vÃ¼:Apple A19 Pro;Displey nÃ¶vÃ¼:Super Retina XDR OLED;Simsiz enerji:Var;Ä°nfraqÄ±rmÄ±zÄ± port:Yox;Ãœz tanÄ±ma:Var;SÃ¼rÉ™tli enerji yÄ±ÄŸma:Var;Qorunma dÉ™rÉ™cÉ™si:IP68;GÃ¶rÃ¼ntÃ¼ imkanÄ±:2736 Ã— 1260;Ã–lÃ§Ã¼lÉ™r:156.2 Ã— 74.7 Ã— 5.64 mm;YaddaÅŸ kartÄ± dÉ™stÉ™yi:Yox;Barometr:Var;Giroskop:Var;Ä°ÅŸÄ±q sensoru:Var;YaxÄ±nlaÅŸdÄ±rma sensoru:Var;Optik sabitlÉ™ÅŸmÉ™:Var;Video formatÄ±:4K / 1080p / 720p;Bluetooth versiyasÄ±:6.0;Avtofokus É™sas kamera:Var;""Video icazÉ™si vÉ™ kadr tezliyi"": ""4K - 720p;24-240 kadr/s"";Video asta Ã§É™kiliÅŸ:Var;RÉ™ng:Sky Blue;Enerji toplama nÃ¶vÃ¼:USB Type-C;QulaqlÄ±q interfeysi:USB Type-C;Batareya nÃ¶vÃ¼:Li-lon;Ã‡Ä±xarÄ±la bilÉ™n batareya:Yox;Akselerometr:Var;Enerji yÄ±ÄŸma gÃ¼cÃ¼:20 Vt;BatareyanÄ±n hÉ™cmi:3149 mAh;Ä°stehsal ili:2025;Barmaq izi oxuyucusu:Yox;""Komplektasiya"": ""iPhone;USB Type C/USB Type C;MÉ™lumat kitabÃ§asÄ±"";Seriya:iPhone Air;ZÉ™manÉ™t:12 ay;Ã‡É™ki:165 qr;ÅÉ™bÉ™kÉ™ standartÄ±:5G;Ekran:6.5\""",0,P100123002,iphone-air-256-gb-sky-blue_m100123012,#iPhone #Air #256 #GB #Sky #Blue,iPhone Air 256 GB Sky Blue,Sky Blue,"https://imagedelivery.net/6xZ2gdbIq4j34kSGM6PEuA/8c352a27-3fca-40fb-e346-3196f6162b00/w=auto,q=auto,f=auto","https://imagedelivery.net/6xZ2gdbIq4j34kSGM6PEuA/66ea83c7-b9a8-42a1-62b8-26a88d8b0400/w=auto,q=auto,f=auto;https://imagedelivery.net/6xZ2gdbIq4j34kSGM6PEuA/7917a3f8-d596-4195-e12d-26fea6131700/w=auto,q=auto,f=auto;https://imagedelivery.net/6xZ2gdbIq4j34kSGM6PEuA/e522b6d7-c25b-45b0-9d39-5d0781a6a200/w=auto,q=auto,f=auto;https://imagedelivery.net/6xZ2gdbIq4j34kSGM6PEuA/e27d8b1a-011f-41bc-c241-1e7e44d78200/w=auto,q=auto,f=auto;https://imagedelivery.net/6xZ2gdbIq4j34kSGM6PEuA/536cfb35-aacc-4e1b-6c4c-d4d537df3c00/w=auto,q=auto,f=auto;https://imagedelivery.net/6xZ2gdbIq4j34kSGM6PEuA/f7b86a58-370a-4920-6bb1-c6d23fa88700/w=auto,q=auto,f=auto;https://imagedelivery.net/6xZ2gdbIq4j34kSGM6PEuA/7ae264c7-7101-4b29-d2f0-177a605ab300/w=auto,q=auto,f=auto;https://imagedelivery.net/6xZ2gdbIq4j34kSGM6PEuA/fcc3b5de-3b0b-4677-36b0-884ca00d8200/w=auto,q=auto,f=auto;https://imagedelivery.net/6xZ2gdbIq4j34kSGM6PEuA/f26d433b-f699-4f1c-d43f-f4c75426ad00/w=auto,q=auto,f=auto","ğŸ“± iPhone 17 Air â€“ Æn yÃ¼ngÃ¼l vÉ™ incÉ™ iPhone

iPhone 17 Air, Apple-Ä±n É™n incÉ™ vÉ™ yÃ¼ngÃ¼l smartfonudur. SadÉ™cÉ™ 5.6 mm qalÄ±nlÄ±ÄŸÄ± vÉ™ 165 qram Ã§É™kisi ilÉ™ É™linizdÉ™ demÉ™k olar ki, yox olur. 6.5 dÃ¼ymlÃ¼k Super Retina XDR ekranÄ± vÉ™ A19 Pro Ã§ipi ilÉ™ gÃ¼clÃ¼ performans tÉ™klif edir. Lakin, tÉ™k obyektivli arxa kamerasÄ± vÉ™ mÉ™hdud batareya Ã¶mrÃ¼ bÉ™zi istifadÉ™Ã§ilÉ™r tÉ™rÉ™findÉ™n tÉ™nqid olunub. Buna baxmayaraq, ultra-incÉ™ dizaynÄ± ilÉ™ diqqÉ™t Ã§É™kir.",256 GB,3249.99,330,V,,,5,50,1,1,1,0,0,0,0
M100123013,1,,,2372.255474,,,"Brend:Apple;Daxili yaddaÅŸ:256 GB;Operativ yaddaÅŸ:12 GB;Æsas kamera:48 MP;Ã–n kamera:18 MP;NÃ¼vÉ™ sayÄ±:6;SIM-kart nÃ¶vÃ¼:eSim;SIM-kart sayÄ±:Yox;Prosessorun adÄ±:Apple;ÆmÉ™liyyat sistemi:iOS;ÆmÉ™liyyat sistemin versiyasÄ±:iOS 26;NFC:Var;Prosessorun nÃ¶vÃ¼:Apple A19 Pro;Displey nÃ¶vÃ¼:Super Retina XDR OLED;Simsiz enerji:Var;Ä°nfraqÄ±rmÄ±zÄ± port:Yox;Ãœz tanÄ±ma:Var;SÃ¼rÉ™tli enerji yÄ±ÄŸma:Var;Qorunma dÉ™rÉ™cÉ™si:IP68;GÃ¶rÃ¼ntÃ¼ imkanÄ±:2736 Ã— 1260;Ã–lÃ§Ã¼lÉ™r:156.2 Ã— 74.7 Ã— 5.64 mm;YaddaÅŸ kartÄ± dÉ™stÉ™yi:Yox;Barometr:Var;Giroskop:Var;Ä°ÅŸÄ±q sensoru:Var;YaxÄ±nlaÅŸdÄ±rma sensoru:Var;Optik sabitlÉ™ÅŸmÉ™:Var;Video formatÄ±:4K / 1080p / 720p;Bluetooth versiyasÄ±:6.0;Avtofokus É™sas kamera:Var;""Video icazÉ™si vÉ™ kadr tezliyi"": ""4K - 720p;24-240 kadr/s"";Video asta Ã§É™kiliÅŸ:Var;RÉ™ng:Light Gold;Enerji toplama nÃ¶vÃ¼:USB Type-C;QulaqlÄ±q interfeysi:USB Type-C;Batareya nÃ¶vÃ¼:Li-lon;Ã‡Ä±xarÄ±la bilÉ™n batareya:Yox;Akselerometr:Var;Enerji yÄ±ÄŸma gÃ¼cÃ¼:20 Vt;BatareyanÄ±n hÉ™cmi:3149 mAh;Ä°stehsal ili:2025;Barmaq izi oxuyucusu:Yox;""Komplektasiya"": ""iPhone;USB Type C/USB Type C;MÉ™lumat kitabÃ§asÄ±"";Seriya:iPhone Air;ZÉ™manÉ™t:12 ay;Ã‡É™ki:165 qr;ÅÉ™bÉ™kÉ™ standartÄ±:5G;Ekran:6.5\""",0,P100123002,iphone-air-256-gb-light-gold_m100123013,#iPhone #Air #256 #GB #Light #Gold,iPhone Air 256 GB Light Gold,Light Gold,"https://imagedelivery.net/6xZ2gdbIq4j34kSGM6PEuA/ecc15646-aaa0-4976-4d26-365f5381ec00/w=auto,q=auto,f=auto","https://imagedelivery.net/6xZ2gdbIq4j34kSGM6PEuA/48f066d3-473c-4f72-66ae-311207ca6e00/w=auto,q=auto,f=auto;https://imagedelivery.net/6xZ2gdbIq4j34kSGM6PEuA/da58fa19-ba24-4062-b670-c93c14f9f300/w=auto,q=auto,f=auto;https://imagedelivery.net/6xZ2gdbIq4j34kSGM6PEuA/63ef8df5-4d15-483e-57a8-3f30e742c700/w=auto,q=auto,f=auto;https://imagedelivery.net/6xZ2gdbIq4j34kSGM6PEuA/740f474b-cd8d-40ba-373d-4c4dbd0a5500/w=auto,q=auto,f=auto;https://imagedelivery.net/6xZ2gdbIq4j34kSGM6PEuA/a7d5515f-3637-4732-2d99-3ef2ced6eb00/w=auto,q=auto,f=auto;https://imagedelivery.net/6xZ2gdbIq4j34kSGM6PEuA/488501aa-41ff-4ce4-63bb-6373acc06400/w=auto,q=auto,f=auto;https://imagedelivery.net/6xZ2gdbIq4j34kSGM6PEuA/ad9a3fa8-39a8-40e1-2471-5530799f7300/w=auto,q=auto,f=auto;https://imagedelivery.net/6xZ2gdbIq4j34kSGM6PEuA/4d4a532b-569d-4fb7-54ea-0e6b79e30700/w=auto,q=auto,f=auto;https://imagedelivery.net/6xZ2gdbIq4j34kSGM6PEuA/360628fe-bbc6-455f-11c0-998498daf200/w=auto,q=auto,f=auto","ğŸ“± iPhone 17 Air â€“ Æn yÃ¼ngÃ¼l vÉ™ incÉ™ iPhone

iPhone 17 Air, Apple-Ä±n É™n incÉ™ vÉ™ yÃ¼ngÃ¼l smartfonudur. SadÉ™cÉ™ 5.6 mm qalÄ±nlÄ±ÄŸÄ± vÉ™ 165 qram Ã§É™kisi ilÉ™ É™linizdÉ™ demÉ™k olar ki, yox olur. 6.5 dÃ¼ymlÃ¼k Super Retina XDR ekranÄ± vÉ™ A19 Pro Ã§ipi ilÉ™ gÃ¼clÃ¼ performans tÉ™klif edir. Lakin, tÉ™k obyektivli arxa kamerasÄ± vÉ™ mÉ™hdud batareya Ã¶mrÃ¼ bÉ™zi istifadÉ™Ã§ilÉ™r tÉ™rÉ™findÉ™n tÉ™nqid olunub. Buna baxmayaraq, ultra-incÉ™ dizaynÄ± ilÉ™ diqqÉ™t Ã§É™kir.",256 GB,3249.99,330,V,,,5,50,1,1,1,0,0,0,0
M100123014,1,,,2773.715328,,,"Brend:Apple;Daxili yaddaÅŸ:512 GB;Operativ yaddaÅŸ:12 GB;Æsas kamera:48 MP;Ã–n kamera:18 MP;NÃ¼vÉ™ sayÄ±:6;SIM-kart nÃ¶vÃ¼:eSim;SIM-kart sayÄ±:Yox;Prosessorun adÄ±:Apple;ÆmÉ™liyyat sistemi:iOS;ÆmÉ™liyyat sistemin versiyasÄ±:iOS 26;NFC:Var;Prosessorun nÃ¶vÃ¼:Apple A19 Pro;Displey nÃ¶vÃ¼:Super Retina XDR OLED;Simsiz enerji:Var;Ä°nfraqÄ±rmÄ±zÄ± port:Yox;Ãœz tanÄ±ma:Var;SÃ¼rÉ™tli enerji yÄ±ÄŸma:Var;Qorunma dÉ™rÉ™cÉ™si:IP68;GÃ¶rÃ¼ntÃ¼ imkanÄ±:2736 Ã— 1260;Ã–lÃ§Ã¼lÉ™r:156.2 Ã— 74.7 Ã— 5.64 mm;YaddaÅŸ kartÄ± dÉ™stÉ™yi:Yox;Barometr:Var;Giroskop:Var;Ä°ÅŸÄ±q sensoru:Var;YaxÄ±nlaÅŸdÄ±rma sensoru:Var;Optik sabitlÉ™ÅŸmÉ™:Var;Video formatÄ±:4K / 1080p / 720p;Bluetooth versiyasÄ±:6.0;Avtofokus É™sas kamera:Var;""Video icazÉ™si vÉ™ kadr tezliyi"": ""4K - 720p;24-240 kadr/s"";Video asta Ã§É™kiliÅŸ:Var;RÉ™ng:Space Black;Enerji toplama nÃ¶vÃ¼:USB Type-C;QulaqlÄ±q interfeysi:USB Type-C;Batareya nÃ¶vÃ¼:Li-lon;Ã‡Ä±xarÄ±la bilÉ™n batareya:Yox;Akselerometr:Var;Enerji yÄ±ÄŸma gÃ¼cÃ¼:20 Vt;BatareyanÄ±n hÉ™cmi:3149 mAh;Ä°stehsal ili:2025;Barmaq izi oxuyucusu:Yox;""Komplektasiya"": ""iPhone;USB Type C/USB Type C;MÉ™lumat kitabÃ§asÄ±"";Seriya:iPhone Air;ZÉ™manÉ™t:12 ay;Ã‡É™ki:165 qr;ÅÉ™bÉ™kÉ™ standartÄ±:5G;Ekran:6.5\""",0,P100123002,iphone-air-512-gb-space-black_m100123014,#iPhone #Air #512 #GB #Space #Black,iPhone Air 512 GB Space Black,Space Black,"https://imagedelivery.net/6xZ2gdbIq4j34kSGM6PEuA/b1ed483a-4977-471e-af4b-4c9259079300/w=auto,q=auto,f=auto","https://imagedelivery.net/6xZ2gdbIq4j34kSGM6PEuA/c9d8be0a-c536-4003-21ab-8270cd91eb00/w=auto,q=auto,f=auto;https://imagedelivery.net/6xZ2gdbIq4j34kSGM6PEuA/fc6d1a85-e9db-4b6c-f212-586397df0200/w=auto,q=auto,f=auto;https://imagedelivery.net/6xZ2gdbIq4j34kSGM6PEuA/90c8dda8-5c38-4693-f029-a9eefb2ff200/w=auto,q=auto,f=auto;https://imagedelivery.net/6xZ2gdbIq4j34kSGM6PEuA/12576c9c-f597-4159-28b7-c873f826d800/w=auto,q=auto,f=auto;https://imagedelivery.net/6xZ2gdbIq4j34kSGM6PEuA/28098e88-d66f-4fb1-9605-c3728e17d000/w=auto,q=auto,f=auto;https://imagedelivery.net/6xZ2gdbIq4j34kSGM6PEuA/e24a7310-89b3-47ba-cdc6-00a3fc3ad600/w=auto,q=auto,f=auto;https://imagedelivery.net/6xZ2gdbIq4j34kSGM6PEuA/03bdf5e7-a010-49dc-5f50-8dc21849f500/w=auto,q=auto,f=auto;https://imagedelivery.net/6xZ2gdbIq4j34kSGM6PEuA/3e77a5db-3f5e-4746-2f2b-f4c57a954400/w=auto,q=auto,f=auto;https://imagedelivery.net/6xZ2gdbIq4j34kSGM6PEuA/85839cdc-22f9-4510-b324-b812ad4dd500/w=auto,q=auto,f=auto","ğŸ“± iPhone 17 Air â€“ Æn yÃ¼ngÃ¼l vÉ™ incÉ™ iPhone

iPhone 17 Air, Apple-Ä±n É™n incÉ™ vÉ™ yÃ¼ngÃ¼l smartfonudur. SadÉ™cÉ™ 5.6 mm qalÄ±nlÄ±ÄŸÄ± vÉ™ 165 qram Ã§É™kisi ilÉ™ É™linizdÉ™ demÉ™k olar ki, yox olur. 6.5 dÃ¼ymlÃ¼k Super Retina XDR ekranÄ± vÉ™ A19 Pro Ã§ipi ilÉ™ gÃ¼clÃ¼ performans tÉ™klif edir. Lakin, tÉ™k obyektivli arxa kamerasÄ± vÉ™ mÉ™hdud batareya Ã¶mrÃ¼ bÉ™zi istifadÉ™Ã§ilÉ™r tÉ™rÉ™findÉ™n tÉ™nqid olunub. Buna baxmayaraq, ultra-incÉ™ dizaynÄ± ilÉ™ diqqÉ™t Ã§É™kir.",512 GB,3799.99,300,V,,,5,50,1,1,1,0,0,0,0
M100123015,1,,,2773.715328,,,"Brend:Apple;Daxili yaddaÅŸ:512 GB;Operativ yaddaÅŸ:12 GB;Æsas kamera:48 MP;Ã–n kamera:18 MP;NÃ¼vÉ™ sayÄ±:6;SIM-kart nÃ¶vÃ¼:eSim;SIM-kart sayÄ±:Yox;Prosessorun adÄ±:Apple;ÆmÉ™liyyat sistemi:iOS;ÆmÉ™liyyat sistemin versiyasÄ±:iOS 26;NFC:Var;Prosessorun nÃ¶vÃ¼:Apple A19 Pro;Displey nÃ¶vÃ¼:Super Retina XDR OLED;Simsiz enerji:Var;Ä°nfraqÄ±rmÄ±zÄ± port:Yox;Ãœz tanÄ±ma:Var;SÃ¼rÉ™tli enerji yÄ±ÄŸma:Var;Qorunma dÉ™rÉ™cÉ™si:IP68;GÃ¶rÃ¼ntÃ¼ imkanÄ±:2736 Ã— 1260;Ã–lÃ§Ã¼lÉ™r:156.2 Ã— 74.7 Ã— 5.64 mm;YaddaÅŸ kartÄ± dÉ™stÉ™yi:Yox;Barometr:Var;Giroskop:Var;Ä°ÅŸÄ±q sensoru:Var;YaxÄ±nlaÅŸdÄ±rma sensoru:Var;Optik sabitlÉ™ÅŸmÉ™:Var;Video formatÄ±:4K / 1080p / 720p;Bluetooth versiyasÄ±:6.0;Avtofokus É™sas kamera:Var;""Video icazÉ™si vÉ™ kadr tezliyi"": ""4K - 720p;24-240 kadr/s"";Video asta Ã§É™kiliÅŸ:Var;RÉ™ng:Sky Blue;Enerji toplama nÃ¶vÃ¼:USB Type-C;QulaqlÄ±q interfeysi:USB Type-C;Batareya nÃ¶vÃ¼:Li-lon;Ã‡Ä±xarÄ±la bilÉ™n batareya:Yox;Akselerometr:Var;Enerji yÄ±ÄŸma gÃ¼cÃ¼:20 Vt;BatareyanÄ±n hÉ™cmi:3149 mAh;Ä°stehsal ili:2025;Barmaq izi oxuyucusu:Yox;""Komplektasiya"": ""iPhone;USB Type C/USB Type C;MÉ™lumat kitabÃ§asÄ±"";Seriya:iPhone Air;ZÉ™manÉ™t:12 ay;Ã‡É™ki:165 qr;ÅÉ™bÉ™kÉ™ standartÄ±:5G;Ekran:6.5\""",0,P100123002,iphone-air-512-gb-sky-blue_m100123015,#iPhone #Air #512 #GB #Sky #Blue,iPhone Air 512 GB Sky Blue,Sky Blue,"https://imagedelivery.net/6xZ2gdbIq4j34kSGM6PEuA/5f5be779-dd94-4a2b-80a9-b1ec9643be00/w=auto,q=auto,f=auto","https://imagedelivery.net/6xZ2gdbIq4j34kSGM6PEuA/1fdc1d96-e092-4e1d-6828-e4a2d30a0f00/w=auto,q=auto,f=auto;https://imagedelivery.net/6xZ2gdbIq4j34kSGM6PEuA/ac183ddd-966f-4f43-436a-1f7fafa64e00/w=auto,q=auto,f=auto;https://imagedelivery.net/6xZ2gdbIq4j34kSGM6PEuA/6586c108-16ef-4f99-4a7f-d944f0d0a800/w=auto,q=auto,f=auto;https://imagedelivery.net/6xZ2gdbIq4j34kSGM6PEuA/ffd12a0a-eed6-437f-5697-c6fedefb0300/w=auto,q=auto,f=auto;https://imagedelivery.net/6xZ2gdbIq4j34kSGM6PEuA/c789aa75-235e-4cae-2f51-de0147bf4c00/w=auto,q=auto,f=auto;https://imagedelivery.net/6xZ2gdbIq4j34kSGM6PEuA/edf693ac-3124-4c58-96a2-a3f147e13700/w=auto,q=auto,f=auto;https://imagedelivery.net/6xZ2gdbIq4j34kSGM6PEuA/56730468-d463-4ddb-5b2a-7b5ead206000/w=auto,q=auto,f=auto;https://imagedelivery.net/6xZ2gdbIq4j34kSGM6PEuA/e80be33b-19b4-47fb-e52f-4b7c43f00e00/w=auto,q=auto,f=auto;https://imagedelivery.net/6xZ2gdbIq4j34kSGM6PEuA/ab337215-de8b-44d1-7cb1-b575e29e8b00/w=auto,q=auto,f=auto","ğŸ“± iPhone 17 Air â€“ Æn yÃ¼ngÃ¼l vÉ™ incÉ™ iPhone

iPhone 17 Air, Apple-Ä±n É™n incÉ™ vÉ™ yÃ¼ngÃ¼l smartfonudur. SadÉ™cÉ™ 5.6 mm qalÄ±nlÄ±ÄŸÄ± vÉ™ 165 qram Ã§É™kisi ilÉ™ É™linizdÉ™ demÉ™k olar ki, yox olur. 6.5 dÃ¼ymlÃ¼k Super Retina XDR ekranÄ± vÉ™ A19 Pro Ã§ipi ilÉ™ gÃ¼clÃ¼ performans tÉ™klif edir. Lakin, tÉ™k obyektivli arxa kamerasÄ± vÉ™ mÉ™hdud batareya Ã¶mrÃ¼ bÉ™zi istifadÉ™Ã§ilÉ™r tÉ™rÉ™findÉ™n tÉ™nqid olunub. Buna baxmayaraq, ultra-incÉ™ dizaynÄ± ilÉ™ diqqÉ™t Ã§É™kir.",512 GB,3799.99,300,V,,,5,50,1,1,1,0,0,0,0
P100123003,1,,100080101,,Apple,1,,1,,,,,,,,,,,,,1,0,,,,,,,,,
M100123016,1,,,2627.729927,,,"Brend:Apple;Daxili yaddaÅŸ:256 GB;Operativ yaddaÅŸ:12 GB;Æsas kamera:48 MP + 48 MP + 48 MP;Ã–n kamera:18 MP;NÃ¼vÉ™ sayÄ±:6;SIM-kart nÃ¶vÃ¼:Nano SIM + eSIM;SIM-kart sayÄ±:1;Prosessorun adÄ±:Apple;ÆmÉ™liyyat sistemi:iOS;ÆmÉ™liyyat sistemin versiyasÄ±:iOS 26;NFC:Var;Prosessorun nÃ¶vÃ¼:Apple A19 Pro;Displey nÃ¶vÃ¼:Super Retina XDR OLED;Simsiz enerji:Var;Ä°nfraqÄ±rmÄ±zÄ± port:Yox;Ãœz tanÄ±ma:Var;SÃ¼rÉ™tli enerji yÄ±ÄŸma:Var;Qorunma dÉ™rÉ™cÉ™si:IP68;GÃ¶rÃ¼ntÃ¼ imkanÄ±:2622 Ã— 1206;Ã–lÃ§Ã¼lÉ™r:150 Ã— 71.9 Ã— 8.75 mm;YaddaÅŸ kartÄ± dÉ™stÉ™yi:Yox;Barometr:Var;Giroskop:Var;Ä°ÅŸÄ±q sensoru:Var;YaxÄ±nlaÅŸdÄ±rma sensoru:Var;Optik sabitlÉ™ÅŸmÉ™:Var;Video formatÄ±:4K / 1080p / 720p;Bluetooth versiyasÄ±:6.0;Avtofokus É™sas kamera:Var;""Video icazÉ™si vÉ™ kadr tezliyi"": ""4K - 720p;24-240 kadr/s"";Video asta Ã§É™kiliÅŸ:Var;RÉ™ng:Silver;Enerji toplama nÃ¶vÃ¼:USB Type-C;QulaqlÄ±q interfeysi:USB Type-C;Batareya nÃ¶vÃ¼:Li-lon;Ã‡Ä±xarÄ±la bilÉ™n batareya:Yox;Akselerometr:Var;Enerji yÄ±ÄŸma gÃ¼cÃ¼:25 Vt;BatareyanÄ±n hÉ™cmi:3988Â mAh;Ä°stehsal ili:2025;Barmaq izi oxuyucusu:Yox;""Komplektasiya"": ""iPhone;USB Type C/USB Type C;MÉ™lumat kitabÃ§asÄ±"";Seriya:iPhone 17 Pro;ZÉ™manÉ™t:12 ay;Ã‡É™ki:206 qr;ÅÉ™bÉ™kÉ™ standartÄ±:5G;Ekran:6.3\""",0,P100123003,iphone-17-pro-256-gb-silver_m100123016,#iPhone #17 #Pro #256 #GB #Silver,iPhone 17 Pro 256 GB Silver,Silver,"https://imagedelivery.net/6xZ2gdbIq4j34kSGM6PEuA/c0fd77dd-d238-4f73-1ae5-acdb0c118b00/w=auto,q=auto,f=auto","https://imagedelivery.net/6xZ2gdbIq4j34kSGM6PEuA/cf1f0de0-789d-4ca6-5be6-793f4ae53500/w=auto,q=auto,f=auto;https://imagedelivery.net/6xZ2gdbIq4j34kSGM6PEuA/8ffeaf5c-8237-4ef2-cfd9-3da82d2c3500/w=auto,q=auto,f=auto;https://imagedelivery.net/6xZ2gdbIq4j34kSGM6PEuA/7b847906-a923-4762-d7f4-bf7025393d00/w=auto,q=auto,f=auto;https://imagedelivery.net/6xZ2gdbIq4j34kSGM6PEuA/c762fed2-a9d0-46aa-fc69-fa18a7bda100/w=auto,q=auto,f=auto;https://imagedelivery.net/6xZ2gdbIq4j34kSGM6PEuA/83bd7b0a-f1c6-4ea5-e4f1-d33f7016fb00/w=auto,q=auto,f=auto;https://imagedelivery.net/6xZ2gdbIq4j34kSGM6PEuA/1a62a5bc-2d64-4cf1-df1b-67349e5ea900/w=auto,q=auto,f=auto;https://imagedelivery.net/6xZ2gdbIq4j34kSGM6PEuA/e7e72fc3-a186-4c68-91c5-cb10aa12dc00/w=auto,q=auto,f=auto;https://imagedelivery.net/6xZ2gdbIq4j34kSGM6PEuA/757ebaa6-6725-4f75-9fe6-29a08028b500/w=auto,q=auto,f=auto;https://imagedelivery.net/6xZ2gdbIq4j34kSGM6PEuA/4df65f18-35f8-4239-9c81-f6dc287e1100/w=auto,q=auto,f=auto","ğŸ“¸ iPhone 17 Pro â€“ PeÅŸÉ™kar performans vÉ™ kamera tÉ™crÃ¼bÉ™si

iPhone 17 Pro, A19 Pro Ã§ipi ilÉ™ gÃ¼clÃ¼ performans vÉ™ uzun batareya Ã¶mrÃ¼ tÉ™klif edir. 6.3 dÃ¼ymlÃ¼k Super Retina XDR ekranÄ± vÉ™ 48 MP Pro Fusion Ã¼Ã§lÃ¼ kamera sistemi ilÉ™ mÃ¼kÉ™mmÉ™l foto vÉ™ video Ã§É™kiliÅŸlÉ™ri tÉ™min edir. Yeni Center Stage Ã¶n kamerasÄ± ilÉ™ daha aÄŸÄ±llÄ± qrup selfilÉ™ri vÉ™ Dual Capture video funksiyasÄ± É™lavÉ™ edilib. AlÃ¼minium unibody dizaynÄ± ilÉ™ hÉ™m davamlÄ±, hÉ™m dÉ™ zÉ™rif gÃ¶rÃ¼nÃ¼r.",256 GB,3599.99,390,V,,,5,50,1,1,1,0,0,0,0
M100123017,1,,,2627.729927,,,"Brend:Apple;Daxili yaddaÅŸ:256 GB;Operativ yaddaÅŸ:12 GB;Æsas kamera:48 MP + 48 MP + 48 MP;Ã–n kamera:18 MP;NÃ¼vÉ™ sayÄ±:6;SIM-kart nÃ¶vÃ¼:Nano SIM + eSIM;SIM-kart sayÄ±:1;Prosessorun adÄ±:Apple;ÆmÉ™liyyat sistemi:iOS;ÆmÉ™liyyat sistemin versiyasÄ±:iOS 26;NFC:Var;Prosessorun nÃ¶vÃ¼:Apple A19 Pro;Displey nÃ¶vÃ¼:Super Retina XDR OLED;Simsiz enerji:Var;Ä°nfraqÄ±rmÄ±zÄ± port:Yox;Ãœz tanÄ±ma:Var;SÃ¼rÉ™tli enerji yÄ±ÄŸma:Var;Qorunma dÉ™rÉ™cÉ™si:IP68;GÃ¶rÃ¼ntÃ¼ imkanÄ±:2622 Ã— 1206;Ã–lÃ§Ã¼lÉ™r:150 Ã— 71.9 Ã— 8.75 mm;YaddaÅŸ kartÄ± dÉ™stÉ™yi:Yox;Barometr:Var;Giroskop:Var;Ä°ÅŸÄ±q sensoru:Var;YaxÄ±nlaÅŸdÄ±rma sensoru:Var;Optik sabitlÉ™ÅŸmÉ™:Var;Video formatÄ±:4K / 1080p / 720p;Bluetooth versiyasÄ±:6.0;Avtofokus É™sas kamera:Var;""Video icazÉ™si vÉ™ kadr tezliyi"": ""4K - 720p;24-240 kadr/s"";Video asta Ã§É™kiliÅŸ:Var;RÉ™ng:Deep Blue;Enerji toplama nÃ¶vÃ¼:USB Type-C;QulaqlÄ±q interfeysi:USB Type-C;Batareya nÃ¶vÃ¼:Li-lon;Ã‡Ä±xarÄ±la bilÉ™n batareya:Yox;Akselerometr:Var;Enerji yÄ±ÄŸma gÃ¼cÃ¼:25 Vt;BatareyanÄ±n hÉ™cmi:3988Â mAh;Ä°stehsal ili:2025;Barmaq izi oxuyucusu:Yox;""Komplektasiya"": ""iPhone;USB Type C/USB Type C;MÉ™lumat kitabÃ§asÄ±"";Seriya:iPhone 17 Pro;ZÉ™manÉ™t:12 ay;Ã‡É™ki:206 qr;ÅÉ™bÉ™kÉ™ standartÄ±:5G;Ekran:6.3\""",0,P100123003,iphone-17-pro-256-gb-deep-blue_m100123017,#iPhone #17 #Pro #256 #GB #Deep #Blue,iPhone 17 Pro 256 GB Deep Blue,Deep Blue,"https://imagedelivery.net/6xZ2gdbIq4j34kSGM6PEuA/9a1fd96f-6b2c-4d4e-fcf4-5a378bbdc200/w=auto,q=auto,f=auto","https://imagedelivery.net/6xZ2gdbIq4j34kSGM6PEuA/0a8eacb5-62bb-4ac8-701d-84cc4dc88900/w=auto,q=auto,f=auto;https://imagedelivery.net/6xZ2gdbIq4j34kSGM6PEuA/507a97fa-f111-422f-68a6-6245b3d8bc00/w=auto,q=auto,f=auto;https://imagedelivery.net/6xZ2gdbIq4j34kSGM6PEuA/084cd7bf-3e6c-4df9-96ba-ef18f4c95900/w=auto,q=auto,f=auto;https://imagedelivery.net/6xZ2gdbIq4j34kSGM6PEuA/9e6fe2b9-7bab-4c5b-863d-ad4f65292c00/w=auto,q=auto,f=auto;https://imagedelivery.net/6xZ2gdbIq4j34kSGM6PEuA/07b24a99-a6c0-4ea1-dee4-daf92366cb00/w=auto,q=auto,f=auto;https://imagedelivery.net/6xZ2gdbIq4j34kSGM6PEuA/2bb782a3-242d-44bf-7366-e1142e2edd00/w=auto,q=auto,f=auto;https://imagedelivery.net/6xZ2gdbIq4j34kSGM6PEuA/ac3d8cb2-06a7-49a5-15fb-4a869c74dd00/w=auto,q=auto,f=auto;https://imagedelivery.net/6xZ2gdbIq4j34kSGM6PEuA/4c6c34d0-b77f-4e5e-f25c-9f3059870d00/w=auto,q=auto,f=auto;https://imagedelivery.net/6xZ2gdbIq4j34kSGM6PEuA/67cdb2d8-d04b-43d5-1f87-ec63a8031300/w=auto,q=auto,f=auto","ğŸ“¸ iPhone 17 Pro â€“ PeÅŸÉ™kar performans vÉ™ kamera tÉ™crÃ¼bÉ™si

iPhone 17 Pro, A19 Pro Ã§ipi ilÉ™ gÃ¼clÃ¼ performans vÉ™ uzun batareya Ã¶mrÃ¼ tÉ™klif edir. 6.3 dÃ¼ymlÃ¼k Super Retina XDR ekranÄ± vÉ™ 48 MP Pro Fusion Ã¼Ã§lÃ¼ kamera sistemi ilÉ™ mÃ¼kÉ™mmÉ™l foto vÉ™ video Ã§É™kiliÅŸlÉ™ri tÉ™min edir. Yeni Center Stage Ã¶n kamerasÄ± ilÉ™ daha aÄŸÄ±llÄ± qrup selfilÉ™ri vÉ™ Dual Capture video funksiyasÄ± É™lavÉ™ edilib. AlÃ¼minium unibody dizaynÄ± ilÉ™ hÉ™m davamlÄ±, hÉ™m dÉ™ zÉ™rif gÃ¶rÃ¼nÃ¼r.",256 GB,3599.99,390,V,,,5,50,1,1,1,0,0,0,0
M100123018,1,,,2627.729927,,,"Brend:Apple;Daxili yaddaÅŸ:256 GB;Operativ yaddaÅŸ:12 GB;Æsas kamera:48 MP + 48 MP + 48 MP;Ã–n kamera:18 MP;NÃ¼vÉ™ sayÄ±:6;SIM-kart nÃ¶vÃ¼:Nano SIM + eSIM;SIM-kart sayÄ±:1;Prosessorun adÄ±:Apple;ÆmÉ™liyyat sistemi:iOS;ÆmÉ™liyyat sistemin versiyasÄ±:iOS 26;NFC:Var;Prosessorun nÃ¶vÃ¼:Apple A19 Pro;Displey nÃ¶vÃ¼:Super Retina XDR OLED;Simsiz enerji:Var;Ä°nfraqÄ±rmÄ±zÄ± port:Yox;Ãœz tanÄ±ma:Var;SÃ¼rÉ™tli enerji yÄ±ÄŸma:Var;Qorunma dÉ™rÉ™cÉ™si:IP68;GÃ¶rÃ¼ntÃ¼ imkanÄ±:2622 Ã— 1206;Ã–lÃ§Ã¼lÉ™r:150 Ã— 71.9 Ã— 8.75 mm;YaddaÅŸ kartÄ± dÉ™stÉ™yi:Yox;Barometr:Var;Giroskop:Var;Ä°ÅŸÄ±q sensoru:Var;YaxÄ±nlaÅŸdÄ±rma sensoru:Var;Optik sabitlÉ™ÅŸmÉ™:Var;Video formatÄ±:4K / 1080p / 720p;Bluetooth versiyasÄ±:6.0;Avtofokus É™sas kamera:Var;""Video icazÉ™si vÉ™ kadr tezliyi"": ""4K - 720p;24-240 kadr/s"";Video asta Ã§É™kiliÅŸ:Var;RÉ™ng:Cosmic Orange;Enerji toplama nÃ¶vÃ¼:USB Type-C;QulaqlÄ±q interfeysi:USB Type-C;Batareya nÃ¶vÃ¼:Li-lon;Ã‡Ä±xarÄ±la bilÉ™n batareya:Yox;Akselerometr:Var;Enerji yÄ±ÄŸma gÃ¼cÃ¼:25 Vt;BatareyanÄ±n hÉ™cmi:3988Â mAh;Ä°stehsal ili:2025;Barmaq izi oxuyucusu:Yox;""Komplektasiya"": ""iPhone;USB Type C/USB Type C;MÉ™lumat kitabÃ§asÄ±"";Seriya:iPhone 17 Pro;ZÉ™manÉ™t:12 ay;Ã‡É™ki:206 qr;ÅÉ™bÉ™kÉ™ standartÄ±:5G;Ekran:6.3\""",0,P100123003,iphone-17-pro-256-gb-cosmic-orange_m100123018,#iPhone #17 #Pro #256 #GB #Cosmic #Orange,iPhone 17 Pro 256 GB Cosmic Orange,Cosmic Orange,"https://imagedelivery.net/6xZ2gdbIq4j34kSGM6PEuA/3a60d876-6e7c-4c90-a213-3419d59c3900/w=auto,q=auto,f=auto","https://imagedelivery.net/6xZ2gdbIq4j34kSGM6PEuA/c90f7516-122c-475b-de3f-5c9fba5ad000/w=auto,q=auto,f=auto;https://imagedelivery.net/6xZ2gdbIq4j34kSGM6PEuA/ec2d9934-7a51-4c0a-754e-7a9011a9cd00/w=auto,q=auto,f=auto;https://imagedelivery.net/6xZ2gdbIq4j34kSGM6PEuA/06eb936e-5de0-4dd0-6e22-b8cd79a4b400/w=auto,q=auto,f=auto;https://imagedelivery.net/6xZ2gdbIq4j34kSGM6PEuA/42a9edde-2a7c-4649-743b-16faafae0c00/w=auto,q=auto,f=auto;https://imagedelivery.net/6xZ2gdbIq4j34kSGM6PEuA/a3c46ebf-04af-4092-fa2f-865f95306400/w=auto,q=auto,f=auto;https://imagedelivery.net/6xZ2gdbIq4j34kSGM6PEuA/fe53d6b0-3c86-4b98-4831-968665da0700/w=auto,q=auto,f=auto;https://imagedelivery.net/6xZ2gdbIq4j34kSGM6PEuA/d1594d37-09bf-4c8b-485c-7765cde5a200/w=auto,q=auto,f=auto;https://imagedelivery.net/6xZ2gdbIq4j34kSGM6PEuA/7f98dcb3-748e-4c25-9818-ae0abf0a9b00/w=auto,q=auto,f=auto;https://imagedelivery.net/6xZ2gdbIq4j34kSGM6PEuA/1a006c38-c9fe-4ebe-cadd-704b94917000/w=auto,q=auto,f=auto","ğŸ“¸ iPhone 17 Pro â€“ PeÅŸÉ™kar performans vÉ™ kamera tÉ™crÃ¼bÉ™si

iPhone 17 Pro, A19 Pro Ã§ipi ilÉ™ gÃ¼clÃ¼ performans vÉ™ uzun batareya Ã¶mrÃ¼ tÉ™klif edir. 6.3 dÃ¼ymlÃ¼k Super Retina XDR ekranÄ± vÉ™ 48 MP Pro Fusion Ã¼Ã§lÃ¼ kamera sistemi ilÉ™ mÃ¼kÉ™mmÉ™l foto vÉ™ video Ã§É™kiliÅŸlÉ™ri tÉ™min edir. Yeni Center Stage Ã¶n kamerasÄ± ilÉ™ daha aÄŸÄ±llÄ± qrup selfilÉ™ri vÉ™ Dual Capture video funksiyasÄ± É™lavÉ™ edilib. AlÃ¼minium unibody dizaynÄ± ilÉ™ hÉ™m davamlÄ±, hÉ™m dÉ™ zÉ™rif gÃ¶rÃ¼nÃ¼r.",256 GB,3599.99,390,V,,,5,50,1,1,1,0,0,0,0
M100123019,1,,,3065.686131,,,"Brend:Apple;Daxili yaddaÅŸ:512 GB;Operativ yaddaÅŸ:12 GB;Æsas kamera:48 MP + 48 MP + 48 MP;Ã–n kamera:18 MP;NÃ¼vÉ™ sayÄ±:6;SIM-kart nÃ¶vÃ¼:Nano SIM + eSIM;SIM-kart sayÄ±:1;Prosessorun adÄ±:Apple;ÆmÉ™liyyat sistemi:iOS;ÆmÉ™liyyat sistemin versiyasÄ±:iOS 26;NFC:Var;Prosessorun nÃ¶vÃ¼:Apple A19 Pro;Displey nÃ¶vÃ¼:Super Retina XDR OLED;Simsiz enerji:Var;Ä°nfraqÄ±rmÄ±zÄ± port:Yox;Ãœz tanÄ±ma:Var;SÃ¼rÉ™tli enerji yÄ±ÄŸma:Var;Qorunma dÉ™rÉ™cÉ™si:IP68;GÃ¶rÃ¼ntÃ¼ imkanÄ±:2622 Ã— 1206;Ã–lÃ§Ã¼lÉ™r:150 Ã— 71.9 Ã— 8.75 mm;YaddaÅŸ kartÄ± dÉ™stÉ™yi:Yox;Barometr:Var;Giroskop:Var;Ä°ÅŸÄ±q sensoru:Var;YaxÄ±nlaÅŸdÄ±rma sensoru:Var;Optik sabitlÉ™ÅŸmÉ™:Var;Video formatÄ±:4K / 1080p / 720p;Bluetooth versiyasÄ±:6.0;Avtofokus É™sas kamera:Var;""Video icazÉ™si vÉ™ kadr tezliyi"": ""4K - 720p;24-240 kadr/s"";Video asta Ã§É™kiliÅŸ:Var;RÉ™ng:Silver;Enerji toplama nÃ¶vÃ¼:USB Type-C;QulaqlÄ±q interfeysi:USB Type-C;Batareya nÃ¶vÃ¼:Li-lon;Ã‡Ä±xarÄ±la bilÉ™n batareya:Yox;Akselerometr:Var;Enerji yÄ±ÄŸma gÃ¼cÃ¼:25 Vt;BatareyanÄ±n hÉ™cmi:3988Â mAh;Ä°stehsal ili:2025;Barmaq izi oxuyucusu:Yox;""Komplektasiya"": ""iPhone;USB Type C/USB Type C;MÉ™lumat kitabÃ§asÄ±"";Seriya:iPhone 17 Pro;ZÉ™manÉ™t:12 ay;Ã‡É™ki:206 qr;ÅÉ™bÉ™kÉ™ standartÄ±:5G;Ekran:6.3\""",0,P100123003,iphone-17-pro-512-gb-silver_m100123019,#iPhone #17 #Pro #512 #GB #Silver,iPhone 17 Pro 512 GB Silver,Silver,"https://imagedelivery.net/6xZ2gdbIq4j34kSGM6PEuA/581dcd0f-8ea9-47b2-a497-25d77a9f7500/w=auto,q=auto,f=auto","https://imagedelivery.net/6xZ2gdbIq4j34kSGM6PEuA/f188c722-a1f0-4e3e-94b3-a8291d3cb800/w=auto,q=auto,f=auto;https://imagedelivery.net/6xZ2gdbIq4j34kSGM6PEuA/373ba449-85c2-4f13-fcf3-b07886c4b500/w=auto,q=auto,f=auto;https://imagedelivery.net/6xZ2gdbIq4j34kSGM6PEuA/87d4ee36-375c-484d-fb5e-6131097a1b00/w=auto,q=auto,f=auto;https://imagedelivery.net/6xZ2gdbIq4j34kSGM6PEuA/f3827f82-1038-4ef3-0026-efc1e0160600/w=auto,q=auto,f=auto;https://imagedelivery.net/6xZ2gdbIq4j34kSGM6PEuA/559bc36c-f6c2-4cfb-6ab0-da51af98bd00/w=auto,q=auto,f=auto;https://imagedelivery.net/6xZ2gdbIq4j34kSGM6PEuA/919f77ec-a153-4c84-3eec-5d09bce86b00/w=auto,q=auto,f=auto;https://imagedelivery.net/6xZ2gdbIq4j34kSGM6PEuA/d493333c-fe54-4c48-a05b-e628ecd66800/w=auto,q=auto,f=auto;https://imagedelivery.net/6xZ2gdbIq4j34kSGM6PEuA/db9d3332-50e1-4f96-8640-1fe38d781f00/w=auto,q=auto,f=auto;https://imagedelivery.net/6xZ2gdbIq4j34kSGM6PEuA/2baf0d30-5b98-452e-26ce-9f4fe1e43400/w=auto,q=auto,f=auto","ğŸ“¸ iPhone 17 Pro â€“ PeÅŸÉ™kar performans vÉ™ kamera tÉ™crÃ¼bÉ™si

iPhone 17 Pro, A19 Pro Ã§ipi ilÉ™ gÃ¼clÃ¼ performans vÉ™ uzun batareya Ã¶mrÃ¼ tÉ™klif edir. 6.3 dÃ¼ymlÃ¼k Super Retina XDR ekranÄ± vÉ™ 48 MP Pro Fusion Ã¼Ã§lÃ¼ kamera sistemi ilÉ™ mÃ¼kÉ™mmÉ™l foto vÉ™ video Ã§É™kiliÅŸlÉ™ri tÉ™min edir. Yeni Center Stage Ã¶n kamerasÄ± ilÉ™ daha aÄŸÄ±llÄ± qrup selfilÉ™ri vÉ™ Dual Capture video funksiyasÄ± É™lavÉ™ edilib. AlÃ¼minium unibody dizaynÄ± ilÉ™ hÉ™m davamlÄ±, hÉ™m dÉ™ zÉ™rif gÃ¶rÃ¼nÃ¼r.",512 GB,4199.99,410,V,,,5,50,1,1,1,0,0,0,0
M100123020,1,,,3065.686131,,,"Brend:Apple;Daxili yaddaÅŸ:512 GB;Operativ yaddaÅŸ:12 GB;Æsas kamera:48 MP + 48 MP + 48 MP;Ã–n kamera:18 MP;NÃ¼vÉ™ sayÄ±:6;SIM-kart nÃ¶vÃ¼:Nano SIM + eSIM;SIM-kart sayÄ±:1;Prosessorun adÄ±:Apple;ÆmÉ™liyyat sistemi:iOS;ÆmÉ™liyyat sistemin versiyasÄ±:iOS 26;NFC:Var;Prosessorun nÃ¶vÃ¼:Apple A19 Pro;Displey nÃ¶vÃ¼:Super Retina XDR OLED;Simsiz enerji:Var;Ä°nfraqÄ±rmÄ±zÄ± port:Yox;Ãœz tanÄ±ma:Var;SÃ¼rÉ™tli enerji yÄ±ÄŸma:Var;Qorunma dÉ™rÉ™cÉ™si:IP68;GÃ¶rÃ¼ntÃ¼ imkanÄ±:2622 Ã— 1206;Ã–lÃ§Ã¼lÉ™r:150 Ã— 71.9 Ã— 8.75 mm;YaddaÅŸ kartÄ± dÉ™stÉ™yi:Yox;Barometr:Var;Giroskop:Var;Ä°ÅŸÄ±q sensoru:Var;YaxÄ±nlaÅŸdÄ±rma sensoru:Var;Optik sabitlÉ™ÅŸmÉ™:Var;Video formatÄ±:4K / 1080p / 720p;Bluetooth versiyasÄ±:6.0;Avtofokus É™sas kamera:Var;""Video icazÉ™si vÉ™ kadr tezliyi"": ""4K - 720p;24-240 kadr/s"";Video asta Ã§É™kiliÅŸ:Var;RÉ™ng:Deep Blue;Enerji toplama nÃ¶vÃ¼:USB Type-C;QulaqlÄ±q interfeysi:USB Type-C;Batareya nÃ¶vÃ¼:Li-lon;Ã‡Ä±xarÄ±la bilÉ™n batareya:Yox;Akselerometr:Var;Enerji yÄ±ÄŸma gÃ¼cÃ¼:25 Vt;BatareyanÄ±n hÉ™cmi:3988Â mAh;Ä°stehsal ili:2025;Barmaq izi oxuyucusu:Yox;""Komplektasiya"": ""iPhone;USB Type C/USB Type C;MÉ™lumat kitabÃ§asÄ±"";Seriya:iPhone 17 Pro;ZÉ™manÉ™t:12 ay;Ã‡É™ki:206 qr;ÅÉ™bÉ™kÉ™ standartÄ±:5G;Ekran:6.3\""",0,P100123003,iphone-17-pro-512-gb-deep-blue_m100123020,#iPhone #17 #Pro #512 #GB #Deep #Blue,iPhone 17 Pro 512 GB Deep Blue,Deep Blue,"https://imagedelivery.net/6xZ2gdbIq4j34kSGM6PEuA/80470b6c-5a1a-4144-1917-52c88bbfbc00/w=auto,q=auto,f=auto","https://imagedelivery.net/6xZ2gdbIq4j34kSGM6PEuA/d5ac5ccc-df9f-4a36-e4e4-261a99a1ac00/w=auto,q=auto,f=auto;https://imagedelivery.net/6xZ2gdbIq4j34kSGM6PEuA/02d24e8b-e97f-4bb4-e3e8-2d21b4b9a200/w=auto,q=auto,f=auto;https://imagedelivery.net/6xZ2gdbIq4j34kSGM6PEuA/4f2810e2-045f-45cf-5743-70ea2c1c5b00/w=auto,q=auto,f=auto;https://imagedelivery.net/6xZ2gdbIq4j34kSGM6PEuA/a2019601-db09-43b1-b250-deabccefcb00/w=auto,q=auto,f=auto;https://imagedelivery.net/6xZ2gdbIq4j34kSGM6PEuA/d077bd88-41fb-4f90-f77e-31e285fa4f00/w=auto,q=auto,f=auto;https://imagedelivery.net/6xZ2gdbIq4j34kSGM6PEuA/750c6350-f1c8-4b94-34ec-c73969c13700/w=auto,q=auto,f=auto;https://imagedelivery.net/6xZ2gdbIq4j34kSGM6PEuA/6881aa9d-94a5-4365-0087-85ca439d1200/w=auto,q=auto,f=auto;https://imagedelivery.net/6xZ2gdbIq4j34kSGM6PEuA/cd09fa10-c1cf-485c-8ba3-9752f3e44100/w=auto,q=auto,f=auto;https://imagedelivery.net/6xZ2gdbIq4j34kSGM6PEuA/ea41ed0b-a2e9-4741-76a3-654d210eb400/w=auto,q=auto,f=auto","ğŸ“¸ iPhone 17 Pro â€“ PeÅŸÉ™kar performans vÉ™ kamera tÉ™crÃ¼bÉ™si

iPhone 17 Pro, A19 Pro Ã§ipi ilÉ™ gÃ¼clÃ¼ performans vÉ™ uzun batareya Ã¶mrÃ¼ tÉ™klif edir. 6.3 dÃ¼ymlÃ¼k Super Retina XDR ekranÄ± vÉ™ 48 MP Pro Fusion Ã¼Ã§lÃ¼ kamera sistemi ilÉ™ mÃ¼kÉ™mmÉ™l foto vÉ™ video Ã§É™kiliÅŸlÉ™ri tÉ™min edir. Yeni Center Stage Ã¶n kamerasÄ± ilÉ™ daha aÄŸÄ±llÄ± qrup selfilÉ™ri vÉ™ Dual Capture video funksiyasÄ± É™lavÉ™ edilib. AlÃ¼minium unibody dizaynÄ± ilÉ™ hÉ™m davamlÄ±, hÉ™m dÉ™ zÉ™rif gÃ¶rÃ¼nÃ¼r.",512 GB,4199.99,410,V,,,5,50,1,1,1,0,0,0,0
M100123021,1,,,3065.686131,,,"Brend:Apple;Daxili yaddaÅŸ:512 GB;Operativ yaddaÅŸ:12 GB;Æsas kamera:48 MP + 48 MP + 48 MP;Ã–n kamera:18 MP;NÃ¼vÉ™ sayÄ±:6;SIM-kart nÃ¶vÃ¼:Nano SIM + eSIM;SIM-kart sayÄ±:1;Prosessorun adÄ±:Apple;ÆmÉ™liyyat sistemi:iOS;ÆmÉ™liyyat sistemin versiyasÄ±:iOS 26;NFC:Var;Prosessorun nÃ¶vÃ¼:Apple A19 Pro;Displey nÃ¶vÃ¼:Super Retina XDR OLED;Simsiz enerji:Var;Ä°nfraqÄ±rmÄ±zÄ± port:Yox;Ãœz tanÄ±ma:Var;SÃ¼rÉ™tli enerji yÄ±ÄŸma:Var;Qorunma dÉ™rÉ™cÉ™si:IP68;GÃ¶rÃ¼ntÃ¼ imkanÄ±:2622 Ã— 1206;Ã–lÃ§Ã¼lÉ™r:150 Ã— 71.9 Ã— 8.75 mm;YaddaÅŸ kartÄ± dÉ™stÉ™yi:Yox;Barometr:Var;Giroskop:Var;Ä°ÅŸÄ±q sensoru:Var;YaxÄ±nlaÅŸdÄ±rma sensoru:Var;Optik sabitlÉ™ÅŸmÉ™:Var;Video formatÄ±:4K / 1080p / 720p;Bluetooth versiyasÄ±:6.0;Avtofokus É™sas kamera:Var;""Video icazÉ™si vÉ™ kadr tezliyi"": ""4K - 720p;24-240 kadr/s"";Video asta Ã§É™kiliÅŸ:Var;RÉ™ng:Cosmic Orange;Enerji toplama nÃ¶vÃ¼:USB Type-C;QulaqlÄ±q interfeysi:USB Type-C;Batareya nÃ¶vÃ¼:Li-lon;Ã‡Ä±xarÄ±la bilÉ™n batareya:Yox;Akselerometr:Var;Enerji yÄ±ÄŸma gÃ¼cÃ¼:25 Vt;BatareyanÄ±n hÉ™cmi:3988Â mAh;Ä°stehsal ili:2025;Barmaq izi oxuyucusu:Yox;""Komplektasiya"": ""iPhone;USB Type C/USB Type C;MÉ™lumat kitabÃ§asÄ±"";Seriya:iPhone 17 Pro;ZÉ™manÉ™t:12 ay;Ã‡É™ki:206 qr;ÅÉ™bÉ™kÉ™ standartÄ±:5G;Ekran:6.3\""",0,P100123003,iphone-17-pro-512-gb-cosmic-orange_m100123021,#iPhone #17 #Pro #512 #GB #Cosmic #Orange,iPhone 17 Pro 512 GB Cosmic Orange,Cosmic Orange,"https://imagedelivery.net/6xZ2gdbIq4j34kSGM6PEuA/a9d87f0b-fac1-4886-0764-585e1fc1e400/w=auto,q=auto,f=auto","https://imagedelivery.net/6xZ2gdbIq4j34kSGM6PEuA/fb25ae9b-8b12-443e-f459-b371da0a6f00/w=auto,q=auto,f=auto;https://imagedelivery.net/6xZ2gdbIq4j34kSGM6PEuA/6ec80220-754c-4e06-5d68-254b44d96a00/w=auto,q=auto,f=auto;https://imagedelivery.net/6xZ2gdbIq4j34kSGM6PEuA/7798c6af-6fac-4a70-3402-246cf1ddc400/w=auto,q=auto,f=auto;https://imagedelivery.net/6xZ2gdbIq4j34kSGM6PEuA/9343870d-7a2e-4ea9-07da-2dc9b7a8ad00/w=auto,q=auto,f=auto;https://imagedelivery.net/6xZ2gdbIq4j34kSGM6PEuA/7065ff13-91c7-4a58-f21a-5985cbe14f00/w=auto,q=auto,f=auto;https://imagedelivery.net/6xZ2gdbIq4j34kSGM6PEuA/ad5fde56-2073-42bd-22df-22245fcdc900/w=auto,q=auto,f=auto;https://imagedelivery.net/6xZ2gdbIq4j34kSGM6PEuA/5bc6c150-9898-4706-88a4-79cc562c6700/w=auto,q=auto,f=auto;https://imagedelivery.net/6xZ2gdbIq4j34kSGM6PEuA/329c7ccf-f706-4339-fbf5-2ee7cff58f00/w=auto,q=auto,f=auto;https://imagedelivery.net/6xZ2gdbIq4j34kSGM6PEuA/bea6c48b-d901-435f-7a17-96acad135100/w=auto,q=auto,f=auto","ğŸ“¸ iPhone 17 Pro â€“ PeÅŸÉ™kar performans vÉ™ kamera tÉ™crÃ¼bÉ™si

iPhone 17 Pro, A19 Pro Ã§ipi ilÉ™ gÃ¼clÃ¼ performans vÉ™ uzun batareya Ã¶mrÃ¼ tÉ™klif edir. 6.3 dÃ¼ymlÃ¼k Super Retina XDR ekranÄ± vÉ™ 48 MP Pro Fusion Ã¼Ã§lÃ¼ kamera sistemi ilÉ™ mÃ¼kÉ™mmÉ™l foto vÉ™ video Ã§É™kiliÅŸlÉ™ri tÉ™min edir. Yeni Center Stage Ã¶n kamerasÄ± ilÉ™ daha aÄŸÄ±llÄ± qrup selfilÉ™ri vÉ™ Dual Capture video funksiyasÄ± É™lavÉ™ edilib. AlÃ¼minium unibody dizaynÄ± ilÉ™ hÉ™m davamlÄ±, hÉ™m dÉ™ zÉ™rif gÃ¶rÃ¼nÃ¼r.",512 GB,4199.99,410,V,,,5,50,1,1,1,0,0,0,0
M100123022,1,,,3430.649635,,,"Brend:Apple;Daxili yaddaÅŸ:1 TB;Operativ yaddaÅŸ:12 GB;Æsas kamera:48 MP + 48 MP + 48 MP;Ã–n kamera:18 MP;NÃ¼vÉ™ sayÄ±:6;SIM-kart nÃ¶vÃ¼:Nano SIM + eSIM;SIM-kart sayÄ±:1;Prosessorun adÄ±:Apple;ÆmÉ™liyyat sistemi:iOS;ÆmÉ™liyyat sistemin versiyasÄ±:iOS 26;NFC:Var;Prosessorun nÃ¶vÃ¼:Apple A19 Pro;Displey nÃ¶vÃ¼:Super Retina XDR OLED;Simsiz enerji:Var;Ä°nfraqÄ±rmÄ±zÄ± port:Yox;Ãœz tanÄ±ma:Var;SÃ¼rÉ™tli enerji yÄ±ÄŸma:Var;Qorunma dÉ™rÉ™cÉ™si:IP68;GÃ¶rÃ¼ntÃ¼ imkanÄ±:2622 Ã— 1206;Ã–lÃ§Ã¼lÉ™r:150 Ã— 71.9 Ã— 8.75 mm;YaddaÅŸ kartÄ± dÉ™stÉ™yi:Yox;Barometr:Var;Giroskop:Var;Ä°ÅŸÄ±q sensoru:Var;YaxÄ±nlaÅŸdÄ±rma sensoru:Var;Optik sabitlÉ™ÅŸmÉ™:Var;Video formatÄ±:4K / 1080p / 720p;Bluetooth versiyasÄ±:6.0;Avtofokus É™sas kamera:Var;""Video icazÉ™si vÉ™ kadr tezliyi"": ""4K - 720p;24-240 kadr/s"";Video asta Ã§É™kiliÅŸ:Var;RÉ™ng:Silver;Enerji toplama nÃ¶vÃ¼:USB Type-C;QulaqlÄ±q interfeysi:USB Type-C;Batareya nÃ¶vÃ¼:Li-lon;Ã‡Ä±xarÄ±la bilÉ™n batareya:Yox;Akselerometr:Var;Enerji yÄ±ÄŸma gÃ¼cÃ¼:25 Vt;BatareyanÄ±n hÉ™cmi:3988Â mAh;Ä°stehsal ili:2025;Barmaq izi oxuyucusu:Yox;""Komplektasiya"": ""iPhone;USB Type C/USB Type C;MÉ™lumat kitabÃ§asÄ±"";Seriya:iPhone 17 Pro;ZÉ™manÉ™t:12 ay;Ã‡É™ki:206 qr;ÅÉ™bÉ™kÉ™ standartÄ±:5G;Ekran:6.3\""",0,P100123003,iphone-17-pro-1-tb-silver_m100123022,#iPhone #17 #Pro #1 #TB #Silver,iPhone 17 Pro 1 TB Silver,Silver,"https://imagedelivery.net/6xZ2gdbIq4j34kSGM6PEuA/f31532cd-6008-434a-0e96-df0e4df4db00/w=auto,q=auto,f=auto","https://imagedelivery.net/6xZ2gdbIq4j34kSGM6PEuA/751d7dac-fc26-45ab-5f87-083e69cd7900/w=auto,q=auto,f=auto;https://imagedelivery.net/6xZ2gdbIq4j34kSGM6PEuA/4da249ae-4c08-4810-77e6-30d520a91d00/w=auto,q=auto,f=auto;https://imagedelivery.net/6xZ2gdbIq4j34kSGM6PEuA/f18861bc-b360-472e-028f-567e4c40d700/w=auto,q=auto,f=auto;https://imagedelivery.net/6xZ2gdbIq4j34kSGM6PEuA/7fea8b18-77df-44a6-fb1a-5273d7fc9900/w=auto,q=auto,f=auto;https://imagedelivery.net/6xZ2gdbIq4j34kSGM6PEuA/85cfaa7f-08f6-47ae-4dca-24b2c0b41500/w=auto,q=auto,f=auto;https://imagedelivery.net/6xZ2gdbIq4j34kSGM6PEuA/072e7150-0210-4091-b6ff-439997841d00/w=auto,q=auto,f=auto;https://imagedelivery.net/6xZ2gdbIq4j34kSGM6PEuA/fa398338-2946-4beb-4b83-a9b01c05db00/w=auto,q=auto,f=auto;https://imagedelivery.net/6xZ2gdbIq4j34kSGM6PEuA/ad869d85-6441-4d3f-ff04-4bff43858c00/w=auto,q=auto,f=auto;https://imagedelivery.net/6xZ2gdbIq4j34kSGM6PEuA/7c5cfd79-c241-4130-866c-91c9a7646a00/w=auto,q=auto,f=auto","ğŸ“¸ iPhone 17 Pro â€“ PeÅŸÉ™kar performans vÉ™ kamera tÉ™crÃ¼bÉ™si

iPhone 17 Pro, A19 Pro Ã§ipi ilÉ™ gÃ¼clÃ¼ performans vÉ™ uzun batareya Ã¶mrÃ¼ tÉ™klif edir. 6.3 dÃ¼ymlÃ¼k Super Retina XDR ekranÄ± vÉ™ 48 MP Pro Fusion Ã¼Ã§lÃ¼ kamera sistemi ilÉ™ mÃ¼kÉ™mmÉ™l foto vÉ™ video Ã§É™kiliÅŸlÉ™ri tÉ™min edir. Yeni Center Stage Ã¶n kamerasÄ± ilÉ™ daha aÄŸÄ±llÄ± qrup selfilÉ™ri vÉ™ Dual Capture video funksiyasÄ± É™lavÉ™ edilib. AlÃ¼minium unibody dizaynÄ± ilÉ™ hÉ™m davamlÄ±, hÉ™m dÉ™ zÉ™rif gÃ¶rÃ¼nÃ¼r.",1 TB,4699.99,390,V,,,5,50,1,1,1,0,0,0,0
M100123023,1,,,3430.649635,,,"Brend:Apple;Daxili yaddaÅŸ:1 TB;Operativ yaddaÅŸ:12 GB;Æsas kamera:48 MP + 48 MP + 48 MP;Ã–n kamera:18 MP;NÃ¼vÉ™ sayÄ±:6;SIM-kart nÃ¶vÃ¼:Nano SIM + eSIM;SIM-kart sayÄ±:1;Prosessorun adÄ±:Apple;ÆmÉ™liyyat sistemi:iOS;ÆmÉ™liyyat sistemin versiyasÄ±:iOS 26;NFC:Var;Prosessorun nÃ¶vÃ¼:Apple A19 Pro;Displey nÃ¶vÃ¼:Super Retina XDR OLED;Simsiz enerji:Var;Ä°nfraqÄ±rmÄ±zÄ± port:Yox;Ãœz tanÄ±ma:Var;SÃ¼rÉ™tli enerji yÄ±ÄŸma:Var;Qorunma dÉ™rÉ™cÉ™si:IP68;GÃ¶rÃ¼ntÃ¼ imkanÄ±:2622 Ã— 1206;Ã–lÃ§Ã¼lÉ™r:150 Ã— 71.9 Ã— 8.75 mm;YaddaÅŸ kartÄ± dÉ™stÉ™yi:Yox;Barometr:Var;Giroskop:Var;Ä°ÅŸÄ±q sensoru:Var;YaxÄ±nlaÅŸdÄ±rma sensoru:Var;Optik sabitlÉ™ÅŸmÉ™:Var;Video formatÄ±:4K / 1080p / 720p;Bluetooth versiyasÄ±:6.0;Avtofokus É™sas kamera:Var;""Video icazÉ™si vÉ™ kadr tezliyi"": ""4K - 720p;24-240 kadr/s"";Video asta Ã§É™kiliÅŸ:Var;RÉ™ng:Deep Blue;Enerji toplama nÃ¶vÃ¼:USB Type-C;QulaqlÄ±q interfeysi:USB Type-C;Batareya nÃ¶vÃ¼:Li-lon;Ã‡Ä±xarÄ±la bilÉ™n batareya:Yox;Akselerometr:Var;Enerji yÄ±ÄŸma gÃ¼cÃ¼:25 Vt;BatareyanÄ±n hÉ™cmi:3988Â mAh;Ä°stehsal ili:2025;Barmaq izi oxuyucusu:Yox;""Komplektasiya"": ""iPhone;USB Type C/USB Type C;MÉ™lumat kitabÃ§asÄ±"";Seriya:iPhone 17 Pro;ZÉ™manÉ™t:12 ay;Ã‡É™ki:206 qr;ÅÉ™bÉ™kÉ™ standartÄ±:5G;Ekran:6.3\""",0,P100123003,iphone-17-pro-1-tb-deep-blue_m100123023,#iPhone #17 #Pro #1 #TB #Deep #Blue,iPhone 17 Pro 1 TB Deep Blue,Deep Blue,"https://imagedelivery.net/6xZ2gdbIq4j34kSGM6PEuA/98eb36d6-edf4-49a7-22f5-3aeb042e6500/w=auto,q=auto,f=auto","https://imagedelivery.net/6xZ2gdbIq4j34kSGM6PEuA/86013af2-d400-48df-6467-974133dfa800/w=auto,q=auto,f=auto;https://imagedelivery.net/6xZ2gdbIq4j34kSGM6PEuA/5bcbbaec-89ad-42b9-a28f-4a74de8b6900/w=auto,q=auto,f=auto;https://imagedelivery.net/6xZ2gdbIq4j34kSGM6PEuA/7d8c18e8-3b6e-422a-3a29-7a9aa95a9b00/w=auto,q=auto,f=auto;https://imagedelivery.net/6xZ2gdbIq4j34kSGM6PEuA/adb3041b-bdfa-45ed-2dc8-c216b7753100/w=auto,q=auto,f=auto;https://imagedelivery.net/6xZ2gdbIq4j34kSGM6PEuA/a033cdbd-0347-49de-9304-d0d750158500/w=auto,q=auto,f=auto;https://imagedelivery.net/6xZ2gdbIq4j34kSGM6PEuA/836b0ac7-be95-4afd-abdb-e2e3fbf3df00/w=auto,q=auto,f=auto;https://imagedelivery.net/6xZ2gdbIq4j34kSGM6PEuA/cf6b678d-51af-4456-d255-ba92cd8dd300/w=auto,q=auto,f=auto;https://imagedelivery.net/6xZ2gdbIq4j34kSGM6PEuA/12893c2a-a0b2-46b9-b038-a799cca2d200/w=auto,q=auto,f=auto;https://imagedelivery.net/6xZ2gdbIq4j34kSGM6PEuA/0eb4f4e3-8a90-4a22-14df-7114f1d0dd00/w=auto,q=auto,f=auto","ğŸ“¸ iPhone 17 Pro â€“ PeÅŸÉ™kar performans vÉ™ kamera tÉ™crÃ¼bÉ™si

iPhone 17 Pro, A19 Pro Ã§ipi ilÉ™ gÃ¼clÃ¼ performans vÉ™ uzun batareya Ã¶mrÃ¼ tÉ™klif edir. 6.3 dÃ¼ymlÃ¼k Super Retina XDR ekranÄ± vÉ™ 48 MP Pro Fusion Ã¼Ã§lÃ¼ kamera sistemi ilÉ™ mÃ¼kÉ™mmÉ™l foto vÉ™ video Ã§É™kiliÅŸlÉ™ri tÉ™min edir. Yeni Center Stage Ã¶n kamerasÄ± ilÉ™ daha aÄŸÄ±llÄ± qrup selfilÉ™ri vÉ™ Dual Capture video funksiyasÄ± É™lavÉ™ edilib. AlÃ¼minium unibody dizaynÄ± ilÉ™ hÉ™m davamlÄ±, hÉ™m dÉ™ zÉ™rif gÃ¶rÃ¼nÃ¼r.",1 TB,4699.99,390,V,,,5,50,1,1,1,0,0,0,0
M100123024,1,,,3430.649635,,,"Brend:Apple;Daxili yaddaÅŸ:1 TB;Operativ yaddaÅŸ:12 GB;Æsas kamera:48 MP + 48 MP + 48 MP;Ã–n kamera:18 MP;NÃ¼vÉ™ sayÄ±:6;SIM-kart nÃ¶vÃ¼:Nano SIM + eSIM;SIM-kart sayÄ±:1;Prosessorun adÄ±:Apple;ÆmÉ™liyyat sistemi:iOS;ÆmÉ™liyyat sistemin versiyasÄ±:iOS 26;NFC:Var;Prosessorun nÃ¶vÃ¼:Apple A19 Pro;Displey nÃ¶vÃ¼:Super Retina XDR OLED;Simsiz enerji:Var;Ä°nfraqÄ±rmÄ±zÄ± port:Yox;Ãœz tanÄ±ma:Var;SÃ¼rÉ™tli enerji yÄ±ÄŸma:Var;Qorunma dÉ™rÉ™cÉ™si:IP68;GÃ¶rÃ¼ntÃ¼ imkanÄ±:2622 Ã— 1206;Ã–lÃ§Ã¼lÉ™r:150 Ã— 71.9 Ã— 8.75 mm;YaddaÅŸ kartÄ± dÉ™stÉ™yi:Yox;Barometr:Var;Giroskop:Var;Ä°ÅŸÄ±q sensoru:Var;YaxÄ±nlaÅŸdÄ±rma sensoru:Var;Optik sabitlÉ™ÅŸmÉ™:Var;Video formatÄ±:4K / 1080p / 720p;Bluetooth versiyasÄ±:6.0;Avtofokus É™sas kamera:Var;""Video icazÉ™si vÉ™ kadr tezliyi"": ""4K - 720p;24-240 kadr/s"";Video asta Ã§É™kiliÅŸ:Var;RÉ™ng:Cosmic Orange;Enerji toplama nÃ¶vÃ¼:USB Type-C;QulaqlÄ±q interfeysi:USB Type-C;Batareya nÃ¶vÃ¼:Li-lon;Ã‡Ä±xarÄ±la bilÉ™n batareya:Yox;Akselerometr:Var;Enerji yÄ±ÄŸma gÃ¼cÃ¼:25 Vt;BatareyanÄ±n hÉ™cmi:3988Â mAh;Ä°stehsal ili:2025;Barmaq izi oxuyucusu:Yox;""Komplektasiya"": ""iPhone;USB Type C/USB Type C;MÉ™lumat kitabÃ§asÄ±"";Seriya:iPhone 17 Pro;ZÉ™manÉ™t:12 ay;Ã‡É™ki:206 qr;ÅÉ™bÉ™kÉ™ standartÄ±:5G;Ekran:6.3\""",0,P100123003,iphone-17-pro-1-tb-cosmic-orange_m100123024,#iPhone #17 #Pro #1 #TB #Cosmic #Orange,iPhone 17 Pro 1 TB Cosmic Orange,Cosmic Orange,"https://imagedelivery.net/6xZ2gdbIq4j34kSGM6PEuA/55f8e3c0-d389-48bc-1d85-e068b2766100/w=auto,q=auto,f=auto","https://imagedelivery.net/6xZ2gdbIq4j34kSGM6PEuA/e2e9dea9-c1fb-4664-0258-f459df4bf800/w=auto,q=auto,f=auto;https://imagedelivery.net/6xZ2gdbIq4j34kSGM6PEuA/10d22393-cc02-472b-03cc-dc7f0188d900/w=auto,q=auto,f=auto;https://imagedelivery.net/6xZ2gdbIq4j34kSGM6PEuA/d6cfd0aa-ae68-44cf-28f6-2d3173669d00/w=auto,q=auto,f=auto;https://imagedelivery.net/6xZ2gdbIq4j34kSGM6PEuA/3f7fd4ce-a8a6-4e71-3df4-e3560f420700/w=auto,q=auto,f=auto;https://imagedelivery.net/6xZ2gdbIq4j34kSGM6PEuA/b142aab1-a371-4f33-9502-73d8607cfc00/w=auto,q=auto,f=auto;https://imagedelivery.net/6xZ2gdbIq4j34kSGM6PEuA/67fbe286-caa0-4600-abf5-001ebc67dd00/w=auto,q=auto,f=auto;https://imagedelivery.net/6xZ2gdbIq4j34kSGM6PEuA/5971980b-d460-4fca-078c-035031527a00/w=auto,q=auto,f=auto;https://imagedelivery.net/6xZ2gdbIq4j34kSGM6PEuA/e6d6d34f-2e6c-417e-a24e-b2ed2ab45500/w=auto,q=auto,f=auto;https://imagedelivery.net/6xZ2gdbIq4j34kSGM6PEuA/dc043dcb-02d6-4753-8526-49323ce12000/w=auto,q=auto,f=auto","ğŸ“¸ iPhone 17 Pro â€“ PeÅŸÉ™kar performans vÉ™ kamera tÉ™crÃ¼bÉ™si

iPhone 17 Pro, A19 Pro Ã§ipi ilÉ™ gÃ¼clÃ¼ performans vÉ™ uzun batareya Ã¶mrÃ¼ tÉ™klif edir. 6.3 dÃ¼ymlÃ¼k Super Retina XDR ekranÄ± vÉ™ 48 MP Pro Fusion Ã¼Ã§lÃ¼ kamera sistemi ilÉ™ mÃ¼kÉ™mmÉ™l foto vÉ™ video Ã§É™kiliÅŸlÉ™ri tÉ™min edir. Yeni Center Stage Ã¶n kamerasÄ± ilÉ™ daha aÄŸÄ±llÄ± qrup selfilÉ™ri vÉ™ Dual Capture video funksiyasÄ± É™lavÉ™ edilib. AlÃ¼minium unibody dizaynÄ± ilÉ™ hÉ™m davamlÄ±, hÉ™m dÉ™ zÉ™rif gÃ¶rÃ¼nÃ¼r.",1 TB,4699.99,390,V,,,5,50,1,1,1,0,0,0,0
P100123004,1,,100080101,,Apple,1,,1,,,,,,,,,,,,,1,0,,,,,,,,,
M100123025,1,,,4452.547445,,,"Brend:Apple;Daxili yaddaÅŸ:2 TB;Operativ yaddaÅŸ:12 GB;Æsas kamera:48 MP + 48 MP + 48 MP;Ã–n kamera:18 MP;NÃ¼vÉ™ sayÄ±:6;SIM-kart nÃ¶vÃ¼:Nano SIM + eSIM;SIM-kart sayÄ±:1;Prosessorun adÄ±:Apple;ÆmÉ™liyyat sistemi:iOS;ÆmÉ™liyyat sistemin versiyasÄ±:iOS 26;NFC:Var;Prosessorun nÃ¶vÃ¼:Apple A19 Pro;Displey nÃ¶vÃ¼:Super Retina XDR OLED;Simsiz enerji:Var;Ä°nfraqÄ±rmÄ±zÄ± port:Yox;Ãœz tanÄ±ma:Var;SÃ¼rÉ™tli enerji yÄ±ÄŸma:Var;Qorunma dÉ™rÉ™cÉ™si:IP68;GÃ¶rÃ¼ntÃ¼ imkanÄ±:2868 Ã— 1320;Ã–lÃ§Ã¼lÉ™r:163.4 Ã— 78 Ã— 8.75 mm;YaddaÅŸ kartÄ± dÉ™stÉ™yi:Yox;Barometr:Var;Giroskop:Var;Ä°ÅŸÄ±q sensoru:Var;YaxÄ±nlaÅŸdÄ±rma sensoru:Var;Optik sabitlÉ™ÅŸmÉ™:Var;Video formatÄ±:4K / 1080p / 720p;Bluetooth versiyasÄ±:6.0;Avtofokus É™sas kamera:Var;""Video icazÉ™si vÉ™ kadr tezliyi"": ""4K - 720p;24-240 kadr/s"";Video asta Ã§É™kiliÅŸ:Var;RÉ™ng:Silver;Enerji toplama nÃ¶vÃ¼:USB Type-C;QulaqlÄ±q interfeysi:USB Type-C;Batareya nÃ¶vÃ¼:Li-lon;Ã‡Ä±xarÄ±la bilÉ™n batareya:Yox;Akselerometr:Var;Enerji yÄ±ÄŸma gÃ¼cÃ¼:25 Vt;BatareyanÄ±n hÉ™cmi:4832Â mAh;Ä°stehsal ili:2025;Barmaq izi oxuyucusu:Yox;""Komplektasiya"": ""iPhone;USB Type C/USB Type C;MÉ™lumat kitabÃ§asÄ±"";Seriya:iPhone 17 Pro Max;ZÉ™manÉ™t:12 ay;Ã‡É™ki:233 qr;ÅÉ™bÉ™kÉ™ standartÄ±:5G;Ekran:6.9\""",0,P100123004,iphone-17-pro-max-2-tb-silver_m100123025,#iPhone #17 #Pro #Max #2 #TB #Silver,iPhone 17 Pro Max 2 TB Silver,Silver,"https://imagedelivery.net/6xZ2gdbIq4j34kSGM6PEuA/82c136b4-a1fb-426d-a7d9-6cafe4668c00/w=auto,q=auto,f=auto","https://imagedelivery.net/6xZ2gdbIq4j34kSGM6PEuA/e0dd8656-ce9b-43dc-9ef3-26b237545b00/w=auto,q=auto,f=auto;https://imagedelivery.net/6xZ2gdbIq4j34kSGM6PEuA/b622129b-cae4-427a-3443-c82a325a5700/w=auto,q=auto,f=auto;https://imagedelivery.net/6xZ2gdbIq4j34kSGM6PEuA/d60cfd43-5e3b-492e-b02a-45101eab9400/w=auto,q=auto,f=auto;https://imagedelivery.net/6xZ2gdbIq4j34kSGM6PEuA/5bc6cd18-62ef-4352-cf0c-04bc0d150f00/w=auto,q=auto,f=auto;https://imagedelivery.net/6xZ2gdbIq4j34kSGM6PEuA/c68edf06-d0c8-4cfc-0317-45f2b66dc800/w=auto,q=auto,f=auto;https://imagedelivery.net/6xZ2gdbIq4j34kSGM6PEuA/02ddd60b-7125-4659-3536-af520b43d200/w=auto,q=auto,f=auto;https://imagedelivery.net/6xZ2gdbIq4j34kSGM6PEuA/c5e73cdf-3c5d-4676-566c-b71e86233800/w=auto,q=auto,f=auto;https://imagedelivery.net/6xZ2gdbIq4j34kSGM6PEuA/f5be6a59-905e-41ca-9b87-8c506dd4f900/w=auto,q=auto,f=auto;https://imagedelivery.net/6xZ2gdbIq4j34kSGM6PEuA/2ff8bce2-dee2-4163-6c2b-9f33e99aa100/w=auto,q=auto,f=auto","ğŸ“· iPhone 17 Pro Max â€“ Æn bÃ¶yÃ¼k vÉ™ É™n gÃ¼clÃ¼ iPhone

iPhone 17 Pro Max, 6.9 dÃ¼ymlÃ¼k Super Retina XDR ekranÄ± vÉ™ 48 MP Ã¼Ã§lÃ¼ kamera sistemi ilÉ™ É™n bÃ¶yÃ¼k vÉ™ É™n gÃ¼clÃ¼ iPhone modelidir. 8x optik zoom ilÉ™ É™n uzun iPhone telefoto Ã§É™kiliÅŸi tÉ™crÃ¼bÉ™sini tÉ™qdim edir. A19 Pro Ã§ipi vÉ™ bÃ¶yÃ¼k batareya ilÉ™ uzun mÃ¼ddÉ™t istifadÉ™ imkanÄ± verir. Bu model, xÃ¼susilÉ™ peÅŸÉ™kar istifadÉ™Ã§ilÉ™r vÉ™ yÃ¼ksÉ™k performans tÉ™lÉ™b edÉ™nlÉ™r Ã¼Ã§Ã¼n ideal seÃ§imdir.",2 TB,6099.99,430,V,,,5,50,1,1,1,0,0,0,0
M100123026,1,,,2846.708029,,,"Brend:Apple;Daxili yaddaÅŸ:256 GB;Operativ yaddaÅŸ:12 GB;Æsas kamera:48 MP + 48 MP + 48 MP;Ã–n kamera:18 MP;NÃ¼vÉ™ sayÄ±:6;SIM-kart nÃ¶vÃ¼:Nano SIM + eSIM;SIM-kart sayÄ±:1;Prosessorun adÄ±:Apple;ÆmÉ™liyyat sistemi:iOS;ÆmÉ™liyyat sistemin versiyasÄ±:iOS 26;NFC:Var;Prosessorun nÃ¶vÃ¼:Apple A19 Pro;Displey nÃ¶vÃ¼:Super Retina XDR OLED;Simsiz enerji:Var;Ä°nfraqÄ±rmÄ±zÄ± port:Yox;Ãœz tanÄ±ma:Var;SÃ¼rÉ™tli enerji yÄ±ÄŸma:Var;Qorunma dÉ™rÉ™cÉ™si:IP68;GÃ¶rÃ¼ntÃ¼ imkanÄ±:2868 Ã— 1320;Ã–lÃ§Ã¼lÉ™r:163.4 Ã— 78 Ã— 8.75 mm;YaddaÅŸ kartÄ± dÉ™stÉ™yi:Yox;Barometr:Var;Giroskop:Var;Ä°ÅŸÄ±q sensoru:Var;YaxÄ±nlaÅŸdÄ±rma sensoru:Var;Optik sabitlÉ™ÅŸmÉ™:Var;Video formatÄ±:4K / 1080p / 720p;Bluetooth versiyasÄ±:6.0;Avtofokus É™sas kamera:Var;""Video icazÉ™si vÉ™ kadr tezliyi"": ""4K - 720p;24-240 kadr/s"";Video asta Ã§É™kiliÅŸ:Var;RÉ™ng:Silver;Enerji toplama nÃ¶vÃ¼:USB Type-C;QulaqlÄ±q interfeysi:USB Type-C;Batareya nÃ¶vÃ¼:Li-lon;Ã‡Ä±xarÄ±la bilÉ™n batareya:Yox;Akselerometr:Var;Enerji yÄ±ÄŸma gÃ¼cÃ¼:25 Vt;BatareyanÄ±n hÉ™cmi:4832Â mAh;Ä°stehsal ili:2025;Barmaq izi oxuyucusu:Yox;""Komplektasiya"": ""iPhone;USB Type C/USB Type C;MÉ™lumat kitabÃ§asÄ±"";Seriya:iPhone 17 Pro Max;ZÉ™manÉ™t:12 ay;Ã‡É™ki:233 qr;ÅÉ™bÉ™kÉ™ standartÄ±:5G;Ekran:6.9\""",0,P100123004,iphone-17-pro-max-256-gb-silver_m100123026,#iPhone #17 #Pro #Max #256 #GB #Silver,iPhone 17 Pro Max 256 GB Silver,Silver,"https://imagedelivery.net/6xZ2gdbIq4j34kSGM6PEuA/48cff373-7d65-450b-1497-5955b9225a00/w=auto,q=auto,f=auto","https://imagedelivery.net/6xZ2gdbIq4j34kSGM6PEuA/8fc6cabb-70df-4e66-fe40-16f1ddb52900/w=auto,q=auto,f=auto;https://imagedelivery.net/6xZ2gdbIq4j34kSGM6PEuA/73371b2a-d9c5-4acf-3b71-09cec916d000/w=auto,q=auto,f=auto;https://imagedelivery.net/6xZ2gdbIq4j34kSGM6PEuA/7971ba7d-55dc-4372-d6b6-d7393388da00/w=auto,q=auto,f=auto;https://imagedelivery.net/6xZ2gdbIq4j34kSGM6PEuA/d75e007a-78f5-4421-4909-36e9ba657c00/w=auto,q=auto,f=auto;https://imagedelivery.net/6xZ2gdbIq4j34kSGM6PEuA/82dd802a-685e-44ca-831d-47de514be700/w=auto,q=auto,f=auto;https://imagedelivery.net/6xZ2gdbIq4j34kSGM6PEuA/84b6227f-3b04-48c5-faf8-12d7a0974e00/w=auto,q=auto,f=auto;https://imagedelivery.net/6xZ2gdbIq4j34kSGM6PEuA/4f873adf-b9c8-4def-b516-6cb7a1b84d00/w=auto,q=auto,f=auto;https://imagedelivery.net/6xZ2gdbIq4j34kSGM6PEuA/41dab7d7-4ae4-4481-254f-14f60158d100/w=auto,q=auto,f=auto;https://imagedelivery.net/6xZ2gdbIq4j34kSGM6PEuA/00f76497-a35d-45dc-2dd2-aaf26f1d3e00/w=auto,q=auto,f=auto","ğŸ“· iPhone 17 Pro Max â€“ Æn bÃ¶yÃ¼k vÉ™ É™n gÃ¼clÃ¼ iPhone

iPhone 17 Pro Max, 6.9 dÃ¼ymlÃ¼k Super Retina XDR ekranÄ± vÉ™ 48 MP Ã¼Ã§lÃ¼ kamera sistemi ilÉ™ É™n bÃ¶yÃ¼k vÉ™ É™n gÃ¼clÃ¼ iPhone modelidir. 8x optik zoom ilÉ™ É™n uzun iPhone telefoto Ã§É™kiliÅŸi tÉ™crÃ¼bÉ™sini tÉ™qdim edir. A19 Pro Ã§ipi vÉ™ bÃ¶yÃ¼k batareya ilÉ™ uzun mÃ¼ddÉ™t istifadÉ™ imkanÄ± verir. Bu model, xÃ¼susilÉ™ peÅŸÉ™kar istifadÉ™Ã§ilÉ™r vÉ™ yÃ¼ksÉ™k performans tÉ™lÉ™b edÉ™nlÉ™r Ã¼Ã§Ã¼n ideal seÃ§imdir.",256 GB,3899.99,400,V,,,5,50,1,1,1,0,0,0,0
M100123027,1,,,2846.708029,,,"Brend:Apple;Daxili yaddaÅŸ:256 GB;Operativ yaddaÅŸ:12 GB;Æsas kamera:48 MP + 48 MP + 48 MP;Ã–n kamera:18 MP;NÃ¼vÉ™ sayÄ±:6;SIM-kart nÃ¶vÃ¼:Nano SIM + eSIM;SIM-kart sayÄ±:1;Prosessorun adÄ±:Apple;ÆmÉ™liyyat sistemi:iOS;ÆmÉ™liyyat sistemin versiyasÄ±:iOS 26;NFC:Var;Prosessorun nÃ¶vÃ¼:Apple A19 Pro;Displey nÃ¶vÃ¼:Super Retina XDR OLED;Simsiz enerji:Var;Ä°nfraqÄ±rmÄ±zÄ± port:Yox;Ãœz tanÄ±ma:Var;SÃ¼rÉ™tli enerji yÄ±ÄŸma:Var;Qorunma dÉ™rÉ™cÉ™si:IP68;GÃ¶rÃ¼ntÃ¼ imkanÄ±:2868 Ã— 1320;Ã–lÃ§Ã¼lÉ™r:163.4 Ã— 78 Ã— 8.75 mm;YaddaÅŸ kartÄ± dÉ™stÉ™yi:Yox;Barometr:Var;Giroskop:Var;Ä°ÅŸÄ±q sensoru:Var;YaxÄ±nlaÅŸdÄ±rma sensoru:Var;Optik sabitlÉ™ÅŸmÉ™:Var;Video formatÄ±:4K / 1080p / 720p;Bluetooth versiyasÄ±:6.0;Avtofokus É™sas kamera:Var;""Video icazÉ™si vÉ™ kadr tezliyi"": ""4K - 720p;24-240 kadr/s"";Video asta Ã§É™kiliÅŸ:Var;RÉ™ng:Deep Blue;Enerji toplama nÃ¶vÃ¼:USB Type-C;QulaqlÄ±q interfeysi:USB Type-C;Batareya nÃ¶vÃ¼:Li-lon;Ã‡Ä±xarÄ±la bilÉ™n batareya:Yox;Akselerometr:Var;Enerji yÄ±ÄŸma gÃ¼cÃ¼:25 Vt;BatareyanÄ±n hÉ™cmi:4832Â mAh;Ä°stehsal ili:2025;Barmaq izi oxuyucusu:Yox;""Komplektasiya"": ""iPhone;USB Type C/USB Type C;MÉ™lumat kitabÃ§asÄ±"";Seriya:iPhone 17 Pro Max;ZÉ™manÉ™t:12 ay;Ã‡É™ki:233 qr;ÅÉ™bÉ™kÉ™ standartÄ±:5G;Ekran:6.9\""",0,P100123004,iphone-17-pro-max-256-gb-deep-blue_m100123027,#iPhone #17 #Pro #Max #256 #GB #Deep #Blue,iPhone 17 Pro Max 256 GB Deep Blue,Deep Blue,"https://imagedelivery.net/6xZ2gdbIq4j34kSGM6PEuA/4c7ef709-3f40-4899-12e5-522d141e6c00/w=auto,q=auto,f=auto","https://imagedelivery.net/6xZ2gdbIq4j34kSGM6PEuA/5dc054dd-5b60-4c9c-ec8d-50a38b57e900/w=auto,q=auto,f=auto;https://imagedelivery.net/6xZ2gdbIq4j34kSGM6PEuA/3a3575a3-1f17-4903-71d3-77ddb5471f00/w=auto,q=auto,f=auto;https://imagedelivery.net/6xZ2gdbIq4j34kSGM6PEuA/2a54ea06-e41b-424a-0482-9db4f02e4b00/w=auto,q=auto,f=auto;https://imagedelivery.net/6xZ2gdbIq4j34kSGM6PEuA/1f02fe50-3dd3-4cf7-68b3-f23973595e00/w=auto,q=auto,f=auto;https://imagedelivery.net/6xZ2gdbIq4j34kSGM6PEuA/3c99d0e2-af3d-4e50-5e06-b580b55f0700/w=auto,q=auto,f=auto;https://imagedelivery.net/6xZ2gdbIq4j34kSGM6PEuA/e298333a-08ef-4143-8501-a79bf0227000/w=auto,q=auto,f=auto;https://imagedelivery.net/6xZ2gdbIq4j34kSGM6PEuA/d6edc28a-fae4-4337-f3fa-5fa940f13300/w=auto,q=auto,f=auto;https://imagedelivery.net/6xZ2gdbIq4j34kSGM6PEuA/972c3a02-0c58-409d-d52c-1028697f5500/w=auto,q=auto,f=auto;https://imagedelivery.net/6xZ2gdbIq4j34kSGM6PEuA/79b39fcd-caba-4982-e2f9-0ebc39d42500/w=auto,q=auto,f=auto","ğŸ“· iPhone 17 Pro Max â€“ Æn bÃ¶yÃ¼k vÉ™ É™n gÃ¼clÃ¼ iPhone

iPhone 17 Pro Max, 6.9 dÃ¼ymlÃ¼k Super Retina XDR ekranÄ± vÉ™ 48 MP Ã¼Ã§lÃ¼ kamera sistemi ilÉ™ É™n bÃ¶yÃ¼k vÉ™ É™n gÃ¼clÃ¼ iPhone modelidir. 8x optik zoom ilÉ™ É™n uzun iPhone telefoto Ã§É™kiliÅŸi tÉ™crÃ¼bÉ™sini tÉ™qdim edir. A19 Pro Ã§ipi vÉ™ bÃ¶yÃ¼k batareya ilÉ™ uzun mÃ¼ddÉ™t istifadÉ™ imkanÄ± verir. Bu model, xÃ¼susilÉ™ peÅŸÉ™kar istifadÉ™Ã§ilÉ™r vÉ™ yÃ¼ksÉ™k performans tÉ™lÉ™b edÉ™nlÉ™r Ã¼Ã§Ã¼n ideal seÃ§imdir.",256 GB,3899.99,400,V,,,5,50,1,1,1,0,0,0,0
M100123028,1,,,2846.708029,,,"Brend:Apple;Daxili yaddaÅŸ:256 GB;Operativ yaddaÅŸ:12 GB;Æsas kamera:48 MP + 48 MP + 48 MP;Ã–n kamera:18 MP;NÃ¼vÉ™ sayÄ±:6;SIM-kart nÃ¶vÃ¼:Nano SIM + eSIM;SIM-kart sayÄ±:1;Prosessorun adÄ±:Apple;ÆmÉ™liyyat sistemi:iOS;ÆmÉ™liyyat sistemin versiyasÄ±:iOS 26;NFC:Var;Prosessorun nÃ¶vÃ¼:Apple A19 Pro;Displey nÃ¶vÃ¼:Super Retina XDR OLED;Simsiz enerji:Var;Ä°nfraqÄ±rmÄ±zÄ± port:Yox;Ãœz tanÄ±ma:Var;SÃ¼rÉ™tli enerji yÄ±ÄŸma:Var;Qorunma dÉ™rÉ™cÉ™si:IP68;GÃ¶rÃ¼ntÃ¼ imkanÄ±:2868 Ã— 1320;Ã–lÃ§Ã¼lÉ™r:163.4 Ã— 78 Ã— 8.75 mm;YaddaÅŸ kartÄ± dÉ™stÉ™yi:Yox;Barometr:Var;Giroskop:Var;Ä°ÅŸÄ±q sensoru:Var;YaxÄ±nlaÅŸdÄ±rma sensoru:Var;Optik sabitlÉ™ÅŸmÉ™:Var;Video formatÄ±:4K / 1080p / 720p;Bluetooth versiyasÄ±:6.0;Avtofokus É™sas kamera:Var;""Video icazÉ™si vÉ™ kadr tezliyi"": ""4K - 720p;24-240 kadr/s"";Video asta Ã§É™kiliÅŸ:Var;RÉ™ng:Cosmic Orange;Enerji toplama nÃ¶vÃ¼:USB Type-C;QulaqlÄ±q interfeysi:USB Type-C;Batareya nÃ¶vÃ¼:Li-lon;Ã‡Ä±xarÄ±la bilÉ™n batareya:Yox;Akselerometr:Var;Enerji yÄ±ÄŸma gÃ¼cÃ¼:25 Vt;BatareyanÄ±n hÉ™cmi:4832Â mAh;Ä°stehsal ili:2025;Barmaq izi oxuyucusu:Yox;""Komplektasiya"": ""iPhone;USB Type C/USB Type C;MÉ™lumat kitabÃ§asÄ±"";Seriya:iPhone 17 Pro Max;ZÉ™manÉ™t:12 ay;Ã‡É™ki:233 qr;ÅÉ™bÉ™kÉ™ standartÄ±:5G;Ekran:6.9\""",0,P100123004,iphone-17-pro-max-256-gb-cosmic-orange_m100123028,#iPhone #17 #Pro #Max #256 #GB #Cosmic #Orange,iPhone 17 Pro Max 256 GB Cosmic Orange,Cosmic Orange,"https://imagedelivery.net/6xZ2gdbIq4j34kSGM6PEuA/5b6812b3-4178-4315-5b65-69add7371600/w=auto,q=auto,f=auto","https://imagedelivery.net/6xZ2gdbIq4j34kSGM6PEuA/4cc15f4f-4c3f-49a3-7a9a-5dadb4980900/w=auto,q=auto,f=auto;https://imagedelivery.net/6xZ2gdbIq4j34kSGM6PEuA/9e7980eb-eced-4ab4-56b6-19a81e9dd300/w=auto,q=auto,f=auto;https://imagedelivery.net/6xZ2gdbIq4j34kSGM6PEuA/7da77e2f-34da-4135-62c6-b283b9458c00/w=auto,q=auto,f=auto;https://imagedelivery.net/6xZ2gdbIq4j34kSGM6PEuA/ec533c3f-647b-4770-7323-e54a112ced00/w=auto,q=auto,f=auto;https://imagedelivery.net/6xZ2gdbIq4j34kSGM6PEuA/a1902fd8-2a1e-426a-f3ed-5cb6dc954100/w=auto,q=auto,f=auto;https://imagedelivery.net/6xZ2gdbIq4j34kSGM6PEuA/67993aca-644d-4725-0423-59a4532c4400/w=auto,q=auto,f=auto;https://imagedelivery.net/6xZ2gdbIq4j34kSGM6PEuA/a139209c-7a48-4194-9882-a6634f219200/w=auto,q=auto,f=auto;https://imagedelivery.net/6xZ2gdbIq4j34kSGM6PEuA/1462b01d-1d6d-43fa-b2f8-630856ab8c00/w=auto,q=auto,f=auto;https://imagedelivery.net/6xZ2gdbIq4j34kSGM6PEuA/1dfa4fbc-e2f3-43e8-eeee-d9fc493bac00/w=auto,q=auto,f=auto","ğŸ“· iPhone 17 Pro Max â€“ Æn bÃ¶yÃ¼k vÉ™ É™n gÃ¼clÃ¼ iPhone

iPhone 17 Pro Max, 6.9 dÃ¼ymlÃ¼k Super Retina XDR ekranÄ± vÉ™ 48 MP Ã¼Ã§lÃ¼ kamera sistemi ilÉ™ É™n bÃ¶yÃ¼k vÉ™ É™n gÃ¼clÃ¼ iPhone modelidir. 8x optik zoom ilÉ™ É™n uzun iPhone telefoto Ã§É™kiliÅŸi tÉ™crÃ¼bÉ™sini tÉ™qdim edir. A19 Pro Ã§ipi vÉ™ bÃ¶yÃ¼k batareya ilÉ™ uzun mÃ¼ddÉ™t istifadÉ™ imkanÄ± verir. Bu model, xÃ¼susilÉ™ peÅŸÉ™kar istifadÉ™Ã§ilÉ™r vÉ™ yÃ¼ksÉ™k performans tÉ™lÉ™b edÉ™nlÉ™r Ã¼Ã§Ã¼n ideal seÃ§imdir.",256 GB,3899.99,400,V,,,5,50,1,1,1,0,0,0,0
M100123029,1,,,3284.664234,,,"Brend:Apple;Daxili yaddaÅŸ:512 GB;Operativ yaddaÅŸ:12 GB;Æsas kamera:48 MP + 48 MP + 48 MP;Ã–n kamera:18 MP;NÃ¼vÉ™ sayÄ±:6;SIM-kart nÃ¶vÃ¼:Nano SIM + eSIM;SIM-kart sayÄ±:1;Prosessorun adÄ±:Apple;ÆmÉ™liyyat sistemi:iOS;ÆmÉ™liyyat sistemin versiyasÄ±:iOS 26;NFC:Var;Prosessorun nÃ¶vÃ¼:Apple A19 Pro;Displey nÃ¶vÃ¼:Super Retina XDR OLED;Simsiz enerji:Var;Ä°nfraqÄ±rmÄ±zÄ± port:Yox;Ãœz tanÄ±ma:Var;SÃ¼rÉ™tli enerji yÄ±ÄŸma:Var;Qorunma dÉ™rÉ™cÉ™si:IP68;GÃ¶rÃ¼ntÃ¼ imkanÄ±:2868 Ã— 1320;Ã–lÃ§Ã¼lÉ™r:163.4 Ã— 78 Ã— 8.75 mm;YaddaÅŸ kartÄ± dÉ™stÉ™yi:Yox;Barometr:Var;Giroskop:Var;Ä°ÅŸÄ±q sensoru:Var;YaxÄ±nlaÅŸdÄ±rma sensoru:Var;Optik sabitlÉ™ÅŸmÉ™:Var;Video formatÄ±:4K / 1080p / 720p;Bluetooth versiyasÄ±:6.0;Avtofokus É™sas kamera:Var;""Video icazÉ™si vÉ™ kadr tezliyi"": ""4K - 720p;24-240 kadr/s"";Video asta Ã§É™kiliÅŸ:Var;RÉ™ng:Silver;Enerji toplama nÃ¶vÃ¼:USB Type-C;QulaqlÄ±q interfeysi:USB Type-C;Batareya nÃ¶vÃ¼:Li-lon;Ã‡Ä±xarÄ±la bilÉ™n batareya:Yox;Akselerometr:Var;Enerji yÄ±ÄŸma gÃ¼cÃ¼:25 Vt;BatareyanÄ±n hÉ™cmi:4832Â mAh;Ä°stehsal ili:2025;Barmaq izi oxuyucusu:Yox;""Komplektasiya"": ""iPhone;USB Type C/USB Type C;MÉ™lumat kitabÃ§asÄ±"";Seriya:iPhone 17 Pro Max;ZÉ™manÉ™t:12 ay;Ã‡É™ki:233 qr;ÅÉ™bÉ™kÉ™ standartÄ±:5G;Ekran:6.9\""",0,P100123004,iphone-17-pro-max-512-gb-silver_m100123029,#iPhone #17 #Pro #Max #512 #GB #Silver,iPhone 17 Pro Max 512 GB Silver,Silver,"https://imagedelivery.net/6xZ2gdbIq4j34kSGM6PEuA/c05fec6b-98d2-424e-4725-1e1ab0b86700/w=auto,q=auto,f=auto","https://imagedelivery.net/6xZ2gdbIq4j34kSGM6PEuA/25536271-0f56-4a6c-7fec-8d732ad17500/w=auto,q=auto,f=auto;https://imagedelivery.net/6xZ2gdbIq4j34kSGM6PEuA/9c6f4614-6fc1-4905-6e19-d30852807500/w=auto,q=auto,f=auto;https://imagedelivery.net/6xZ2gdbIq4j34kSGM6PEuA/a2083dc9-3f67-4e51-1ce7-43325f5a2d00/w=auto,q=auto,f=auto;https://imagedelivery.net/6xZ2gdbIq4j34kSGM6PEuA/c2e84b81-ac6d-4ea5-2822-5032c44d3100/w=auto,q=auto,f=auto;https://imagedelivery.net/6xZ2gdbIq4j34kSGM6PEuA/14054f6b-0350-49b5-f0ac-2fdc12dccb00/w=auto,q=auto,f=auto;https://imagedelivery.net/6xZ2gdbIq4j34kSGM6PEuA/73b1e7c6-97bd-44ed-b52a-2622837d5b00/w=auto,q=auto,f=auto;https://imagedelivery.net/6xZ2gdbIq4j34kSGM6PEuA/d6424e63-2855-44b0-1185-ed8c24b5a100/w=auto,q=auto,f=auto;https://imagedelivery.net/6xZ2gdbIq4j34kSGM6PEuA/46a316c0-f90f-4334-9996-623dfe8f2400/w=auto,q=auto,f=auto;https://imagedelivery.net/6xZ2gdbIq4j34kSGM6PEuA/ed96d41b-2d93-47e2-7d8e-60a078a64300/w=auto,q=auto,f=auto","ğŸ“· iPhone 17 Pro Max â€“ Æn bÃ¶yÃ¼k vÉ™ É™n gÃ¼clÃ¼ iPhone

iPhone 17 Pro Max, 6.9 dÃ¼ymlÃ¼k Super Retina XDR ekranÄ± vÉ™ 48 MP Ã¼Ã§lÃ¼ kamera sistemi ilÉ™ É™n bÃ¶yÃ¼k vÉ™ É™n gÃ¼clÃ¼ iPhone modelidir. 8x optik zoom ilÉ™ É™n uzun iPhone telefoto Ã§É™kiliÅŸi tÉ™crÃ¼bÉ™sini tÉ™qdim edir. A19 Pro Ã§ipi vÉ™ bÃ¶yÃ¼k batareya ilÉ™ uzun mÃ¼ddÉ™t istifadÉ™ imkanÄ± verir. Bu model, xÃ¼susilÉ™ peÅŸÉ™kar istifadÉ™Ã§ilÉ™r vÉ™ yÃ¼ksÉ™k performans tÉ™lÉ™b edÉ™nlÉ™r Ã¼Ã§Ã¼n ideal seÃ§imdir.",512 GB,4499.99,420,V,,,5,50,1,1,1,0,0,0,0
M100123030,1,,,3284.664234,,,"Brend:Apple;Daxili yaddaÅŸ:512 GB;Operativ yaddaÅŸ:12 GB;Æsas kamera:48 MP + 48 MP + 48 MP;Ã–n kamera:18 MP;NÃ¼vÉ™ sayÄ±:6;SIM-kart nÃ¶vÃ¼:Nano SIM + eSIM;SIM-kart sayÄ±:1;Prosessorun adÄ±:Apple;ÆmÉ™liyyat sistemi:iOS;ÆmÉ™liyyat sistemin versiyasÄ±:iOS 26;NFC:Var;Prosessorun nÃ¶vÃ¼:Apple A19 Pro;Displey nÃ¶vÃ¼:Super Retina XDR OLED;Simsiz enerji:Var;Ä°nfraqÄ±rmÄ±zÄ± port:Yox;Ãœz tanÄ±ma:Var;SÃ¼rÉ™tli enerji yÄ±ÄŸma:Var;Qorunma dÉ™rÉ™cÉ™si:IP68;GÃ¶rÃ¼ntÃ¼ imkanÄ±:2868 Ã— 1320;Ã–lÃ§Ã¼lÉ™r:163.4 Ã— 78 Ã— 8.75 mm;YaddaÅŸ kartÄ± dÉ™stÉ™yi:Yox;Barometr:Var;Giroskop:Var;Ä°ÅŸÄ±q sensoru:Var;YaxÄ±nlaÅŸdÄ±rma sensoru:Var;Optik sabitlÉ™ÅŸmÉ™:Var;Video formatÄ±:4K / 1080p / 720p;Bluetooth versiyasÄ±:6.0;Avtofokus É™sas kamera:Var;""Video icazÉ™si vÉ™ kadr tezliyi"": ""4K - 720p;24-240 kadr/s"";Video asta Ã§É™kiliÅŸ:Var;RÉ™ng:Deep Blue;Enerji toplama nÃ¶vÃ¼:USB Type-C;QulaqlÄ±q interfeysi:USB Type-C;Batareya nÃ¶vÃ¼:Li-lon;Ã‡Ä±xarÄ±la bilÉ™n batareya:Yox;Akselerometr:Var;Enerji yÄ±ÄŸma gÃ¼cÃ¼:25 Vt;BatareyanÄ±n hÉ™cmi:4832Â mAh;Ä°stehsal ili:2025;Barmaq izi oxuyucusu:Yox;""Komplektasiya"": ""iPhone;USB Type C/USB Type C;MÉ™lumat kitabÃ§asÄ±"";Seriya:iPhone 17 Pro Max;ZÉ™manÉ™t:12 ay;Ã‡É™ki:233 qr;ÅÉ™bÉ™kÉ™ standartÄ±:5G;Ekran:6.9\""",0,P100123004,iphone-17-pro-max-512-gb-deep-blue_m100123030,#iPhone #17 #Pro #Max #512 #GB #Deep #Blue,iPhone 17 Pro Max 512 GB Deep Blue,Deep Blue,"https://imagedelivery.net/6xZ2gdbIq4j34kSGM6PEuA/06fb99c0-b3ef-44a9-ec80-bd2c3ea6cf00/w=auto,q=auto,f=auto","https://imagedelivery.net/6xZ2gdbIq4j34kSGM6PEuA/17a9d9da-a1f8-4960-d35c-ba7ea6f18c00/w=auto,q=auto,f=auto;https://imagedelivery.net/6xZ2gdbIq4j34kSGM6PEuA/3231030f-1822-42d7-f4d1-d966b3dd9300/w=auto,q=auto,f=auto;https://imagedelivery.net/6xZ2gdbIq4j34kSGM6PEuA/d4b02dac-41ce-47f4-f977-91f329651d00/w=auto,q=auto,f=auto;https://imagedelivery.net/6xZ2gdbIq4j34kSGM6PEuA/d0157dc1-9b25-4179-7b5d-74546c3c3400/w=auto,q=auto,f=auto;https://imagedelivery.net/6xZ2gdbIq4j34kSGM6PEuA/703eedc1-42b0-45f5-be90-cb7a164b0200/w=auto,q=auto,f=auto;https://imagedelivery.net/6xZ2gdbIq4j34kSGM6PEuA/d0032f70-f06f-4b09-9cc9-1feac3427400/w=auto,q=auto,f=auto;https://imagedelivery.net/6xZ2gdbIq4j34kSGM6PEuA/bad193e1-5065-4b1c-f574-b7d113efb800/w=auto,q=auto,f=auto;https://imagedelivery.net/6xZ2gdbIq4j34kSGM6PEuA/87f88cf6-5896-4645-6942-7f64c479fb00/w=auto,q=auto,f=auto;https://imagedelivery.net/6xZ2gdbIq4j34kSGM6PEuA/45900e0d-d1aa-44e3-b7b7-10ed78d60100/w=auto,q=auto,f=auto","ğŸ“· iPhone 17 Pro Max â€“ Æn bÃ¶yÃ¼k vÉ™ É™n gÃ¼clÃ¼ iPhone

iPhone 17 Pro Max, 6.9 dÃ¼ymlÃ¼k Super Retina XDR ekranÄ± vÉ™ 48 MP Ã¼Ã§lÃ¼ kamera sistemi ilÉ™ É™n bÃ¶yÃ¼k vÉ™ É™n gÃ¼clÃ¼ iPhone modelidir. 8x optik zoom ilÉ™ É™n uzun iPhone telefoto Ã§É™kiliÅŸi tÉ™crÃ¼bÉ™sini tÉ™qdim edir. A19 Pro Ã§ipi vÉ™ bÃ¶yÃ¼k batareya ilÉ™ uzun mÃ¼ddÉ™t istifadÉ™ imkanÄ± verir. Bu model, xÃ¼susilÉ™ peÅŸÉ™kar istifadÉ™Ã§ilÉ™r vÉ™ yÃ¼ksÉ™k performans tÉ™lÉ™b edÉ™nlÉ™r Ã¼Ã§Ã¼n ideal seÃ§imdir.",512 GB,4499.99,420,V,,,5,50,1,1,1,0,0,0,0
M100123031,1,,,3284.664234,,,"Brend:Apple;Daxili yaddaÅŸ:512 GB;Operativ yaddaÅŸ:12 GB;Æsas kamera:48 MP + 48 MP + 48 MP;Ã–n kamera:18 MP;NÃ¼vÉ™ sayÄ±:6;SIM-kart nÃ¶vÃ¼:Nano SIM + eSIM;SIM-kart sayÄ±:1;Prosessorun adÄ±:Apple;ÆmÉ™liyyat sistemi:iOS;ÆmÉ™liyyat sistemin versiyasÄ±:iOS 26;NFC:Var;Prosessorun nÃ¶vÃ¼:Apple A19 Pro;Displey nÃ¶vÃ¼:Super Retina XDR OLED;Simsiz enerji:Var;Ä°nfraqÄ±rmÄ±zÄ± port:Yox;Ãœz tanÄ±ma:Var;SÃ¼rÉ™tli enerji yÄ±ÄŸma:Var;Qorunma dÉ™rÉ™cÉ™si:IP68;GÃ¶rÃ¼ntÃ¼ imkanÄ±:2868 Ã— 1320;Ã–lÃ§Ã¼lÉ™r:163.4 Ã— 78 Ã— 8.75 mm;YaddaÅŸ kartÄ± dÉ™stÉ™yi:Yox;Barometr:Var;Giroskop:Var;Ä°ÅŸÄ±q sensoru:Var;YaxÄ±nlaÅŸdÄ±rma sensoru:Var;Optik sabitlÉ™ÅŸmÉ™:Var;Video formatÄ±:4K / 1080p / 720p;Bluetooth versiyasÄ±:6.0;Avtofokus É™sas kamera:Var;""Video icazÉ™si vÉ™ kadr tezliyi"": ""4K - 720p;24-240 kadr/s"";Video asta Ã§É™kiliÅŸ:Var;RÉ™ng:Cosmic Orange;Enerji toplama nÃ¶vÃ¼:USB Type-C;QulaqlÄ±q interfeysi:USB Type-C;Batareya nÃ¶vÃ¼:Li-lon;Ã‡Ä±xarÄ±la bilÉ™n batareya:Yox;Akselerometr:Var;Enerji yÄ±ÄŸma gÃ¼cÃ¼:25 Vt;BatareyanÄ±n hÉ™cmi:4832Â mAh;Ä°stehsal ili:2025;Barmaq izi oxuyucusu:Yox;""Komplektasiya"": ""iPhone;USB Type C/USB Type C;MÉ™lumat kitabÃ§asÄ±"";Seriya:iPhone 17 Pro Max;ZÉ™manÉ™t:12 ay;Ã‡É™ki:233 qr;ÅÉ™bÉ™kÉ™ standartÄ±:5G;Ekran:6.9\""",0,P100123004,iphone-17-pro-max-512-gb-cosmic-orange_m100123031,#iPhone #17 #Pro #Max #512 #GB #Cosmic #Orange,iPhone 17 Pro Max 512 GB Cosmic Orange,Cosmic Orange,"https://imagedelivery.net/6xZ2gdbIq4j34kSGM6PEuA/887a2d6a-986d-4d5f-e730-a3fc83ddd200/w=auto,q=auto,f=auto","https://imagedelivery.net/6xZ2gdbIq4j34kSGM6PEuA/6df913d2-be8b-491f-bc15-554bbb097b00/w=auto,q=auto,f=auto;https://imagedelivery.net/6xZ2gdbIq4j34kSGM6PEuA/1fc89b60-c836-446e-15db-6a6f22cf4400/w=auto,q=auto,f=auto;https://imagedelivery.net/6xZ2gdbIq4j34kSGM6PEuA/dfb6d9df-e51b-42a8-cf62-1ff8a48fc200/w=auto,q=auto,f=auto;https://imagedelivery.net/6xZ2gdbIq4j34kSGM6PEuA/3b30120c-dd9b-4664-9a4e-22be21671000/w=auto,q=auto,f=auto;https://imagedelivery.net/6xZ2gdbIq4j34kSGM6PEuA/4833a19b-fc80-40fb-516d-fe4afcba5d00/w=auto,q=auto,f=auto;https://imagedelivery.net/6xZ2gdbIq4j34kSGM6PEuA/59426e11-858a-46eb-37d2-55eacda93300/w=auto,q=auto,f=auto;https://imagedelivery.net/6xZ2gdbIq4j34kSGM6PEuA/1a35ab50-e53f-4b70-20a9-dd5b97fb5f00/w=auto,q=auto,f=auto;https://imagedelivery.net/6xZ2gdbIq4j34kSGM6PEuA/5a89f1a7-492d-4186-bb0b-691e8acbe800/w=auto,q=auto,f=auto;https://imagedelivery.net/6xZ2gdbIq4j34kSGM6PEuA/3d0c6af0-0f6f-4285-19bc-71acb28c4600/w=auto,q=auto,f=auto","ğŸ“· iPhone 17 Pro Max â€“ Æn bÃ¶yÃ¼k vÉ™ É™n gÃ¼clÃ¼ iPhone

iPhone 17 Pro Max, 6.9 dÃ¼ymlÃ¼k Super Retina XDR ekranÄ± vÉ™ 48 MP Ã¼Ã§lÃ¼ kamera sistemi ilÉ™ É™n bÃ¶yÃ¼k vÉ™ É™n gÃ¼clÃ¼ iPhone modelidir. 8x optik zoom ilÉ™ É™n uzun iPhone telefoto Ã§É™kiliÅŸi tÉ™crÃ¼bÉ™sini tÉ™qdim edir. A19 Pro Ã§ipi vÉ™ bÃ¶yÃ¼k batareya ilÉ™ uzun mÃ¼ddÉ™t istifadÉ™ imkanÄ± verir. Bu model, xÃ¼susilÉ™ peÅŸÉ™kar istifadÉ™Ã§ilÉ™r vÉ™ yÃ¼ksÉ™k performans tÉ™lÉ™b edÉ™nlÉ™r Ã¼Ã§Ã¼n ideal seÃ§imdir.",512 GB,4499.99,420,V,,,5,50,1,1,1,0,0,0,0
M100123032,1,,,3649.627737,,,"Brend:Apple;Æsas kamera:48 MP + 48 MP + 48 MP;Ã–n kamera:18 MP;NÃ¼vÉ™ sayÄ±:6;SIM-kart nÃ¶vÃ¼:Nano SIM + eSIM;SIM-kart sayÄ±:1;Prosessorun adÄ±:Apple;ÆmÉ™liyyat sistemi:iOS;ÆmÉ™liyyat sistemin versiyasÄ±:iOS 26;NFC:Var;Prosessorun nÃ¶vÃ¼:Apple A19 Pro;Displey nÃ¶vÃ¼:Super Retina XDR OLED;Simsiz enerji:Var;Ä°nfraqÄ±rmÄ±zÄ± port:Yox;Ãœz tanÄ±ma:Var;SÃ¼rÉ™tli enerji yÄ±ÄŸma:Var;Qorunma dÉ™rÉ™cÉ™si:IP68;GÃ¶rÃ¼ntÃ¼ imkanÄ±:2868 Ã— 1320;Ã–lÃ§Ã¼lÉ™r:163.4 Ã— 78 Ã— 8.75 mm;Barometr:Var;Giroskop:Var;Video formatÄ±:4K / 1080p / 720p;Bluetooth versiyasÄ±:6.0;Avtofokus É™sas kamera:Var;""Video icazÉ™si vÉ™ kadr tezliyi"": ""4K - 720p;24-240 kadr/s"";RÉ™ng:Deep Blue;Enerji toplama nÃ¶vÃ¼:USB Type-C;QulaqlÄ±q interfeysi:USB Type-C;Batareya nÃ¶vÃ¼:Li-lon;Ã‡Ä±xarÄ±la bilÉ™n batareya:Yox;Akselerometr:Var;Enerji yÄ±ÄŸma gÃ¼cÃ¼:25 Vt;BatareyanÄ±n hÉ™cmi:4832Â mAh;Ä°stehsal ili:2025;Barmaq izi oxuyucusu:Yox;""Komplektasiya"": ""iPhone;USB Type C/USB Type C;MÉ™lumat kitabÃ§asÄ±"";Seriya:iPhone 17 Pro Max;ZÉ™manÉ™t:12 ay;Ã‡É™ki:233 qr;Ekran:6.9\""",0,P100123004,iphone-17-pro-max-1-tb-deep-blue_m100123032,#iPhone #17 #Pro #Max #1 #TB #Deep #Blue,iPhone 17 Pro Max 1 TB Deep Blue,Deep Blue,"https://imagedelivery.net/6xZ2gdbIq4j34kSGM6PEuA/43e04ef1-4f20-4263-2aa7-84de6bea4a00/w=auto,q=auto,f=auto","https://imagedelivery.net/6xZ2gdbIq4j34kSGM6PEuA/23399ce5-d699-42e6-fcd8-9f564b49d800/w=auto,q=auto,f=auto;https://imagedelivery.net/6xZ2gdbIq4j34kSGM6PEuA/76cae24b-632c-4b40-f110-57b33be82400/w=auto,q=auto,f=auto;https://imagedelivery.net/6xZ2gdbIq4j34kSGM6PEuA/e1dc19e8-7b45-4cb4-7abd-9ec85e7a6500/w=auto,q=auto,f=auto;https://imagedelivery.net/6xZ2gdbIq4j34kSGM6PEuA/724c1ced-800c-4f41-1737-2e9b1c0f3900/w=auto,q=auto,f=auto","ğŸ“· iPhone 17 Pro Max â€“ Æn bÃ¶yÃ¼k vÉ™ É™n gÃ¼clÃ¼ iPhone

iPhone 17 Pro Max, 6.9 dÃ¼ymlÃ¼k Super Retina XDR ekranÄ± vÉ™ 48 MP Ã¼Ã§lÃ¼ kamera sistemi ilÉ™ É™n bÃ¶yÃ¼k vÉ™ É™n gÃ¼clÃ¼ iPhone modelidir. 8x optik zoom ilÉ™ É™n uzun iPhone telefoto Ã§É™kiliÅŸi tÉ™crÃ¼bÉ™sini tÉ™qdim edir. A19 Pro Ã§ipi vÉ™ bÃ¶yÃ¼k batareya ilÉ™ uzun mÃ¼ddÉ™t istifadÉ™ imkanÄ± verir. Bu model, xÃ¼susilÉ™ peÅŸÉ™kar istifadÉ™Ã§ilÉ™r vÉ™ yÃ¼ksÉ™k performans tÉ™lÉ™b edÉ™nlÉ™r Ã¼Ã§Ã¼n ideal seÃ§imdir.",1 TB,4999.99,420,V,,,5,50,1,1,1,0,0,0,0
M100123033,1,,,3649.627737,,,"Brend:Apple;Daxili yaddaÅŸ:1 TB;Operativ yaddaÅŸ:12 GB;Æsas kamera:48 MP + 48 MP + 48 MP;Ã–n kamera:18 MP;NÃ¼vÉ™ sayÄ±:6;SIM-kart nÃ¶vÃ¼:Nano SIM + eSIM;SIM-kart sayÄ±:1;Prosessorun adÄ±:Apple;ÆmÉ™liyyat sistemi:iOS;ÆmÉ™liyyat sistemin versiyasÄ±:iOS 26;NFC:Var;Prosessorun nÃ¶vÃ¼:Apple A19 Pro;Displey nÃ¶vÃ¼:Super Retina XDR OLED;Simsiz enerji:Var;Ä°nfraqÄ±rmÄ±zÄ± port:Yox;Ãœz tanÄ±ma:Var;SÃ¼rÉ™tli enerji yÄ±ÄŸma:Var;Qorunma dÉ™rÉ™cÉ™si:IP68;GÃ¶rÃ¼ntÃ¼ imkanÄ±:2868 Ã— 1320;Ã–lÃ§Ã¼lÉ™r:163.4 Ã— 78 Ã— 8.75 mm;YaddaÅŸ kartÄ± dÉ™stÉ™yi:Yox;Barometr:Var;Giroskop:Var;Ä°ÅŸÄ±q sensoru:Var;YaxÄ±nlaÅŸdÄ±rma sensoru:Var;Optik sabitlÉ™ÅŸmÉ™:Var;Video formatÄ±:4K / 1080p / 720p;Bluetooth versiyasÄ±:6.0;Avtofokus É™sas kamera:Var;""Video icazÉ™si vÉ™ kadr tezliyi"": ""4K - 720p;24-240 kadr/s"";Video asta Ã§É™kiliÅŸ:Var;RÉ™ng:Cosmic Orange;Enerji toplama nÃ¶vÃ¼:USB Type-C;QulaqlÄ±q interfeysi:USB Type-C;Batareya nÃ¶vÃ¼:Li-lon;Ã‡Ä±xarÄ±la bilÉ™n batareya:Yox;Akselerometr:Var;Enerji yÄ±ÄŸma gÃ¼cÃ¼:25 Vt;BatareyanÄ±n hÉ™cmi:4832Â mAh;Ä°stehsal ili:2025;Barmaq izi oxuyucusu:Yox;""Komplektasiya"": ""iPhone;USB Type C/USB Type C;MÉ™lumat kitabÃ§asÄ±"";Seriya:iPhone 17 Pro Max;ZÉ™manÉ™t:12 ay;Ã‡É™ki:233 qr;ÅÉ™bÉ™kÉ™ standartÄ±:5G;Ekran:6.9\""",0,P100123004,iphone-17-pro-max-1-tb-cosmic-orange_m100123033,#iPhone #17 #Pro #Max #1 #TB #Cosmic #Orange,iPhone 17 Pro Max 1 TB Cosmic Orange,Cosmic Orange,"https://imagedelivery.net/6xZ2gdbIq4j34kSGM6PEuA/98fe211c-e08a-4b3b-b2c6-c182b6976600/w=auto,q=auto,f=auto","https://imagedelivery.net/6xZ2gdbIq4j34kSGM6PEuA/d55f0e02-8192-4b2b-cca5-4d463f029800/w=auto,q=auto,f=auto;https://imagedelivery.net/6xZ2gdbIq4j34kSGM6PEuA/28a5e9c7-a7e5-4ab8-b317-2e862631db00/w=auto,q=auto,f=auto;https://imagedelivery.net/6xZ2gdbIq4j34kSGM6PEuA/8cf7588c-8b8f-47b5-0e82-a06f94b33b00/w=auto,q=auto,f=auto;https://imagedelivery.net/6xZ2gdbIq4j34kSGM6PEuA/d2e1d256-d40f-4262-42b6-3c1582d54f00/w=auto,q=auto,f=auto;https://imagedelivery.net/6xZ2gdbIq4j34kSGM6PEuA/9aea9d21-cecb-43bb-8baf-0d3bcd22de00/w=auto,q=auto,f=auto;https://imagedelivery.net/6xZ2gdbIq4j34kSGM6PEuA/2167f179-ed1e-4216-cb02-3c97dd0d7e00/w=auto,q=auto,f=auto;https://imagedelivery.net/6xZ2gdbIq4j34kSGM6PEuA/f8ae7031-048b-4b2c-eb95-a05ac0170000/w=auto,q=auto,f=auto;https://imagedelivery.net/6xZ2gdbIq4j34kSGM6PEuA/c64c0cd7-b994-4bde-52d3-f825f42a9900/w=auto,q=auto,f=auto;https://imagedelivery.net/6xZ2gdbIq4j34kSGM6PEuA/7a4bea58-5ee0-4c51-9d30-ed3473541f00/w=auto,q=auto,f=auto","ğŸ“· iPhone 17 Pro Max â€“ Æn bÃ¶yÃ¼k vÉ™ É™n gÃ¼clÃ¼ iPhone

iPhone 17 Pro Max, 6.9 dÃ¼ymlÃ¼k Super Retina XDR ekranÄ± vÉ™ 48 MP Ã¼Ã§lÃ¼ kamera sistemi ilÉ™ É™n bÃ¶yÃ¼k vÉ™ É™n gÃ¼clÃ¼ iPhone modelidir. 8x optik zoom ilÉ™ É™n uzun iPhone telefoto Ã§É™kiliÅŸi tÉ™crÃ¼bÉ™sini tÉ™qdim edir. A19 Pro Ã§ipi vÉ™ bÃ¶yÃ¼k batareya ilÉ™ uzun mÃ¼ddÉ™t istifadÉ™ imkanÄ± verir. Bu model, xÃ¼susilÉ™ peÅŸÉ™kar istifadÉ™Ã§ilÉ™r vÉ™ yÃ¼ksÉ™k performans tÉ™lÉ™b edÉ™nlÉ™r Ã¼Ã§Ã¼n ideal seÃ§imdir.",1 TB,4999.99,420,V,,,5,50,1,1,1,0,0,0,0