sku,is_added,is_updated,category,cost_price,brand,type,attributes,is_main_product,main_product,slug,tags,name,color,image,more_images,description,size,price,discount_type,discount_value,pack_size,tax,max_quantity,stock_count,variant_status,status,is_stock,is_discount,is_hot,is_best,is_most,intrastat
TM-DG-SBP-1105-SM-3427,1,`,`,2149.99,`,`,"Brend:Samsung;Daxili yaddaş:256 GB;Operativ yaddaş:12 GB;Əsas kamera:50 MP + 200 MP + 50 MP + 10 MP;Ön kamera:12 MP;Nüvə sayı:8;SIM-kart növü:Nano SIM + eSIM;SIM-kart sayı:2;Prosessorun adı:Qualcomm;Əməliyyat sistemi:Android;Əməliyyat sistemin versiyası:Android 15;NFC:Var;Prosessorun növü:Qualcomm Snapdragon 8 Elite for Galaxy;Displey növü:Dynamic AMOLED 2Х;Simsiz enerji:Var;İnfraqırmızı port:Yox;Üz tanıma:Var;Sürətli enerji yığma:Var;Qorunma dərəcəsi:IP68;Görüntü imkanı:3120 × 1440;Ölçülər:162.8 × 77.6 × 8.2 mm;Yaddaş kartı dəstəyi:Yox;Barometr:Var;Giroskop:Var;İşıq sensoru:Var;Yaxınlaşdırma sensoru:Var;Optik sabitləşmə:Var;Video formatı:8K / 4K / 1080p;Bluetooth versiyası:5.4;Avtofokus əsas kamera:Var;Video icazəsi və kadr tezliyi:8K - 1080p, 30-240 kadr/s;Video asta çəkiliş:Var;Rəng:Titanium White Silver;Enerji toplama növü:USB Type-C;Qulaqlıq interfeysi:USB Type-C;Batareya növü:Li-lon;Çıxarıla bilən batareya:Yox;Akselerometr:Var;Enerji yığma gücü:45 Vt;Batareyanın həcmi:5000 mAh;İstehsal ili:2025;Barmaq izi oxuyucusu:Displeydə;Korpusun materiali:Titan və şüşə;Komplektasiya:Smartfon, Məlumat kitabçası;Seriya:Samsung Galaxy S25 Ultra;Zəmanət:12 ay;Şəbəkə standartı:5G;Ekran:6.9""",0,`,samsung-galaxy-s25-ultra-sm-s938b-12256-gb-titanium-white-silver,#Samsung #Galaxy #S25 #Ultra #256GB,Samsung Galaxy S25 Ultra (SM-S938B) 12/256 GB Titanium White Silver,Titanium White Silver,"https://imagedelivery.net/6xZ2gdbIq4j34kSGM6PEuA/8fe41d8b-285b-4611-eb39-aadf13503100/w=auto,q=auto,f=auto","https://imagedelivery.net/6xZ2gdbIq4j34kSGM6PEuA/8fe41d8b-285b-4611-eb39-aadf13503100/w=auto,q=auto,f=auto;https://imagedelivery.net/6xZ2gdbIq4j34kSGM6PEuA/e5bf653c-dd02-4e42-82c6-3094315c0400/w=auto,q=auto,f=auto;https://imagedelivery.net/6xZ2gdbIq4j34kSGM6PEuA/13f6d4e5-4b48-424e-32c7-aaacd9903600/w=auto,q=auto,f=auto;https://imagedelivery.net/6xZ2gdbIq4j34kSGM6PEuA/7baa9795-93fd-4139-8146-422f56d7cc00/w=auto,q=auto,f=auto;https://imagedelivery.net/6xZ2gdbIq4j34kSGM6PEuA/97ed0281-299e-45a2-c7ce-a81c006ef900/w=auto,q=auto,f=auto;https://imagedelivery.net/6xZ2gdbIq4j34kSGM6PEuA/0aca0f27-7d1b-4af0-b839-2392ba14aa00/w=auto,q=auto,f=auto;https://imagedelivery.net/6xZ2gdbIq4j34kSGM6PEuA/2d47343a-3395-4a8d-2b57-1b6953845d00/w=auto,q=auto,f=auto;https://imagedelivery.net/6xZ2gdbIq4j34kSGM6PEuA/a1fdd7c8-1117-47a3-db42-f628f176f100/w=auto,q=auto,f=auto;https://imagedelivery.net/6xZ2gdbIq4j34kSGM6PEuA/a8438843-0af0-4c57-f002-3d86af98da00/w=auto,q=auto,f=auto",Samsung Galaxy S25 Ultra (SM-S938B) 12/256 GB Titanium White Silver,256 GB,2499.99,`,350.0,`,`,5,50,1,1,1,1,0,0,0,`
TM-DG-SBP-1105-SM-3428,1,`,`,2399.99,`,`,"Brend:Samsung;Daxili yaddaş:512 GB;Operativ yaddaş:12 GB;Əsas kamera:50 MP + 200 MP + 50 MP + 10 MP;Ön kamera:12 MP;Nüvə sayı:8;SIM-kart növü:Nano SIM + eSIM;SIM-kart sayı:2;Prosessorun adı:Qualcomm;Əməliyyat sistemi:Android;Əməliyyat sistemin versiyası:Android 15;NFC:Var;Prosessorun növü:Qualcomm Snapdragon 8 Elite for Galaxy;Displey növü:Dynamic AMOLED 2Х;Simsiz enerji:Var;İnfraqırmızı port:Yox;Üz tanıma:Var;Sürətli enerji yığma:Var;Qorunma dərəcəsi:IP68;Görüntü imkanı:3120 × 1440;Ölçülər:162.8 × 77.6 × 8.2 mm;Yaddaş kartı dəstəyi:Yox;Barometr:Var;Giroskop:Var;İşıq sensoru:Var;Yaxınlaşdırma sensoru:Var;Optik sabitləşmə:Var;Video formatı:8K / 4K / 1080p;Bluetooth versiyası:5.4;Avtofokus əsas kamera:Var;Video icazəsi və kadr tezliyi:8K - 1080p, 30-240 kadr/s;Video asta çəkiliş:Var;Rəng:Titanium White Silver;Enerji toplama növü:USB Type-C;Qulaqlıq interfeysi:USB Type-C;Batareya növü:Li-lon;Çıxarıla bilən batareya:Yox;Akselerometr:Var;Enerji yığma gücü:45 Vt;Batareyanın həcmi:5000 mAh;İstehsal ili:2025;Barmaq izi oxuyucusu:Displeydə;Korpusun materiali:Titan və şüşə;Komplektasiya:Smartfon, Məlumat kitabçası;Seriya:Samsung Galaxy S25 Ultra;Zəmanət:12 ay;Şəbəkə standartı:5G;Ekran:6.9""",0,`,samsung-galaxy-s25-ultra-sm-s938b-12512-gb-titanium-white-silver,#Samsung #Galaxy #S25 #Ultra #512GB,Samsung Galaxy S25 Ultra (SM-S938B) 12/512 GB Titanium White Silver,Titanium White Silver,"https://imagedelivery.net/6xZ2gdbIq4j34kSGM6PEuA/87735522-38d6-4540-ea1b-f15461cf0300/w=auto,q=auto,f=auto","https://imagedelivery.net/6xZ2gdbIq4j34kSGM6PEuA/87735522-38d6-4540-ea1b-f15461cf0300/w=auto,q=auto,f=auto;https://imagedelivery.net/6xZ2gdbIq4j34kSGM6PEuA/36615cd1-0991-4edf-8155-ae5453523500/w=auto,q=auto,f=auto;https://imagedelivery.net/6xZ2gdbIq4j34kSGM6PEuA/e5a2dbb7-8365-4c32-1706-c423ad84fb00/w=auto,q=auto,f=auto;https://imagedelivery.net/6xZ2gdbIq4j34kSGM6PEuA/7c415287-714a-423c-8227-af3b8d7c9900/w=auto,q=auto,f=auto;https://imagedelivery.net/6xZ2gdbIq4j34kSGM6PEuA/838b622e-293c-4db0-5a61-ddb6895c9700/w=auto,q=auto,f=auto;https://imagedelivery.net/6xZ2gdbIq4j34kSGM6PEuA/00a77d2b-d597-4a20-7b2d-8c99efd66900/w=auto,q=auto,f=auto;https://imagedelivery.net/6xZ2gdbIq4j34kSGM6PEuA/908e1f7e-1fe1-47b9-eb4f-386e85f1f000/w=auto,q=auto,f=auto;https://imagedelivery.net/6xZ2gdbIq4j34kSGM6PEuA/db1bd3f8-71c7-4734-6047-5fd2602fc100/w=auto,q=auto,f=auto;https://imagedelivery.net/6xZ2gdbIq4j34kSGM6PEuA/6d3476cb-bbc5-4e46-5781-d30302801000/w=auto,q=auto,f=auto",Samsung Galaxy S25 Ultra (SM-S938B) 12/512 GB Titanium White Silver,512 GB,2799.99,`,400.0,`,`,5,50,1,1,1,1,0,0,0,`
TM-DG-SBP-1105-SM-3664,1,`,`,1149.99,`,`,"Brend:Samsung;Daxili yaddaş:128 GB;Operativ yaddaş:8 GB;Əsas kamera:50 MP + 8 MP + 12 MP;Ön kamera:12 MP;Nüvə sayı:10;SIM-kart növü:Nano SIM + eSIM;SIM-kart sayı:2;Prosessorun adı:Exynos;Əməliyyat sistemi:Android;Əməliyyat sistemin versiyası:Android 15;NFC:Var;Prosessorun növü:Exynos 2400;Displey növü:Dynamic AMOLED 2Х;Simsiz enerji:Var;İnfraqırmızı port:Yox;Üz tanıma:Var;Sürətli enerji yığma:Var;Qorunma dərəcəsi:IP68;Görüntü imkanı:2340 × 1080;Ölçülər:161.3 × 76.6 × 7.4 mm;Yaddaş kartı dəstəyi:Yox;Barometr:Yox;Giroskop:Var;İşıq sensoru:Yox;Yaxınlaşdırma sensoru:Var;Optik sabitləşmə:Var;Video formatı:8K / 4K / 1080p;Bluetooth versiyası:5.4;Avtofokus əsas kamera:Var;Video icazəsi və kadr tezliyi:8K - 1080p, 30-240 kadr/s;Video asta çəkiliş:Var;Rəng:Dark Blue;Enerji toplama növü:USB Type-C;Qulaqlıq interfeysi:USB Type-C;Batareya növü:Li-lon;Çıxarıla bilən batareya:Yox;Akselerometr:Var;Enerji yığma gücü:45 Vt;Batareyanın həcmi:4900 mAh;İstehsal ili:2025;Barmaq izi oxuyucusu:Displeydə;Korpusun materiali:Alüminium və şüşə;Komplektasiya:Smartfon, USB-C kabeli, Məlumat kitabçası;Seriya:Samsung Galaxy S25 FE;Zəmanət:12 ay;Şəbəkə standartı:5G;Ekran:6.7""",0,`,samsung-galaxy-s25-fe-sm-s731-8128-gb-dark-blue,#Samsung #Galaxy #S25 #FE #128GB,Samsung Galaxy S25 FE (SM-S731) 8/128 GB Dark Blue,Dark Blue,"https://imagedelivery.net/6xZ2gdbIq4j34kSGM6PEuA/9d3a8e00-2ffa-4644-2b9f-57a7db1e2100/w=auto,q=auto,f=auto","https://imagedelivery.net/6xZ2gdbIq4j34kSGM6PEuA/9d3a8e00-2ffa-4644-2b9f-57a7db1e2100/w=auto,q=auto,f=auto;https://imagedelivery.net/6xZ2gdbIq4j34kSGM6PEuA/d93c52bb-9f9a-4e73-e469-4b149383c000/w=auto,q=auto,f=auto;https://imagedelivery.net/6xZ2gdbIq4j34kSGM6PEuA/519dd6a8-9bb0-43ba-eaa5-ef73c377c800/w=auto,q=auto,f=auto;https://imagedelivery.net/6xZ2gdbIq4j34kSGM6PEuA/546e180f-9797-401d-dde4-9dbfe0b6de00/w=auto,q=auto,f=auto;https://imagedelivery.net/6xZ2gdbIq4j34kSGM6PEuA/7f0089a1-b9e4-4e94-e454-8f11ceee4e00/w=auto,q=auto,f=auto",Samsung Galaxy S25 FE (SM-S731) 8/128 GB Dark Blue,128 GB,1299.99,`,150.0,`,`,5,50,1,1,1,1,0,0,0,`
TM-DG-SBP-1105-SM-3667,1,`,`,1149.99,`,`,"Brend:Samsung;Daxili yaddaş:8 GB;Operativ yaddaş:8 GB;Əsas kamera:50 MP + 8 MP + 12 MP;Ön kamera:12 MP;Nüvə sayı:10;SIM-kart növü:Nano SIM + eSIM;SIM-kart sayı:2;Prosessorun adı:Exynos;Əməliyyat sistemi:Android;Əməliyyat sistemin versiyası:Android 15;NFC:Var;Prosessorun növü:Exynos 2400;Displey növü:Dynamic AMOLED 2Х;Simsiz enerji:Var;İnfraqırmızı port:Yox;Üz tanıma:Var;Sürətli enerji yığma:Var;Qorunma dərəcəsi:IP68;Görüntü imkanı:2340 × 1080;Ölçülər:161.3 × 76.6 × 7.4 mm;Yaddaş kartı dəstəyi:Yox;Barometr:Yox;Giroskop:Var;İşıq sensoru:Yox;Yaxınlaşdırma sensoru:Var;Optik sabitləşmə:Var;Video formatı:8K / 4K / 1080p;Bluetooth versiyası:5.4;Avtofokus əsas kamera:Var;Video icazəsi və kadr tezliyi:8K - 1080p, 30-240 kadr/s;Video asta çəkiliş:Var;Rəng:Black;Enerji toplama növü:USB Type-C;Qulaqlıq interfeysi:USB Type-C;Batareya növü:Li-lon;Çıxarıla bilən batareya:Yox;Akselerometr:Var;Enerji yığma gücü:45 Vt;Batareyanın həcmi:4900 mAh;İstehsal ili:2025;Barmaq izi oxuyucusu:Displeydə;Korpusun materiali:Alüminium və şüşə;Komplektasiya:Smartfon, USB-C kabeli, Məlumat kitabçası;Seriya:Samsung Galaxy S25 FE;Zəmanət:12 ay;Şəbəkə standartı:5G;Ekran:6.7""",0,`,samsung-galaxy-s25-fe-sm-s731-8128-gb-black,#Samsung #Galaxy #S25 #FE #128GB,Samsung Galaxy S25 FE (SM-S731) 8/128 GB Black,Black,"https://imagedelivery.net/6xZ2gdbIq4j34kSGM6PEuA/d41e2a1a-a593-4c50-2cc4-a00550535700/w=auto,q=auto,f=auto","https://imagedelivery.net/6xZ2gdbIq4j34kSGM6PEuA/d41e2a1a-a593-4c50-2cc4-a00550535700/w=auto,q=auto,f=auto;https://imagedelivery.net/6xZ2gdbIq4j34kSGM6PEuA/c2092f79-f67c-4229-aa38-8e77bcf3fd00/w=auto,q=auto,f=auto;https://imagedelivery.net/6xZ2gdbIq4j34kSGM6PEuA/9e0226bd-5470-4dbf-236d-e48f23594700/w=auto,q=auto,f=auto;https://imagedelivery.net/6xZ2gdbIq4j34kSGM6PEuA/11b5089b-1566-414b-6413-90a00f226800/w=auto,q=auto,f=auto;https://imagedelivery.net/6xZ2gdbIq4j34kSGM6PEuA/356299b0-43ac-4a9d-fde3-5d6976751300/w=auto,q=auto,f=auto",Samsung Galaxy S25 FE (SM-S731) 8/128 GB Black,8 GB,1299.99,`,150.0,`,`,5,50,1,1,1,1,0,0,0,`
TM-DG-SBP-1105-SM-3668,1,`,`,1279.99,`,`,"Brend:Samsung;Daxili yaddaş:256 GB;Operativ yaddaş:8 GB;Əsas kamera:50 MP + 8 MP + 12 MP;Ön kamera:12 MP;Nüvə sayı:10;SIM-kart növü:Nano SIM + eSIM;SIM-kart sayı:2;Prosessorun adı:Exynos;Əməliyyat sistemi:Android;Əməliyyat sistemin versiyası:Android 15;NFC:Var;Prosessorun növü:Exynos 2400;Displey növü:Dynamic AMOLED 2Х;Simsiz enerji:Var;İnfraqırmızı port:Yox;Üz tanıma:Var;Sürətli enerji yığma:Var;Qorunma dərəcəsi:IP68;Görüntü imkanı:2340 × 1080;Ölçülər:161.3 × 76.6 × 7.4 mm;Yaddaş kartı dəstəyi:Yox;Barometr:Yox;Giroskop:Var;İşıq sensoru:Yox;Yaxınlaşdırma sensoru:Var;Optik sabitləşmə:Var;Video formatı:8K / 4K / 1080p;Bluetooth versiyası:5.4;Avtofokus əsas kamera:Var;Video icazəsi və kadr tezliyi:8K - 1080p, 30-240 kadr/s;Video asta çəkiliş:Var;Rəng:Black;Enerji toplama növü:USB Type-C;Qulaqlıq interfeysi:USB Type-C;Batareya növü:Li-lon;Çıxarıla bilən batareya:Yox;Akselerometr:Var;Enerji yığma gücü:45 Vt;Batareyanın həcmi:4900 mAh;İstehsal ili:2025;Barmaq izi oxuyucusu:Displeydə;Korpusun materiali:Alüminium və şüşə;Komplektasiya:Smartfon, USB-C kabeli, Məlumat kitabçası;Seriya:Samsung Galaxy S25 FE;Zəmanət:12 ay;Şəbəkə standartı:5G;Ekran:6.7""",0,`,samsung-galaxy-s25-fe-sm-s731-8256-gb-black,#Samsung #Galaxy #S25 #FE #256GB,Samsung Galaxy S25 FE (SM-S731) 8/256 GB Black,Black,"https://imagedelivery.net/6xZ2gdbIq4j34kSGM6PEuA/f608430d-bd44-4641-3472-b0e472d9a100/w=auto,q=auto,f=auto","https://imagedelivery.net/6xZ2gdbIq4j34kSGM6PEuA/f608430d-bd44-4641-3472-b0e472d9a100/w=auto,q=auto,f=auto;https://imagedelivery.net/6xZ2gdbIq4j34kSGM6PEuA/315e91e5-dce6-44f4-d6b1-a68981313400/w=auto,q=auto,f=auto;https://imagedelivery.net/6xZ2gdbIq4j34kSGM6PEuA/32729b2a-d2fa-4356-ce0c-06d719cf8300/w=auto,q=auto,f=auto;https://imagedelivery.net/6xZ2gdbIq4j34kSGM6PEuA/98f919b2-8167-4aee-86b6-d5625e879700/w=auto,q=auto,f=auto;https://imagedelivery.net/6xZ2gdbIq4j34kSGM6PEuA/915297e8-c156-4508-c0a2-0d81076e0800/w=auto,q=auto,f=auto",Samsung Galaxy S25 FE (SM-S731) 8/256 GB Black,256 GB,1439.99,`,160.0,`,`,5,50,1,1,1,1,0,0,0,`
TM-DG-SBP-1105-SM-3665,1,`,`,1279.99,`,`,"Brend:Samsung;Daxili yaddaş:256 GB;Operativ yaddaş:8 GB;Əsas kamera:50 MP + 8 MP + 12 MP;Ön kamera:12 MP;Nüvə sayı:10;SIM-kart növü:Nano SIM + eSIM;SIM-kart sayı:2;Prosessorun adı:Exynos;Əməliyyat sistemi:Android;Əməliyyat sistemin versiyası:Android 15;NFC:Var;Prosessorun növü:Exynos 2400;Displey növü:Dynamic AMOLED 2Х;Simsiz enerji:Var;İnfraqırmızı port:Yox;Üz tanıma:Var;Sürətli enerji yığma:Var;Qorunma dərəcəsi:IP68;Görüntü imkanı:2340 × 1080;Ölçülər:161.3 × 76.6 × 7.4 mm;Yaddaş kartı dəstəyi:Yox;Barometr:Yox;Giroskop:Var;İşıq sensoru:Yox;Yaxınlaşdırma sensoru:Var;Optik sabitləşmə:Var;Video formatı:8K / 4K / 1080p;Bluetooth versiyası:5.4;Avtofokus əsas kamera:Var;Video icazəsi və kadr tezliyi:8K - 1080p, 30-240 kadr/s;Video asta çəkiliş:Var;Rəng:Dark Blue;Enerji toplama növü:USB Type-C;Qulaqlıq interfeysi:USB Type-C;Batareya növü:Li-lon;Çıxarıla bilən batareya:Yox;Akselerometr:Var;Enerji yığma gücü:45 Vt;Batareyanın həcmi:4900 mAh;İstehsal ili:2025;Barmaq izi oxuyucusu:Displeydə;Korpusun materiali:Alüminium və şüşə;Komplektasiya:Smartfon, USB-C kabeli, Məlumat kitabçası;Seriya:Samsung Galaxy S25 FE;Zəmanət:12 ay;Şəbəkə standartı:5G;Ekran:6.7""",0,`,samsung-galaxy-s25-fe-sm-s731-8256-gb-dark-blue,#Samsung #Galaxy #S25 #FE #256GB,Samsung Galaxy S25 FE (SM-S731) 8/256 GB Dark Blue,Dark Blue,"https://imagedelivery.net/6xZ2gdbIq4j34kSGM6PEuA/3787a23f-cccd-49a2-a7e4-3b29a1d26900/w=auto,q=auto,f=auto","https://imagedelivery.net/6xZ2gdbIq4j34kSGM6PEuA/3787a23f-cccd-49a2-a7e4-3b29a1d26900/w=auto,q=auto,f=auto;https://imagedelivery.net/6xZ2gdbIq4j34kSGM6PEuA/c7b05a55-6b07-4608-1c94-91848bbb8f00/w=auto,q=auto,f=auto;https://imagedelivery.net/6xZ2gdbIq4j34kSGM6PEuA/329d7016-45e1-4e2e-51f4-9ba7c1344600/w=auto,q=auto,f=auto;https://imagedelivery.net/6xZ2gdbIq4j34kSGM6PEuA/a3b39cc6-0400-4dab-bbc1-f388bf004e00/w=auto,q=auto,f=auto;https://imagedelivery.net/6xZ2gdbIq4j34kSGM6PEuA/bbb4beeb-73b1-42b0-0a6f-d975fbc4a900/w=auto,q=auto,f=auto",Samsung Galaxy S25 FE (SM-S731) 8/256 GB Dark Blue,256 GB,1439.99,`,160.0,`,`,5,50,1,1,1,1,0,0,0,`
TM-DG-SBP-1105-SM-3797,1,`,`,1549.99,`,`,"Brend:Samsung;Daxili yaddaş:512 GB;Operativ yaddaş:8 GB;Əsas kamera:50 MP + 8 MP + 12 MP;Ön kamera:12 MP;Nüvə sayı:10;SIM-kart növü:Nano SIM + eSIM;SIM-kart sayı:2;Prosessorun adı:Exynos;Əməliyyat sistemi:Android;Əməliyyat sistemin versiyası:Android 15;NFC:Var;Prosessorun növü:Exynos 2400;Displey növü:Dynamic AMOLED 2Х;Simsiz enerji:Var;İnfraqırmızı port:Yox;Üz tanıma:Var;Sürətli enerji yığma:Var;Qorunma dərəcəsi:IP68;Görüntü imkanı:2340 × 1080;Ölçülər:161.3 × 76.6 × 7.4 mm;Yaddaş kartı dəstəyi:Yox;Barometr:Yox;Giroskop:Var;İşıq sensoru:Yox;Yaxınlaşdırma sensoru:Var;Optik sabitləşmə:Var;Video formatı:8K / 4K / 1080p;Bluetooth versiyası:5.4;Avtofokus əsas kamera:Var;Video icazəsi və kadr tezliyi:8K - 1080p, 30-240 kadr/s;Video asta çəkiliş:Var;Rəng:Black;Enerji toplama növü:USB Type-C;Qulaqlıq interfeysi:USB Type-C;Batareya növü:Li-lon;Çıxarıla bilən batareya:Yox;Akselerometr:Var;Enerji yığma gücü:45 Vt;Batareyanın həcmi:4900 mAh;İstehsal ili:2025;Barmaq izi oxuyucusu:Displeydə;Korpusun materiali:Alüminium və şüşə;Komplektasiya:Smartfon, USB-C kabeli, Məlumat kitabçası;Seriya:Samsung Galaxy S25 FE;Zəmanət:12 ay;Şəbəkə standartı:5G;Ekran:6.7""",0,`,samsung-galaxy-s25-fe-sm-s731-8512-gb-black,#Samsung #Galaxy #S25 #FE #512GB,Samsung Galaxy S25 FE (SM-S731) 8/512 GB Black,Black,"https://imagedelivery.net/6xZ2gdbIq4j34kSGM6PEuA/17c53fae-515e-437d-8f64-8f2e8fe60e00/w=auto,q=auto,f=auto","https://imagedelivery.net/6xZ2gdbIq4j34kSGM6PEuA/17c53fae-515e-437d-8f64-8f2e8fe60e00/w=auto,q=auto,f=auto;https://imagedelivery.net/6xZ2gdbIq4j34kSGM6PEuA/24f54436-fa50-4ba8-4335-07b67d080400/w=auto,q=auto,f=auto;https://imagedelivery.net/6xZ2gdbIq4j34kSGM6PEuA/e3074c9e-903a-4352-945f-d30b70f29c00/w=auto,q=auto,f=auto;https://imagedelivery.net/6xZ2gdbIq4j34kSGM6PEuA/0cd700db-c988-493e-e4e8-0e8d43de6400/w=auto,q=auto,f=auto;https://imagedelivery.net/6xZ2gdbIq4j34kSGM6PEuA/0b1b0179-4ccc-4e23-eca9-9a18e31ffb00/w=auto,q=auto,f=auto",Samsung Galaxy S25 FE (SM-S731) 8/512 GB Black,512 GB,1699.99,`,150.0,`,`,5,50,1,1,1,1,0,0,0,`
TM-DG-SBP-1105-SM-3666,1,`,`,1279.99,`,`,"Brend:Samsung;Daxili yaddaş:256 GB;Operativ yaddaş:8 GB;Əsas kamera:50 MP + 8 MP + 12 MP;Ön kamera:12 MP;Nüvə sayı:10;SIM-kart növü:Nano SIM + eSIM;SIM-kart sayı:2;Prosessorun adı:Exynos;Əməliyyat sistemi:Android;Əməliyyat sistemin versiyası:Android 15;NFC:Var;Prosessorun növü:Exynos 2400;Displey növü:Dynamic AMOLED 2Х;Simsiz enerji:Var;İnfraqırmızı port:Yox;Üz tanıma:Var;Sürətli enerji yığma:Var;Qorunma dərəcəsi:IP68;Görüntü imkanı:2340 × 1080;Ölçülər:161.3 × 76.6 × 7.4 mm;Yaddaş kartı dəstəyi:Yox;Barometr:Yox;Giroskop:Var;İşıq sensoru:Yox;Yaxınlaşdırma sensoru:Var;Optik sabitləşmə:Var;Video formatı:8K / 4K / 1080p;Bluetooth versiyası:5.4;Avtofokus əsas kamera:Var;Video icazəsi və kadr tezliyi:8K - 1080p, 30-240 kadr/s;Video asta çəkiliş:Var;Rəng:Light blue;Enerji toplama növü:USB Type-C;Qulaqlıq interfeysi:USB Type-C;Batareya növü:Li-lon;Çıxarıla bilən batareya:Yox;Akselerometr:Var;Enerji yığma gücü:45 Vt;Batareyanın həcmi:4900 mAh;İstehsal ili:2025;Barmaq izi oxuyucusu:Displeydə;Korpusun materiali:Alüminium və şüşə;Komplektasiya:Smartfon, USB-C kabeli, Məlumat kitabçası;Seriya:Samsung Galaxy S25 FE;Zəmanət:12 ay;Şəbəkə standartı:5G;Ekran:6.7""",0,`,samsung-galaxy-s25-fe-sm-s731-8256-gb-light-blue,#Samsung #Galaxy #S25 #FE #256GB,Samsung Galaxy S25 FE (SM-S731) 8/256 GB Light Blue,Light blue,"https://imagedelivery.net/6xZ2gdbIq4j34kSGM6PEuA/a9bba29c-34fc-414d-ecf2-31e968fe5100/w=auto,q=auto,f=auto","https://imagedelivery.net/6xZ2gdbIq4j34kSGM6PEuA/a9bba29c-34fc-414d-ecf2-31e968fe5100/w=auto,q=auto,f=auto;https://imagedelivery.net/6xZ2gdbIq4j34kSGM6PEuA/85df2924-f78b-464f-4ce8-05ead5b75a00/w=auto,q=auto,f=auto;https://imagedelivery.net/6xZ2gdbIq4j34kSGM6PEuA/f02bc028-d129-435c-6624-1045b6747600/w=auto,q=auto,f=auto;https://imagedelivery.net/6xZ2gdbIq4j34kSGM6PEuA/82ef6530-761d-4235-1cf9-db657063e700/w=auto,q=auto,f=auto;https://imagedelivery.net/6xZ2gdbIq4j34kSGM6PEuA/c47ecdf2-704d-493e-a88a-6fe6bd8dca00/w=auto,q=auto,f=auto",Samsung Galaxy S25 FE (SM-S731) 8/256 GB Light Blue,256 GB,1439.99,`,160.0,`,`,5,50,1,1,1,1,0,0,0,`
TM-DG-SBP-1105-SM-3669,1,`,`,1279.99,`,`,"Brend:Samsung;Daxili yaddaş:256 GB;Operativ yaddaş:8 GB;Əsas kamera:50 MP + 8 MP + 12 MP;Ön kamera:12 MP;Nüvə sayı:10;SIM-kart növü:Nano SIM + eSIM;SIM-kart sayı:2;Prosessorun adı:Exynos;Əməliyyat sistemi:Android;Əməliyyat sistemin versiyası:Android 15;NFC:Var;Prosessorun növü:Exynos 2400;Displey növü:Dynamic AMOLED 2Х;Simsiz enerji:Var;İnfraqırmızı port:Yox;Üz tanıma:Var;Sürətli enerji yığma:Var;Qorunma dərəcəsi:IP68;Görüntü imkanı:2340 × 1080;Ölçülər:161.3 × 76.6 × 7.4 mm;Yaddaş kartı dəstəyi:Yox;Barometr:Yox;Giroskop:Var;İşıq sensoru:Yox;Yaxınlaşdırma sensoru:Var;Optik sabitləşmə:Var;Video formatı:8K / 4K / 1080p;Bluetooth versiyası:5.4;Avtofokus əsas kamera:Var;Video icazəsi və kadr tezliyi:8K - 1080p, 30-240 kadr/s;Video asta çəkiliş:Var;Rəng:White;Enerji toplama növü:USB Type-C;Qulaqlıq interfeysi:USB Type-C;Batareya növü:Li-lon;Çıxarıla bilən batareya:Yox;Akselerometr:Var;Enerji yığma gücü:45 Vt;Batareyanın həcmi:4900 mAh;İstehsal ili:2025;Barmaq izi oxuyucusu:Displeydə;Korpusun materiali:Alüminium və şüşə;Komplektasiya:Smartfon, USB-C kabeli, Məlumat kitabçası;Seriya:Samsung Galaxy S25 FE;Zəmanət:12 ay;Şəbəkə standartı:5G;Ekran:6.7""",0,`,samsung-galaxy-s25-fe-sm-s731-8256-gb-white,#Samsung #Galaxy #S25 #FE #256GB,Samsung Galaxy S25 FE (SM-S731) 8/256 GB White,White,"https://imagedelivery.net/6xZ2gdbIq4j34kSGM6PEuA/2f68b0cb-142b-4d74-138f-5f94ce23ca00/w=auto,q=auto,f=auto","https://imagedelivery.net/6xZ2gdbIq4j34kSGM6PEuA/2f68b0cb-142b-4d74-138f-5f94ce23ca00/w=auto,q=auto,f=auto;https://imagedelivery.net/6xZ2gdbIq4j34kSGM6PEuA/8c3c9bb4-7d1b-4028-dab2-5bdd5a329b00/w=auto,q=auto,f=auto;https://imagedelivery.net/6xZ2gdbIq4j34kSGM6PEuA/b9572336-3c9b-49fc-b263-fc1096bfb700/w=auto,q=auto,f=auto;https://imagedelivery.net/6xZ2gdbIq4j34kSGM6PEuA/5de4c032-b9ca-4f0e-0b96-2ea70dec4500/w=auto,q=auto,f=auto;https://imagedelivery.net/6xZ2gdbIq4j34kSGM6PEuA/6b02e8ca-2e65-492c-21ec-9fb301e17500/w=auto,q=auto,f=auto",Samsung Galaxy S25 FE (SM-S731) 8/256 GB White,256 GB,1439.99,`,160.0,`,`,5,50,1,1,1,1,0,0,0,`
TM-DG-SBP-1105-SM-3838,1,`,`,1149.99,`,`,"Brend:Samsung;Daxili yaddaş:128 GB;Operativ yaddaş:8 GB;Əsas kamera:50 MP + 8 MP + 12 MP;Ön kamera:12 MP;Nüvə sayı:10;SIM-kart növü:Nano SIM + eSIM;SIM-kart sayı:2;Prosessorun adı:Exynos;Əməliyyat sistemi:Android;Əməliyyat sistemin versiyası:Android 15;NFC:Var;Prosessorun növü:Exynos 2400;Displey növü:Dynamic AMOLED 2Х;Simsiz enerji:Var;İnfraqırmızı port:Yox;Üz tanıma:Var;Sürətli enerji yığma:Var;Qorunma dərəcəsi:IP68;Görüntü imkanı:2340 × 1080;Ölçülər:161.3 × 76.6 × 7.4 mm;Yaddaş kartı dəstəyi:Yox;Barometr:Yox;Giroskop:Var;İşıq sensoru:Yox;Yaxınlaşdırma sensoru:Var;Optik sabitləşmə:Var;Video formatı:8K / 4K / 1080p;Bluetooth versiyası:5.4;Avtofokus əsas kamera:Var;Video icazəsi və kadr tezliyi:8K - 1080p, 30-240 kadr/s;Video asta çəkiliş:Var;Rəng:White;Enerji toplama növü:USB Type-C;Qulaqlıq interfeysi:USB Type-C;Batareya növü:Li-lon;Çıxarıla bilən batareya:Yox;Akselerometr:Var;Enerji yığma gücü:45 Vt;Batareyanın həcmi:4900 mAh;İstehsal ili:2025;Barmaq izi oxuyucusu:Displeydə;Korpusun materiali:Alüminium və şüşə;Komplektasiya:Smartfon, USB-C kabeli, Məlumat kitabçası;Seriya:Samsung Galaxy S25 FE;Zəmanət:12 ay;Şəbəkə standartı:5G;Ekran:6.7""",0,`,samsung-galaxy-s25-fe-sm-s731-8128-gb-white,#Samsung #Galaxy #S25 #FE #128GB,Samsung Galaxy S25 FE (SM-S731) 8/128 GB White,White,"https://imagedelivery.net/6xZ2gdbIq4j34kSGM6PEuA/5681779d-410c-44bc-b84e-fbc7dcc31900/w=auto,q=auto,f=auto","https://imagedelivery.net/6xZ2gdbIq4j34kSGM6PEuA/5681779d-410c-44bc-b84e-fbc7dcc31900/w=auto,q=auto,f=auto;https://imagedelivery.net/6xZ2gdbIq4j34kSGM6PEuA/6bfd508c-acb7-41f5-ad76-6c1ca5937500/w=auto,q=auto,f=auto;https://imagedelivery.net/6xZ2gdbIq4j34kSGM6PEuA/9a48a782-6543-4bda-b09f-e8890d029a00/w=auto,q=auto,f=auto;https://imagedelivery.net/6xZ2gdbIq4j34kSGM6PEuA/9142fdcd-8421-4854-2865-a91cdf99fa00/w=auto,q=auto,f=auto;https://imagedelivery.net/6xZ2gdbIq4j34kSGM6PEuA/ed16b750-579a-42aa-b5ac-305677331600/w=auto,q=auto,f=auto",Samsung Galaxy S25 FE (SM-S731) 8/128 GB White,128 GB,1299.99,`,150.0,`,`,5,50,1,1,1,1,0,0,0,`
TM-DG-SBP-1105-SM-3839,1,`,`,1149.99,`,`,"Brend:Samsung;Daxili yaddaş:8 GB;Operativ yaddaş:8 GB;Əsas kamera:50 MP + 8 MP + 12 MP;Ön kamera:12 MP;Nüvə sayı:10;SIM-kart növü:Nano SIM + eSIM;SIM-kart sayı:2;Prosessorun adı:Exynos;Əməliyyat sistemi:Android;Əməliyyat sistemin versiyası:Android 15;NFC:Var;Prosessorun növü:Exynos 2400;Displey növü:Dynamic AMOLED 2Х;Simsiz enerji:Var;İnfraqırmızı port:Yox;Üz tanıma:Var;Sürətli enerji yığma:Var;Qorunma dərəcəsi:IP68;Görüntü imkanı:2340 × 1080;Ölçülər:161.3 × 76.6 × 7.4 mm;Yaddaş kartı dəstəyi:Yox;Barometr:Yox;Giroskop:Var;İşıq sensoru:Yox;Yaxınlaşdırma sensoru:Var;Optik sabitləşmə:Var;Video formatı:8K / 4K / 1080p;Bluetooth versiyası:5.4;Avtofokus əsas kamera:Var;Video icazəsi və kadr tezliyi:8K - 1080p, 30-240 kadr/s;Video asta çəkiliş:Var;Rəng:Ice Blue;Enerji toplama növü:USB Type-C;Qulaqlıq interfeysi:USB Type-C;Batareya növü:Li-lon;Çıxarıla bilən batareya:Yox;Akselerometr:Var;Enerji yığma gücü:45 Vt;Batareyanın həcmi:4900 mAh;İstehsal ili:2025;Barmaq izi oxuyucusu:Displeydə;Korpusun materiali:Alüminium və şüşə;Komplektasiya:Smartfon, USB-C kabeli, Məlumat kitabçası;Seriya:Samsung Galaxy S25 FE;Zəmanət:12 ay;Şəbəkə standartı:5G;Ekran:6.7""",0,`,samsung-galaxy-s25-fe-sm-s731-8128-gb-ice-blue,#Samsung #Galaxy #S25 #FE #128GB,Samsung Galaxy S25 FE (SM-S731) 8/128 GB Ice Blue,Ice Blue,"https://imagedelivery.net/6xZ2gdbIq4j34kSGM6PEuA/233d5049-507e-4d05-4dcc-4b271e04ff00/w=auto,q=auto,f=auto","https://imagedelivery.net/6xZ2gdbIq4j34kSGM6PEuA/233d5049-507e-4d05-4dcc-4b271e04ff00/w=auto,q=auto,f=auto;https://imagedelivery.net/6xZ2gdbIq4j34kSGM6PEuA/57dfa369-c9a5-434d-22be-bbab086f8100/w=auto,q=auto,f=auto;https://imagedelivery.net/6xZ2gdbIq4j34kSGM6PEuA/8eb4033c-428f-47da-8760-ba0da1367500/w=auto,q=auto,f=auto;https://imagedelivery.net/6xZ2gdbIq4j34kSGM6PEuA/0f194553-6fba-47f8-6263-65e6c0e8ba00/w=auto,q=auto,f=auto;https://imagedelivery.net/6xZ2gdbIq4j34kSGM6PEuA/fd8d2b95-13ae-4507-6044-a32e93ceba00/w=auto,q=auto,f=auto",Samsung Galaxy S25 FE (SM-S731) 8/128 GB Ice Blue,8 GB,1299.99,`,150.0,`,`,5,50,1,1,1,1,0,0,0,`
TM-DG-SBP-1105-SM-3264,1,`,`,2699.99,`,`,"Brend:Samsung;Daxili yaddaş:1 TB;Operativ yaddaş:12 GB;Əsas kamera:50 MP + 200 MP + 50 MP + 10 MP;Ön kamera:12 MP;Nüvə sayı:8;SIM-kart növü:Nano SIM + eSIM;SIM-kart sayı:2;Prosessorun adı:Qualcomm;Əməliyyat sistemi:Android;Əməliyyat sistemin versiyası:Android 15;NFC:Var;Prosessorun növü:Qualcomm Snapdragon 8 Elite for Galaxy;Displey növü:Dynamic AMOLED 2Х;Simsiz enerji:Var;İnfraqırmızı port:Yox;Üz tanıma:Var;Sürətli enerji yığma:Var;Qorunma dərəcəsi:IP68;Görüntü imkanı:3120 × 1440;Ölçülər:162.8 × 77.6 × 8.2 mm;Yaddaş kartı dəstəyi:Yox;Barometr:Var;Giroskop:Var;İşıq sensoru:Var;Yaxınlaşdırma sensoru:Var;Optik sabitləşmə:Var;Video formatı:8K / 4K / 1080p;Bluetooth versiyası:5.4;Avtofokus əsas kamera:Var;Video icazəsi və kadr tezliyi:8K - 1080p, 30-240 kadr/s;Video asta çəkiliş:Var;Rəng:Titanium Black;Enerji toplama növü:USB Type-C;Qulaqlıq interfeysi:USB Type-C;Batareya növü:Li-lon;Çıxarıla bilən batareya:Yox;Akselerometr:Var;Enerji yığma gücü:45 Vt;Batareyanın həcmi:5000 mAh;İstehsal ili:2025;Barmaq izi oxuyucusu:Displeydə;Korpusun materiali:Titan və şüşə;Komplektasiya:Smartfon, Məlumat kitabçası;Seriya:Samsung Galaxy S25 Ultra;Zəmanət:12 ay;Şəbəkə standartı:5G;Ekran:6.9""",0,`,samsung-galaxy-s25-ultra-sm-s938b-12-gb-1-tb-titanium-black,#Samsung #Galaxy #S25 #Ultra #12GB,Samsung Galaxy S25 Ultra (SM-S938B) 12 GB / 1 TB Titanium Black,Titanium Black,"https://imagedelivery.net/6xZ2gdbIq4j34kSGM6PEuA/4f7c5aff-e99e-4b37-c4fb-f9f502366600/w=auto,q=auto,f=auto","https://imagedelivery.net/6xZ2gdbIq4j34kSGM6PEuA/4f7c5aff-e99e-4b37-c4fb-f9f502366600/w=auto,q=auto,f=auto;https://imagedelivery.net/6xZ2gdbIq4j34kSGM6PEuA/3b27393d-9824-4739-9104-4fa7a7a31200/w=auto,q=auto,f=auto;https://imagedelivery.net/6xZ2gdbIq4j34kSGM6PEuA/e5321ec2-b496-4965-772d-d281996a2500/w=auto,q=auto,f=auto;https://imagedelivery.net/6xZ2gdbIq4j34kSGM6PEuA/18af62f3-9a0c-414f-51b5-750ba28ec500/w=auto,q=auto,f=auto;https://imagedelivery.net/6xZ2gdbIq4j34kSGM6PEuA/43eb88f9-f5a0-4b41-0ae4-3b238ae6f900/w=auto,q=auto,f=auto;https://imagedelivery.net/6xZ2gdbIq4j34kSGM6PEuA/09625b93-4cc5-4cfb-62c1-676c50fd9b00/w=auto,q=auto,f=auto;https://imagedelivery.net/6xZ2gdbIq4j34kSGM6PEuA/2c6bc340-d06e-4408-acd0-3e67f30bd800/w=auto,q=auto,f=auto",Samsung Galaxy S25 Ultra (SM-S938B) 12 GB / 1 TB Titanium Black,1 TB,3199.99,`,500.0,`,`,5,50,1,1,1,1,0,0,0,`
TM-DG-SBP-1105-SM-3265,1,`,`,2399.99,`,`,"Brend:Samsung;Daxili yaddaş:512 GB;Operativ yaddaş:12 GB;Əsas kamera:50 MP + 200 MP + 50 MP + 10 MP;Ön kamera:12 MP;Nüvə sayı:8;SIM-kart növü:Nano SIM + eSIM;SIM-kart sayı:2;Prosessorun adı:Qualcomm;Əməliyyat sistemi:Android;Əməliyyat sistemin versiyası:Android 15;NFC:Var;Prosessorun növü:Qualcomm Snapdragon 8 Elite;Displey növü:Dynamic AMOLED 2Х;Simsiz enerji:Var;İnfraqırmızı port:Yox;Üz tanıma:Var;Sürətli enerji yığma:Var;Qorunma dərəcəsi:IP68;Görüntü imkanı:3120 × 1440;Ölçülər:162.8 × 77.6 × 8.2 mm;Yaddaş kartı dəstəyi:Yox;Barometr:Var;Giroskop:Var;İşıq sensoru:Var;Yaxınlaşdırma sensoru:Var;Optik sabitləşmə:Var;Video formatı:8K / 4K / 1080p;Bluetooth versiyası:5.4;Avtofokus əsas kamera:Var;Video icazəsi və kadr tezliyi:8K - 1080p, 30-240 kadr/s;Video asta çəkiliş:Var;Rəng:Titanium Black;Enerji toplama növü:USB Type-C;Qulaqlıq interfeysi:USB Type-C;Batareya növü:Li-lon;Çıxarıla bilən batareya:Yox;Akselerometr:Var;Enerji yığma gücü:45 Vt;Batareyanın həcmi:5000 mAh;İstehsal ili:2025;Barmaq izi oxuyucusu:Displeydə;Korpusun materiali:Titan və şüşə;Komplektasiya:Smartfon, Məlumat kitabçası;Seriya:Samsung Galaxy S25 Ultra;Zəmanət:12 ay;Şəbəkə standartı:5G;Ekran:6.9""",0,`,samsung-galaxy-s25-ultra-sm-s938b-12512-gb-titanium-black,#Samsung #Galaxy #S25 #Ultra #512GB,Samsung Galaxy S25 Ultra (SM-S938B) 12/512 GB Titanium Black,Titanium Black,"https://imagedelivery.net/6xZ2gdbIq4j34kSGM6PEuA/52c083fb-696c-4216-ceb6-d670d53d4500/w=auto,q=auto,f=auto","https://imagedelivery.net/6xZ2gdbIq4j34kSGM6PEuA/52c083fb-696c-4216-ceb6-d670d53d4500/w=auto,q=auto,f=auto;https://imagedelivery.net/6xZ2gdbIq4j34kSGM6PEuA/2d33b14d-ed7b-41b9-43dc-80c8a064f800/w=auto,q=auto,f=auto;https://imagedelivery.net/6xZ2gdbIq4j34kSGM6PEuA/cb3b84b6-0faf-4435-7f34-ce2b18e6e800/w=auto,q=auto,f=auto;https://imagedelivery.net/6xZ2gdbIq4j34kSGM6PEuA/d32f59af-9346-496d-f50a-ba8c16004c00/w=auto,q=auto,f=auto;https://imagedelivery.net/6xZ2gdbIq4j34kSGM6PEuA/86af6496-9329-40f0-b5bf-6e808cbbe500/w=auto,q=auto,f=auto;https://imagedelivery.net/6xZ2gdbIq4j34kSGM6PEuA/1d880e55-fc4f-44e1-6861-c8c10fb62000/w=auto,q=auto,f=auto;https://imagedelivery.net/6xZ2gdbIq4j34kSGM6PEuA/ac571929-f803-4387-c21c-aff237623200/w=auto,q=auto,f=auto",Samsung Galaxy S25 Ultra (SM-S938B) 12/512 GB Titanium Black,512 GB,2799.99,`,400.0,`,`,5,50,1,1,1,1,0,0,0,`
TM-DG-SBP-1105-SM-3269,1,`,`,2399.99,`,`,"Brend:Samsung;Daxili yaddaş:512 GB;Operativ yaddaş:12 GB;Əsas kamera:50 MP + 200 MP + 50 MP + 10 MP;Ön kamera:12 MP;Nüvə sayı:8;SIM-kart növü:Nano SIM + eSIM;SIM-kart sayı:2;Prosessorun adı:Qualcomm;Əməliyyat sistemi:Android;Əməliyyat sistemin versiyası:Android 15;NFC:Var;Prosessorun növü:Qualcomm Snapdragon 8 Elite for Galaxy;Displey növü:Dynamic AMOLED 2Х;Simsiz enerji:Var;İnfraqırmızı port:Yox;Üz tanıma:Var;Sürətli enerji yığma:Var;Qorunma dərəcəsi:IP68;Görüntü imkanı:3120 × 1440;Ölçülər:162.8 × 77.6 × 8.2 mm;Yaddaş kartı dəstəyi:Yox;Barometr:Var;Giroskop:Var;İşıq sensoru:Var;Yaxınlaşdırma sensoru:Var;Optik sabitləşmə:Var;Video formatı:8K / 4K / 1080p;Bluetooth versiyası:5.4;Avtofokus əsas kamera:Var;Video icazəsi və kadr tezliyi:8K - 1080p, 30-240 kadr/s;Video asta çəkiliş:Var;Rəng:Titanium Silverblue;Enerji toplama növü:USB Type-C;Qulaqlıq interfeysi:USB Type-C;Batareya növü:Li-lon;Çıxarıla bilən batareya:Yox;Akselerometr:Var;Enerji yığma gücü:45 Vt;Batareyanın həcmi:5000 mAh;İstehsal ili:2025;Barmaq izi oxuyucusu:Displeydə;Korpusun materiali:Titan və şüşə;Komplektasiya:Smartfon, Məlumat kitabçası;Seriya:Samsung Galaxy S25 Ultra;Zəmanət:12 ay;Şəbəkə standartı:5G;Ekran:6.9""",0,`,samsung-galaxy-s25-ultra-sm-s938b-12512-gb-titanium-silver-blue,#Samsung #Galaxy #S25 #Ultra #512GB,Samsung Galaxy S25 Ultra (SM-S938B) 12/512 GB Titanium Silver Blue,Titanium Silverblue,"https://imagedelivery.net/6xZ2gdbIq4j34kSGM6PEuA/bb375a12-c230-447e-29ae-7c8036f5df00/w=auto,q=auto,f=auto","https://imagedelivery.net/6xZ2gdbIq4j34kSGM6PEuA/bb375a12-c230-447e-29ae-7c8036f5df00/w=auto,q=auto,f=auto;https://imagedelivery.net/6xZ2gdbIq4j34kSGM6PEuA/60ff384c-c77f-49d6-b936-1eb453c12300/w=auto,q=auto,f=auto;https://imagedelivery.net/6xZ2gdbIq4j34kSGM6PEuA/ed8e23ff-0e4c-48ac-076f-5ccccf63a600/w=auto,q=auto,f=auto;https://imagedelivery.net/6xZ2gdbIq4j34kSGM6PEuA/fef14b4d-50fb-4299-d65f-141306b08e00/w=auto,q=auto,f=auto;https://imagedelivery.net/6xZ2gdbIq4j34kSGM6PEuA/02ce3463-9749-4ae4-17c9-665879005300/w=auto,q=auto,f=auto;https://imagedelivery.net/6xZ2gdbIq4j34kSGM6PEuA/c33df1a9-355c-43b9-438d-4cd43b33dd00/w=auto,q=auto,f=auto;https://imagedelivery.net/6xZ2gdbIq4j34kSGM6PEuA/d1c501c8-e43e-44b7-91a9-10be5a0adc00/w=auto,q=auto,f=auto",Samsung Galaxy S25 Ultra (SM-S938B) 12/512 GB Titanium Silver Blue,512 GB,2799.99,`,400.0,`,`,5,50,1,1,0,1,0,0,0,`
TM-DG-SBP-1105-SM-3270,1,`,`,2699.99,`,`,"Brend:Samsung;Daxili yaddaş:1 TB;Operativ yaddaş:12 GB;Əsas kamera:50 MP + 200 MP + 50 MP + 10 MP;Ön kamera:12 MP;Nüvə sayı:8;SIM-kart növü:Nano SIM + eSIM;SIM-kart sayı:2;Prosessorun adı:Qualcomm;Əməliyyat sistemi:Android;Əməliyyat sistemin versiyası:Android 15;NFC:Var;Prosessorun növü:Qualcomm Snapdragon 8 Elite;Displey növü:Dynamic AMOLED 2Х;Simsiz enerji:Var;İnfraqırmızı port:Yox;Üz tanıma:Var;Sürətli enerji yığma:Var;Qorunma dərəcəsi:IP68;Görüntü imkanı:3120 × 1440;Ölçülər:162.8 × 77.6 × 8.2 mm;Yaddaş kartı dəstəyi:Yox;Barometr:Var;Giroskop:Var;İşıq sensoru:Var;Yaxınlaşdırma sensoru:Var;Optik sabitləşmə:Var;Video formatı:8K / 4K / 1080p;Bluetooth versiyası:5.4;Avtofokus əsas kamera:Var;Video icazəsi və kadr tezliyi:8K - 1080p, 30-240 kadr/s;Video asta çəkiliş:Var;Rəng:Titanium Gray;Enerji toplama növü:USB Type-C;Qulaqlıq interfeysi:USB Type-C;Batareya növü:Li-lon;Çıxarıla bilən batareya:Yox;Akselerometr:Var;Enerji yığma gücü:45 Vt;Batareyanın həcmi:5000 mAh;İstehsal ili:2025;Barmaq izi oxuyucusu:Displeydə;Korpusun materiali:Titan və şüşə;Komplektasiya:Smartfon, Məlumat kitabçası;Seriya:Samsung Galaxy S25 Ultra;Zəmanət:12 ay;Şəbəkə standartı:5G;Ekran:6.9""",0,`,samsung-galaxy-s25-ultra-sm-s938b-12-gb-1-tb-titanium-gray,#Samsung #Galaxy #S25 #Ultra #12GB,Samsung Galaxy S25 Ultra (SM-S938B) 12 GB / 1 TB Titanium Gray,Titanium Gray,"https://imagedelivery.net/6xZ2gdbIq4j34kSGM6PEuA/b8814621-7d47-4fc9-e595-fc9849f9db00/w=auto,q=auto,f=auto","https://imagedelivery.net/6xZ2gdbIq4j34kSGM6PEuA/b8814621-7d47-4fc9-e595-fc9849f9db00/w=auto,q=auto,f=auto;https://imagedelivery.net/6xZ2gdbIq4j34kSGM6PEuA/606df931-977e-4897-17fa-281a157fea00/w=auto,q=auto,f=auto;https://imagedelivery.net/6xZ2gdbIq4j34kSGM6PEuA/efa1006f-7f94-4211-66d8-50fa96e41600/w=auto,q=auto,f=auto;https://imagedelivery.net/6xZ2gdbIq4j34kSGM6PEuA/d12570e3-f537-4926-d33b-a73f0d296300/w=auto,q=auto,f=auto;https://imagedelivery.net/6xZ2gdbIq4j34kSGM6PEuA/dc0676eb-41ca-46a1-a9ca-d8b435351f00/w=auto,q=auto,f=auto;https://imagedelivery.net/6xZ2gdbIq4j34kSGM6PEuA/8edf7e8f-3baf-44f9-2c3b-6ffcef8a1000/w=auto,q=auto,f=auto;https://imagedelivery.net/6xZ2gdbIq4j34kSGM6PEuA/1fda2de1-6cdd-40dc-37d9-2456294ec700/w=auto,q=auto,f=auto",Samsung Galaxy S25 Ultra (SM-S938B) 12 GB / 1 TB Titanium Gray,1 TB,3199.99,`,500.0,`,`,5,50,1,1,1,1,0,0,0,`
TM-DG-SBP-1105-SM-3271,1,`,`,2399.99,`,`,"Brend:Samsung;Daxili yaddaş:512 GB;Operativ yaddaş:12 GB;Əsas kamera:50 MP + 200 MP + 50 MP + 10 MP;Ön kamera:12 MP;Nüvə sayı:8;SIM-kart növü:Nano SIM + eSIM;SIM-kart sayı:2;Prosessorun adı:Qualcomm;Əməliyyat sistemi:Android;Əməliyyat sistemin versiyası:Android 15;NFC:Var;Prosessorun növü:Qualcomm Snapdragon 8 Elite for Galaxy;Displey növü:Dynamic AMOLED 2Х;Simsiz enerji:Var;İnfraqırmızı port:Yox;Üz tanıma:Var;Sürətli enerji yığma:Var;Qorunma dərəcəsi:IP68;Görüntü imkanı:3120 × 1440;Ölçülər:162.8 × 77.6 × 8.2 mm;Yaddaş kartı dəstəyi:Yox;Barometr:Var;Giroskop:Var;İşıq sensoru:Var;Yaxınlaşdırma sensoru:Var;Optik sabitləşmə:Var;Video formatı:8K / 4K / 1080p;Bluetooth versiyası:5.4;Avtofokus əsas kamera:Var;Video icazəsi və kadr tezliyi:8K - 1080p, 30-240 kadr/s;Video asta çəkiliş:Var;Rəng:Titanium Gray;Enerji toplama növü:USB Type-C;Qulaqlıq interfeysi:USB Type-C;Batareya növü:Li-lon;Çıxarıla bilən batareya:Yox;Akselerometr:Var;Enerji yığma gücü:45 Vt;Batareyanın həcmi:5000 mAh;İstehsal ili:2025;Barmaq izi oxuyucusu:Displeydə;Korpusun materiali:Titan və şüşə;Komplektasiya:Smartfon, Məlumat kitabçası;Seriya:Samsung Galaxy S25 Ultra;Zəmanət:12 ay;Şəbəkə standartı:5G;Ekran:6.9""",0,`,samsung-galaxy-s25-ultra-sm-s938b-12512gb-titanium-gray,#Samsung #Galaxy #S25 #Ultra #512GB,Samsung Galaxy S25 Ultra (SM-S938B) 12/512GB Titanium Gray,Titanium Gray,"https://imagedelivery.net/6xZ2gdbIq4j34kSGM6PEuA/0f91b2ad-2d35-45ef-0a40-c8d86d931800/w=auto,q=auto,f=auto","https://imagedelivery.net/6xZ2gdbIq4j34kSGM6PEuA/0f91b2ad-2d35-45ef-0a40-c8d86d931800/w=auto,q=auto,f=auto;https://imagedelivery.net/6xZ2gdbIq4j34kSGM6PEuA/76118eb4-6fd1-4f8b-6107-1e4ec2daaa00/w=auto,q=auto,f=auto;https://imagedelivery.net/6xZ2gdbIq4j34kSGM6PEuA/d14152ac-c654-47cb-6988-5d2d39037800/w=auto,q=auto,f=auto;https://imagedelivery.net/6xZ2gdbIq4j34kSGM6PEuA/30e02801-e25c-41fb-f1b8-9413a2a58a00/w=auto,q=auto,f=auto;https://imagedelivery.net/6xZ2gdbIq4j34kSGM6PEuA/772481f1-e103-4f67-6794-664a89d9c200/w=auto,q=auto,f=auto;https://imagedelivery.net/6xZ2gdbIq4j34kSGM6PEuA/3e855245-e451-4d0a-5785-20e73ca0f800/w=auto,q=auto,f=auto;https://imagedelivery.net/6xZ2gdbIq4j34kSGM6PEuA/52ea9e30-8fbd-46c9-a8db-55e634595a00/w=auto,q=auto,f=auto",Samsung Galaxy S25 Ultra (SM-S938B) 12/512GB Titanium Gray,512 GB,2799.99,`,400.0,`,`,5,50,1,1,1,1,0,0,0,`
TM-DG-SBP-1105-SM-3273,1,`,`,2149.99,`,`,"Brend:Samsung;Daxili yaddaş:256 GB;Operativ yaddaş:12 GB;Əsas kamera:50 MP + 200 MP + 50 MP + 10 MP;Ön kamera:12 MP;Nüvə sayı:8;SIM-kart növü:Nano SIM + eSIM;SIM-kart sayı:2;Prosessorun adı:Qualcomm;Əməliyyat sistemi:Android;Əməliyyat sistemin versiyası:Android 15;NFC:Var;Prosessorun növü:Qualcomm Snapdragon 8 Elite for Galaxy;Displey növü:Dynamic AMOLED 2Х;Simsiz enerji:Var;İnfraqırmızı port:Yox;Üz tanıma:Var;Sürətli enerji yığma:Var;Qorunma dərəcəsi:IP68;Görüntü imkanı:3120 × 1440;Ölçülər:162.8 × 77.6 × 8.2 mm;Yaddaş kartı dəstəyi:Yox;Barometr:Var;Giroskop:Var;İşıq sensoru:Var;Yaxınlaşdırma sensoru:Var;Optik sabitləşmə:Var;Video formatı:8K / 4K / 1080p;Bluetooth versiyası:5.4;Avtofokus əsas kamera:Var;Video icazəsi və kadr tezliyi:8K - 1080p, 30-240 kadr/s;Video asta çəkiliş:Var;Rəng:Titanium Gray;Enerji toplama növü:USB Type-C;Qulaqlıq interfeysi:USB Type-C;Batareya növü:Li-lon;Çıxarıla bilən batareya:Yox;Akselerometr:Var;Enerji yığma gücü:45 Vt;Batareyanın həcmi:5000 mAh;İstehsal ili:2025;Barmaq izi oxuyucusu:Displeydə;Korpusun materiali:Titan və şüşə;Komplektasiya:Smartfon, Məlumat kitabçası;Seriya:Samsung Galaxy S25 Ultra;Zəmanət:12 ay;Şəbəkə standartı:5G;Ekran:6.9""",0,`,samsung-galaxy-s25-ultra-sm-s938b-12256-gb-titanium-gray,#Samsung #Galaxy #S25 #Ultra #256GB,Samsung Galaxy S25 Ultra (SM-S938B) 12/256 GB Titanium Gray,Titanium Gray,"https://imagedelivery.net/6xZ2gdbIq4j34kSGM6PEuA/f537c20c-15a0-4766-d2e7-2c86c41e3b00/w=auto,q=auto,f=auto","https://imagedelivery.net/6xZ2gdbIq4j34kSGM6PEuA/f537c20c-15a0-4766-d2e7-2c86c41e3b00/w=auto,q=auto,f=auto;https://imagedelivery.net/6xZ2gdbIq4j34kSGM6PEuA/ac5c522d-05fe-4747-4f90-3fa9a23a3c00/w=auto,q=auto,f=auto;https://imagedelivery.net/6xZ2gdbIq4j34kSGM6PEuA/89a32234-bed9-4080-d25a-3cd9baa1a900/w=auto,q=auto,f=auto;https://imagedelivery.net/6xZ2gdbIq4j34kSGM6PEuA/d29bfff5-4c2f-4588-8441-2a3e41b89f00/w=auto,q=auto,f=auto;https://imagedelivery.net/6xZ2gdbIq4j34kSGM6PEuA/4a2e11ac-9fb1-4a5e-8382-d7ca7245f500/w=auto,q=auto,f=auto;https://imagedelivery.net/6xZ2gdbIq4j34kSGM6PEuA/83a443f6-2fad-4381-ad7e-409f80b89300/w=auto,q=auto,f=auto;https://imagedelivery.net/6xZ2gdbIq4j34kSGM6PEuA/81784464-3b94-46d1-e180-7c53ee8b2700/w=auto,q=auto,f=auto",Samsung Galaxy S25 Ultra (SM-S938B) 12/256 GB Titanium Gray,256 GB,2499.99,`,350.0,`,`,5,50,1,1,1,1,0,0,0,`
TM-DG-SBP-1105-SM-3274,1,`,`,2149.99,`,`,"Brend:Samsung;Daxili yaddaş:256 GB;Operativ yaddaş:12 GB;Əsas kamera:50 MP + 200 MP + 50 MP + 10 MP;Ön kamera:12 MP;Nüvə sayı:8;SIM-kart növü:Nano SIM + eSIM;SIM-kart sayı:2;Prosessorun adı:Qualcomm;Əməliyyat sistemi:Android;Əməliyyat sistemin versiyası:Android 15;NFC:Var;Prosessorun növü:Qualcomm Snapdragon 8 Elite for Galaxy;Displey növü:Dynamic AMOLED 2Х;Simsiz enerji:Var;İnfraqırmızı port:Yox;Üz tanıma:Var;Sürətli enerji yığma:Var;Qorunma dərəcəsi:IP68;Görüntü imkanı:3120 × 1440;Ölçülər:162.8 × 77.6 × 8.2 mm;Yaddaş kartı dəstəyi:Yox;Barometr:Var;Giroskop:Var;İşıq sensoru:Var;Yaxınlaşdırma sensoru:Var;Optik sabitləşmə:Var;Video formatı:8K / 4K / 1080p;Bluetooth versiyası:5.4;Avtofokus əsas kamera:Var;Video icazəsi və kadr tezliyi:8K - 1080p, 30-240 kadr/s;Video asta çəkiliş:Var;Rəng:Titanium Silverblue;Enerji toplama növü:USB Type-C;Qulaqlıq interfeysi:USB Type-C;Batareya növü:Li-lon;Çıxarıla bilən batareya:Yox;Akselerometr:Var;Enerji yığma gücü:45 Vt;Batareyanın həcmi:5000 mAh;İstehsal ili:2025;Barmaq izi oxuyucusu:Displeydə;Korpusun materiali:Titan və şüşə;Komplektasiya:Smartfon, Məlumat kitabçası;Seriya:Samsung Galaxy S25 Ultra;Zəmanət:12 ay;Şəbəkə standartı:5G;Ekran:6.9""",0,`,samsung-galaxy-s25-ultra-sm-s938b-12256-gb-titanium-silverblue,#Samsung #Galaxy #S25 #Ultra #256GB,Samsung Galaxy S25 Ultra (SM-S938B) 12/256 GB Titanium SilverBlue,Titanium Silverblue,"https://imagedelivery.net/6xZ2gdbIq4j34kSGM6PEuA/c4d31a97-1815-4ad5-6465-ae4978f9e000/w=auto,q=auto,f=auto","https://imagedelivery.net/6xZ2gdbIq4j34kSGM6PEuA/c4d31a97-1815-4ad5-6465-ae4978f9e000/w=auto,q=auto,f=auto;https://imagedelivery.net/6xZ2gdbIq4j34kSGM6PEuA/8f0125b6-5ed7-4141-2755-989e04a0b600/w=auto,q=auto,f=auto;https://imagedelivery.net/6xZ2gdbIq4j34kSGM6PEuA/6c194069-589f-4210-4a1e-973b0d32b100/w=auto,q=auto,f=auto;https://imagedelivery.net/6xZ2gdbIq4j34kSGM6PEuA/e2ea2054-cd65-4f17-7fe3-ac75fba9e900/w=auto,q=auto,f=auto;https://imagedelivery.net/6xZ2gdbIq4j34kSGM6PEuA/c00afb7e-c8da-4b39-7166-d80d7b814a00/w=auto,q=auto,f=auto;https://imagedelivery.net/6xZ2gdbIq4j34kSGM6PEuA/52465222-a4d3-49b9-c2a3-92b0f1f16500/w=auto,q=auto,f=auto;https://imagedelivery.net/6xZ2gdbIq4j34kSGM6PEuA/b1ef06f0-7afe-46f3-0031-f3e544c46000/w=auto,q=auto,f=auto",Samsung Galaxy S25 Ultra (SM-S938B) 12/256 GB Titanium SilverBlue,256 GB,2499.99,`,350.0,`,`,5,50,1,1,1,1,0,0,0,`
TM-DG-SBP-1105-SM-3275,1,`,`,2149.99,`,`,"Brend:Samsung;Daxili yaddaş:256 GB;Operativ yaddaş:12 GB;Əsas kamera:50 MP + 200 MP + 50 MP + 10 MP;Ön kamera:12 MP;Nüvə sayı:8;SIM-kart növü:Nano SIM + eSIM;SIM-kart sayı:2;Prosessorun adı:Qualcomm;Əməliyyat sistemi:Android;Əməliyyat sistemin versiyası:Android 15;NFC:Var;Prosessorun növü:Qualcomm Snapdragon 8 Elite for Galaxy;Displey növü:Dynamic AMOLED 2Х;Simsiz enerji:Var;İnfraqırmızı port:Yox;Üz tanıma:Var;Sürətli enerji yığma:Var;Qorunma dərəcəsi:IP68;Görüntü imkanı:3120 × 1440;Ölçülər:162.8 × 77.6 × 8.2 mm;Yaddaş kartı dəstəyi:Yox;Barometr:Var;Giroskop:Var;İşıq sensoru:Var;Yaxınlaşdırma sensoru:Var;Optik sabitləşmə:Var;Video formatı:8K / 4K / 1080p;Bluetooth versiyası:5.4;Avtofokus əsas kamera:Var;Video icazəsi və kadr tezliyi:8K - 1080p, 30-240 kadr/s;Video asta çəkiliş:Var;Rəng:Titanium Black;Enerji toplama növü:USB Type-C;Qulaqlıq interfeysi:USB Type-C;Batareya növü:Li-lon;Çıxarıla bilən batareya:Yox;Akselerometr:Var;Enerji yığma gücü:45 Vt;Batareyanın həcmi:5000 mAh;İstehsal ili:2025;Barmaq izi oxuyucusu:Displeydə;Korpusun materiali:Titan və şüşə;Komplektasiya:Smartfon, Məlumat kitabçası;Seriya:Samsung Galaxy S25 Ultra;Zəmanət:12 ay;Şəbəkə standartı:5G;Ekran:6.9""",0,`,samsung-galaxy-s25-ultra-sm-s938b-12256-gb-titanium-black,#Samsung #Galaxy #S25 #Ultra #256GB,Samsung Galaxy S25 Ultra (SM-S938B) 12/256 GB Titanium Black,Titanium Black,"https://imagedelivery.net/6xZ2gdbIq4j34kSGM6PEuA/e93ecac8-8080-4900-fcde-879bd2535400/w=auto,q=auto,f=auto","https://imagedelivery.net/6xZ2gdbIq4j34kSGM6PEuA/e93ecac8-8080-4900-fcde-879bd2535400/w=auto,q=auto,f=auto;https://imagedelivery.net/6xZ2gdbIq4j34kSGM6PEuA/7e6538fd-a1c8-499c-5045-5ab182e32b00/w=auto,q=auto,f=auto;https://imagedelivery.net/6xZ2gdbIq4j34kSGM6PEuA/8b3e1558-8f56-4686-315f-08539f87a800/w=auto,q=auto,f=auto;https://imagedelivery.net/6xZ2gdbIq4j34kSGM6PEuA/8b18399c-7510-473b-b908-0928feeca000/w=auto,q=auto,f=auto;https://imagedelivery.net/6xZ2gdbIq4j34kSGM6PEuA/828dc855-b0b9-4c0c-f814-82f19aa91300/w=auto,q=auto,f=auto;https://imagedelivery.net/6xZ2gdbIq4j34kSGM6PEuA/5502853a-92df-4bb1-408b-4ebb21848a00/w=auto,q=auto,f=auto;https://imagedelivery.net/6xZ2gdbIq4j34kSGM6PEuA/335ddf5c-1964-4208-931f-7de414fe1300/w=auto,q=auto,f=auto",Samsung Galaxy S25 Ultra (SM-S938B) 12/256 GB Titanium Black,256 GB,2499.99,`,350.0,`,`,5,50,1,1,1,1,0,0,0,`
TM-DG-SBP-1105-SM-3276,1,`,`,1849.9899999999998,`,`,"Brend:Samsung;Daxili yaddaş:512 GB;Operativ yaddaş:12 GB;Əsas kamera:50 MP + 10 MP + 12 MP;Ön kamera:12 MP;Nüvə sayı:8;SIM-kart növü:Nano SIM + eSIM;SIM-kart sayı:2;Prosessorun adı:Qualcomm;Əməliyyat sistemi:Android;Əməliyyat sistemin versiyası:Android 15;NFC:Var;Prosessorun növü:Qualcomm Snapdragon 8 Elite for Galaxy;Displey növü:Dynamic AMOLED 2Х;Simsiz enerji:Var;İnfraqırmızı port:Yox;Üz tanıma:Var;Sürətli enerji yığma:Var;Qorunma dərəcəsi:IP68;Görüntü imkanı:3120 × 1440;Ölçülər:158.4 × 75.8 × 7.3 mm;Yaddaş kartı dəstəyi:Yox;Barometr:Var;Giroskop:Var;İşıq sensoru:Var;Yaxınlaşdırma sensoru:Var;Optik sabitləşmə:Var;Video formatı:8K / 4K / 1080p;Bluetooth versiyası:5.4;Avtofokus əsas kamera:Var;Video icazəsi və kadr tezliyi:8K - 1080p, 30-240 kadr/s;Video asta çəkiliş:Var;Rəng:Mint;Enerji toplama növü:USB Type-C;Qulaqlıq interfeysi:USB Type-C;Batareya növü:Li-lon;Çıxarıla bilən batareya:Yox;Akselerometr:Var;Enerji yığma gücü:45 Vt;Batareyanın həcmi:4900 mAh;İstehsal ili:2025;Barmaq izi oxuyucusu:Displeydə;Korpusun materiali:Alüminium və şüşə;Komplektasiya:Smartfon, USB-C kabeli, Məlumat kitabçası;Seriya:Samsung Galaxy S25+;Zəmanət:12 ay;Şəbəkə standartı:5G;Ekran:6.7""",0,`,samsung-galaxy-s25-sm-s936b-12512-gb-mint,#Samsung #Galaxy #S25 #512GB,Samsung Galaxy S25+ (SM-S936B) 12/512 GB Mint,Mint,"https://imagedelivery.net/6xZ2gdbIq4j34kSGM6PEuA/6c2a5644-ec1d-4a98-70f8-9433edd60c00/w=auto,q=auto,f=auto","https://imagedelivery.net/6xZ2gdbIq4j34kSGM6PEuA/6c2a5644-ec1d-4a98-70f8-9433edd60c00/w=auto,q=auto,f=auto;https://imagedelivery.net/6xZ2gdbIq4j34kSGM6PEuA/64a2bbbc-4b88-48fc-bfab-75decae8a200/w=auto,q=auto,f=auto;https://imagedelivery.net/6xZ2gdbIq4j34kSGM6PEuA/d9949d70-d0c1-4ae9-9eea-f9993754af00/w=auto,q=auto,f=auto;https://imagedelivery.net/6xZ2gdbIq4j34kSGM6PEuA/b7cfe351-0a35-4ef2-a5f5-f8f51492b000/w=auto,q=auto,f=auto;https://imagedelivery.net/6xZ2gdbIq4j34kSGM6PEuA/96411af7-767b-4bb2-7887-a887186be300/w=auto,q=auto,f=auto;https://imagedelivery.net/6xZ2gdbIq4j34kSGM6PEuA/850505fc-a4e6-4719-b0bf-e20701f86c00/w=auto,q=auto,f=auto;https://imagedelivery.net/6xZ2gdbIq4j34kSGM6PEuA/a926042a-8420-4b6b-6afa-e211eeeaa300/w=auto,q=auto,f=auto",Samsung Galaxy S25+ (SM-S936B) 12/512 GB Mint,512 GB,2199.99,`,350.0,`,`,5,50,1,1,1,1,0,0,0,`
TM-DG-SBP-1105-SM-3277,1,`,`,1849.9899999999998,`,`,"Brend:Samsung;Daxili yaddaş:512 GB;Operativ yaddaş:12 GB;Əsas kamera:50 MP + 10 MP + 12 MP;Ön kamera:12 MP;Nüvə sayı:8;SIM-kart növü:Nano SIM + eSIM;SIM-kart sayı:2;Prosessorun adı:Qualcomm;Əməliyyat sistemi:Android;Əməliyyat sistemin versiyası:Android 15;NFC:Var;Prosessorun növü:Qualcomm Snapdragon 8 Elite for Galaxy;Displey növü:Dynamic AMOLED 2Х;Simsiz enerji:Var;İnfraqırmızı port:Yox;Üz tanıma:Var;Sürətli enerji yığma:Var;Qorunma dərəcəsi:IP68;Görüntü imkanı:3120 × 1440;Ölçülər:158.4 × 75.8 × 7.3 mm;Yaddaş kartı dəstəyi:Yox;Barometr:Var;Giroskop:Var;İşıq sensoru:Var;Yaxınlaşdırma sensoru:Var;Optik sabitləşmə:Var;Video formatı:8K / 4K / 1080p;Bluetooth versiyası:5.4;Avtofokus əsas kamera:Var;Video icazəsi və kadr tezliyi:8K - 1080p, 30-240 kadr/s;Video asta çəkiliş:Var;Rəng:Silver;Enerji toplama növü:USB Type-C;Qulaqlıq interfeysi:USB Type-C;Batareya növü:Li-lon;Çıxarıla bilən batareya:Yox;Akselerometr:Var;Enerji yığma gücü:45 Vt;Batareyanın həcmi:4900 mAh;İstehsal ili:2025;Barmaq izi oxuyucusu:Displeydə;Korpusun materiali:Alüminium və şüşə;Komplektasiya:Smartfon, USB-C kabeli, Məlumat kitabçası;Seriya:Samsung Galaxy S25+;Zəmanət:12 ay;Şəbəkə standartı:5G;Ekran:6.7""",0,`,samsung-galaxy-s25-sm-s936b-12512-gb-silver,#Samsung #Galaxy #S25 #512GB,Samsung Galaxy S25+ (SM-S936B) 12/512 GB Silver,Silver,"https://imagedelivery.net/6xZ2gdbIq4j34kSGM6PEuA/4c90f31a-ca7a-43b3-fe86-bd27eee0f800/w=auto,q=auto,f=auto","https://imagedelivery.net/6xZ2gdbIq4j34kSGM6PEuA/4c90f31a-ca7a-43b3-fe86-bd27eee0f800/w=auto,q=auto,f=auto;https://imagedelivery.net/6xZ2gdbIq4j34kSGM6PEuA/a33d044d-ccac-4602-9cdc-3fe4e1488400/w=auto,q=auto,f=auto;https://imagedelivery.net/6xZ2gdbIq4j34kSGM6PEuA/4d7ebf5c-9b18-4039-e508-8e431bbd3c00/w=auto,q=auto,f=auto;https://imagedelivery.net/6xZ2gdbIq4j34kSGM6PEuA/1c62b451-2c8a-43d0-9d77-eef5af1c2800/w=auto,q=auto,f=auto;https://imagedelivery.net/6xZ2gdbIq4j34kSGM6PEuA/8285f296-0c65-4ebc-0a2f-da4a1734af00/w=auto,q=auto,f=auto;https://imagedelivery.net/6xZ2gdbIq4j34kSGM6PEuA/02c543d3-2d8c-451f-2264-f06904571800/w=auto,q=auto,f=auto;https://imagedelivery.net/6xZ2gdbIq4j34kSGM6PEuA/a99da680-698c-403f-88b9-ab2876418300/w=auto,q=auto,f=auto",Samsung Galaxy S25+ (SM-S936B) 12/512 GB Silver,512 GB,2199.99,`,350.0,`,`,5,50,1,1,1,1,0,0,0,`
TM-DG-SBP-1105-SM-3278,1,`,`,1849.9899999999998,`,`,"Brend:Samsung;Daxili yaddaş:512 GB;Operativ yaddaş:12 GB;Əsas kamera:50 MP + 10 MP + 12 MP;Ön kamera:12 MP;Nüvə sayı:8;SIM-kart növü:Nano SIM + eSIM;SIM-kart sayı:2;Prosessorun adı:Qualcomm;Əməliyyat sistemi:Android;Əməliyyat sistemin versiyası:Android 15;NFC:Var;Prosessorun növü:Qualcomm Snapdragon 8 Elite for Galaxy;Displey növü:Dynamic AMOLED 2Х;Simsiz enerji:Var;İnfraqırmızı port:Yox;Üz tanıma:Var;Sürətli enerji yığma:Var;Qorunma dərəcəsi:IP68;Görüntü imkanı:3120 × 1440;Ölçülər:158.4 × 75.8 × 7.3 mm;Yaddaş kartı dəstəyi:Yox;Barometr:Var;Giroskop:Var;İşıq sensoru:Var;Yaxınlaşdırma sensoru:Var;Optik sabitləşmə:Var;Video formatı:8K / 4K / 1080p;Bluetooth versiyası:5.4;Avtofokus əsas kamera:Var;Video icazəsi və kadr tezliyi:8K - 1080p, 30-240 kadr/s;Video asta çəkiliş:Var;Rəng:Icy Blue;Enerji toplama növü:USB Type-C;Qulaqlıq interfeysi:USB Type-C;Batareya növü:Li-lon;Çıxarıla bilən batareya:Yox;Akselerometr:Var;Enerji yığma gücü:45 Vt;Batareyanın həcmi:4900 mAh;İstehsal ili:2025;Barmaq izi oxuyucusu:Displeydə;Korpusun materiali:Alüminium və şüşə;Komplektasiya:Smartfon, USB-C kabeli, Məlumat kitabçası;Seriya:Samsung Galaxy S25+;Zəmanət:12 ay;Şəbəkə standartı:5G;Ekran:6.7""",0,`,samsung-galaxy-s25-sm-s936b-12512-gb-icyblue,#Samsung #Galaxy #S25 #512GB,Samsung Galaxy S25+ (SM-S936B) 12/512 GB Icyblue,Icy Blue,"https://imagedelivery.net/6xZ2gdbIq4j34kSGM6PEuA/bfa88e6d-64a0-4b88-271f-53bef5a7f700/w=auto,q=auto,f=auto","https://imagedelivery.net/6xZ2gdbIq4j34kSGM6PEuA/bfa88e6d-64a0-4b88-271f-53bef5a7f700/w=auto,q=auto,f=auto;https://imagedelivery.net/6xZ2gdbIq4j34kSGM6PEuA/19bd1c72-0693-49ce-a264-21beb6db4200/w=auto,q=auto,f=auto;https://imagedelivery.net/6xZ2gdbIq4j34kSGM6PEuA/3452512b-cc84-4220-f45a-77172388f000/w=auto,q=auto,f=auto;https://imagedelivery.net/6xZ2gdbIq4j34kSGM6PEuA/a266c6f0-cc9f-444d-8d57-ca051892fa00/w=auto,q=auto,f=auto;https://imagedelivery.net/6xZ2gdbIq4j34kSGM6PEuA/7fe3b435-2d8d-486d-9bbf-629cb297f500/w=auto,q=auto,f=auto;https://imagedelivery.net/6xZ2gdbIq4j34kSGM6PEuA/25e8fdca-149c-49a4-5a00-f842c05cec00/w=auto,q=auto,f=auto;https://imagedelivery.net/6xZ2gdbIq4j34kSGM6PEuA/99b0b621-7250-4ef9-0d47-526636734400/w=auto,q=auto,f=auto",Samsung Galaxy S25+ (SM-S936B) 12/512 GB Icyblue,512 GB,2199.99,`,350.0,`,`,5,50,1,1,1,1,0,0,0,`
TM-DG-SBP-1105-SM-3279,1,`,`,1849.9899999999998,`,`,"Brend:Samsung;Daxili yaddaş:512 GB;Operativ yaddaş:12 GB;Əsas kamera:50 MP + 10 MP + 12 MP;Ön kamera:12 MP;Nüvə sayı:8;SIM-kart növü:Nano SIM + eSIM;SIM-kart sayı:2;Prosessorun adı:Qualcomm;Əməliyyat sistemi:Android;Əməliyyat sistemin versiyası:Android 15;NFC:Var;Prosessorun növü:Qualcomm Snapdragon 8 Elite;Displey növü:Dynamic AMOLED 2Х;Simsiz enerji:Var;İnfraqırmızı port:Yox;Üz tanıma:Var;Sürətli enerji yığma:Var;Qorunma dərəcəsi:IP68;Görüntü imkanı:3120 × 1440;Ölçülər:158.4 × 75.8 × 7.3 mm;Yaddaş kartı dəstəyi:Yox;Barometr:Var;Giroskop:Var;İşıq sensoru:Var;Yaxınlaşdırma sensoru:Var;Optik sabitləşmə:Var;Video formatı:8K / 4K / 1080p;Bluetooth versiyası:5.4;Avtofokus əsas kamera:Var;Video icazəsi və kadr tezliyi:8K - 1080p, 30-240 kadr/s;Video asta çəkiliş:Var;Rəng:Navy;Enerji toplama növü:USB Type-C;Qulaqlıq interfeysi:USB Type-C;Batareya növü:Li-lon;Çıxarıla bilən batareya:Yox;Akselerometr:Var;Enerji yığma gücü:45 Vt;Batareyanın həcmi:4900 mAh;İstehsal ili:2025;Barmaq izi oxuyucusu:Displeydə;Korpusun materiali:Alüminium və şüşə;Komplektasiya:Smartfon, USB-C kabeli, Məlumat kitabçası;Seriya:Samsung Galaxy S25+;Zəmanət:12 ay;Şəbəkə standartı:5G;Ekran:6.7""",0,`,samsung-galaxy-s25-sm-s936b-12512-gb-navy,#Samsung #Galaxy #S25 #512GB,Samsung Galaxy S25+ (SM-S936B) 12/512 GB Navy,Navy,"https://imagedelivery.net/6xZ2gdbIq4j34kSGM6PEuA/b9ed5bca-656f-4b8e-e5bf-70c0b02f5900/w=auto,q=auto,f=auto","https://imagedelivery.net/6xZ2gdbIq4j34kSGM6PEuA/b9ed5bca-656f-4b8e-e5bf-70c0b02f5900/w=auto,q=auto,f=auto;https://imagedelivery.net/6xZ2gdbIq4j34kSGM6PEuA/69fc4861-5262-4868-8861-60542299e900/w=auto,q=auto,f=auto;https://imagedelivery.net/6xZ2gdbIq4j34kSGM6PEuA/7ae52265-a720-4cac-6685-c26f3d956f00/w=auto,q=auto,f=auto;https://imagedelivery.net/6xZ2gdbIq4j34kSGM6PEuA/49b87259-8b24-4b4d-e0da-c781fe79fa00/w=auto,q=auto,f=auto;https://imagedelivery.net/6xZ2gdbIq4j34kSGM6PEuA/1d9c6d0a-b2a5-425a-337c-ca91dc402200/w=auto,q=auto,f=auto;https://imagedelivery.net/6xZ2gdbIq4j34kSGM6PEuA/db8eaa17-93ec-46c0-ce46-a17d35034600/w=auto,q=auto,f=auto;https://imagedelivery.net/6xZ2gdbIq4j34kSGM6PEuA/d08b705f-04ce-4b16-0651-aeba87367300/w=auto,q=auto,f=auto;https://imagedelivery.net/6xZ2gdbIq4j34kSGM6PEuA/177d8596-e0c7-4d12-3052-f496d4a31a00/w=auto,q=auto,f=auto;https://imagedelivery.net/6xZ2gdbIq4j34kSGM6PEuA/37f649e7-ce83-4e53-8791-f583aba2d000/w=auto,q=auto,f=auto",Samsung Galaxy S25+ (SM-S936B) 12/512 GB Navy,512 GB,2199.99,`,350.0,`,`,5,50,1,1,0,1,0,0,0,`
TM-DG-SBP-1105-SM-3280,1,`,`,1699.99,`,`,"Brend:Samsung;Daxili yaddaş:256 GB;Operativ yaddaş:12 GB;Əsas kamera:50 MP + 10 MP + 12 MP;Ön kamera:12 MP;Nüvə sayı:8;SIM-kart növü:Nano SIM + eSIM;SIM-kart sayı:2;Prosessorun adı:Qualcomm;Əməliyyat sistemi:Android;Əməliyyat sistemin versiyası:Android 15;NFC:Var;Prosessorun növü:Qualcomm Snapdragon 8 Elite for Galaxy;Displey növü:Dynamic AMOLED 2Х;Simsiz enerji:Var;İnfraqırmızı port:Yox;Üz tanıma:Var;Sürətli enerji yığma:Var;Qorunma dərəcəsi:IP68;Görüntü imkanı:3120 × 1440;Ölçülər:158.4 × 75.8 × 7.3 mm;Yaddaş kartı dəstəyi:Yox;Barometr:Var;Giroskop:Var;İşıq sensoru:Var;Yaxınlaşdırma sensoru:Var;Optik sabitləşmə:Var;Video formatı:8K / 4K / 1080p;Bluetooth versiyası:5.4;Avtofokus əsas kamera:Var;Video icazəsi və kadr tezliyi:8K - 1080p, 30-240 kadr/s;Video asta çəkiliş:Var;Rəng:Mint;Enerji toplama növü:USB Type-C;Qulaqlıq interfeysi:USB Type-C;Batareya növü:Li-lon;Çıxarıla bilən batareya:Yox;Akselerometr:Var;Enerji yığma gücü:45 Vt;Batareyanın həcmi:4900 mAh;İstehsal ili:2025;Barmaq izi oxuyucusu:Displeydə;Korpusun materiali:Alüminium və şüşə;Komplektasiya:Smartfon, USB-C kabeli, Məlumat kitabçası;Seriya:Samsung Galaxy S25+;Zəmanət:12 ay;Şəbəkə standartı:5G;Ekran:6.7""",0,`,samsung-galaxy-s25-sm-s936b-12256-gb-mint,#Samsung #Galaxy #S25 #256GB,Samsung Galaxy S25+ (SM-S936B) 12/256 GB Mint,Mint,"https://imagedelivery.net/6xZ2gdbIq4j34kSGM6PEuA/a9e320c7-1e60-4785-f5c3-e3beb6af2c00/w=auto,q=auto,f=auto","https://imagedelivery.net/6xZ2gdbIq4j34kSGM6PEuA/a9e320c7-1e60-4785-f5c3-e3beb6af2c00/w=auto,q=auto,f=auto;https://imagedelivery.net/6xZ2gdbIq4j34kSGM6PEuA/4d879fc2-a9d1-4170-4b31-b8a712fdb600/w=auto,q=auto,f=auto;https://imagedelivery.net/6xZ2gdbIq4j34kSGM6PEuA/8921cdbf-79dc-4f4f-cb2b-a58805ca0000/w=auto,q=auto,f=auto;https://imagedelivery.net/6xZ2gdbIq4j34kSGM6PEuA/1a6066f0-52d7-4d4a-c0df-80fc2b56ed00/w=auto,q=auto,f=auto;https://imagedelivery.net/6xZ2gdbIq4j34kSGM6PEuA/602ad3a6-9a0a-4e81-bf42-6f53e6350800/w=auto,q=auto,f=auto;https://imagedelivery.net/6xZ2gdbIq4j34kSGM6PEuA/5a082661-caa8-46d3-1958-ee4dbe44ab00/w=auto,q=auto,f=auto;https://imagedelivery.net/6xZ2gdbIq4j34kSGM6PEuA/baf99a0a-8372-45fd-a5b2-dc1bef682b00/w=auto,q=auto,f=auto;https://imagedelivery.net/6xZ2gdbIq4j34kSGM6PEuA/c1d84e15-c849-435b-63bf-cb9fd05a7e00/w=auto,q=auto,f=auto;https://imagedelivery.net/6xZ2gdbIq4j34kSGM6PEuA/aec6aeac-693b-4479-4107-c3f2e8876b00/w=auto,q=auto,f=auto",Samsung Galaxy S25+ (SM-S936B) 12/256 GB Mint,256 GB,1999.99,`,300.0,`,`,5,50,1,1,0,1,0,0,0,`
TM-DG-SBP-1105-SM-3281,1,`,`,1699.99,`,`,"Brend:Samsung;Daxili yaddaş:256 GB;Operativ yaddaş:12 GB;Əsas kamera:50 MP + 10 MP + 12 MP;Ön kamera:12 MP;Nüvə sayı:8;SIM-kart növü:Nano SIM + eSIM;SIM-kart sayı:2;Prosessorun adı:Qualcomm;Əməliyyat sistemi:Android;Əməliyyat sistemin versiyası:Android 15;NFC:Var;Prosessorun növü:Qualcomm Snapdragon 8 Elite for Galaxy;Displey növü:Dynamic AMOLED 2Х;Simsiz enerji:Var;İnfraqırmızı port:Yox;Üz tanıma:Var;Sürətli enerji yığma:Var;Qorunma dərəcəsi:IP68;Görüntü imkanı:3120 × 1440;Ölçülər:158.4 × 75.8 × 7.3 mm;Yaddaş kartı dəstəyi:Yox;Barometr:Var;Giroskop:Var;İşıq sensoru:Var;Yaxınlaşdırma sensoru:Var;Optik sabitləşmə:Var;Video formatı:8K / 4K / 1080p;Bluetooth versiyası:5.4;Avtofokus əsas kamera:Var;Video icazəsi və kadr tezliyi:8K - 1080p, 30-240 kadr/s;Video asta çəkiliş:Var;Rəng:Silver;Enerji toplama növü:USB Type-C;Qulaqlıq interfeysi:USB Type-C;Batareya növü:Li-lon;Çıxarıla bilən batareya:Yox;Akselerometr:Var;Enerji yığma gücü:45 Vt;Batareyanın həcmi:4900 mAh;İstehsal ili:2025;Barmaq izi oxuyucusu:Displeydə;Korpusun materiali:Alüminium və şüşə;Komplektasiya:Smartfon, USB-C kabeli, Məlumat kitabçası;Seriya:Samsung Galaxy S25+;Zəmanət:12 ay;Şəbəkə standartı:5G;Ekran:6.7""",0,`,samsung-galaxy-s25-sm-s936b-12256-gb-silver,#Samsung #Galaxy #S25 #256GB,Samsung Galaxy S25+ (SM-S936B) 12/256 GB Silver,Silver,"https://imagedelivery.net/6xZ2gdbIq4j34kSGM6PEuA/8a27f3dc-0ee7-48be-293e-4120f7d24d00/w=auto,q=auto,f=auto","https://imagedelivery.net/6xZ2gdbIq4j34kSGM6PEuA/8a27f3dc-0ee7-48be-293e-4120f7d24d00/w=auto,q=auto,f=auto;https://imagedelivery.net/6xZ2gdbIq4j34kSGM6PEuA/8e4db044-4110-4f76-c27f-17e2bfb68300/w=auto,q=auto,f=auto;https://imagedelivery.net/6xZ2gdbIq4j34kSGM6PEuA/90b330e6-d4a7-46e0-7c54-9af428d8b800/w=auto,q=auto,f=auto;https://imagedelivery.net/6xZ2gdbIq4j34kSGM6PEuA/3b69ff21-0c7e-47f1-a404-dfce61e87d00/w=auto,q=auto,f=auto;https://imagedelivery.net/6xZ2gdbIq4j34kSGM6PEuA/62d3a39b-2530-490c-5749-7ae0290b6700/w=auto,q=auto,f=auto;https://imagedelivery.net/6xZ2gdbIq4j34kSGM6PEuA/4bb860a1-6bac-4942-fd22-fe639fb89500/w=auto,q=auto,f=auto;https://imagedelivery.net/6xZ2gdbIq4j34kSGM6PEuA/aec1f3c0-3e76-405d-7021-02f10cda8300/w=auto,q=auto,f=auto;https://imagedelivery.net/6xZ2gdbIq4j34kSGM6PEuA/cc9667a4-2eb7-4d21-595b-4419846e4f00/w=auto,q=auto,f=auto;https://imagedelivery.net/6xZ2gdbIq4j34kSGM6PEuA/b77d1f3e-ac66-43a7-cd98-3972bddc3100/w=auto,q=auto,f=auto",Samsung Galaxy S25+ (SM-S936B) 12/256 GB Silver,256 GB,1999.99,`,300.0,`,`,5,50,1,1,1,1,0,0,0,`
TM-DG-SBP-1105-SM-3283,1,`,`,1699.99,`,`,"Brend:Samsung;Daxili yaddaş:256 GB;Operativ yaddaş:12 GB;Əsas kamera:50 MP + 10 MP + 12 MP;Ön kamera:12 MP;Nüvə sayı:8;SIM-kart növü:Nano SIM + eSIM;SIM-kart sayı:2;Prosessorun adı:Qualcomm;Əməliyyat sistemi:Android;Əməliyyat sistemin versiyası:Android 15;NFC:Var;Prosessorun növü:Qualcomm Snapdragon 8 Elite for Galaxy;Displey növü:Dynamic AMOLED 2Х;Simsiz enerji:Var;İnfraqırmızı port:Yox;Üz tanıma:Var;Sürətli enerji yığma:Var;Qorunma dərəcəsi:IP68;Görüntü imkanı:3120 × 1440;Ölçülər:158.4 × 75.8 × 7.3 mm;Yaddaş kartı dəstəyi:Yox;Barometr:Var;Giroskop:Var;İşıq sensoru:Var;Yaxınlaşdırma sensoru:Var;Optik sabitləşmə:Var;Video formatı:8K / 4K / 1080p;Bluetooth versiyası:5.4;Avtofokus əsas kamera:Var;Video icazəsi və kadr tezliyi:8K - 1080p, 30-240 kadr/s;Video asta çəkiliş:Var;Rəng:Navy;Enerji toplama növü:USB Type-C;Qulaqlıq interfeysi:USB Type-C;Batareya növü:Li-lon;Çıxarıla bilən batareya:Yox;Akselerometr:Var;Enerji yığma gücü:45 Vt;Batareyanın həcmi:4900 mAh;İstehsal ili:2025;Barmaq izi oxuyucusu:Displeydə;Korpusun materiali:Alüminium və şüşə;Komplektasiya:Smartfon, USB-C kabeli, Məlumat kitabçası;Seriya:Samsung Galaxy S25+;Zəmanət:12 ay;Şəbəkə standartı:5G;Ekran:6.7""",0,`,samsung-galaxy-s25-sm-s936b-12256-gb-navy,#Samsung #Galaxy #S25 #256GB,Samsung Galaxy S25+ (SM-S936B) 12/256 GB Navy,Navy,"https://imagedelivery.net/6xZ2gdbIq4j34kSGM6PEuA/4a233d9f-c8df-45c1-c679-7b108c09ca00/w=auto,q=auto,f=auto","https://imagedelivery.net/6xZ2gdbIq4j34kSGM6PEuA/4a233d9f-c8df-45c1-c679-7b108c09ca00/w=auto,q=auto,f=auto;https://imagedelivery.net/6xZ2gdbIq4j34kSGM6PEuA/40d15b97-91bc-4988-291c-fde23db7ae00/w=auto,q=auto,f=auto;https://imagedelivery.net/6xZ2gdbIq4j34kSGM6PEuA/f69b1edd-8cd0-4186-a352-c1c46e8a5a00/w=auto,q=auto,f=auto;https://imagedelivery.net/6xZ2gdbIq4j34kSGM6PEuA/adffb9f0-edef-4777-eeeb-f93ce4e57300/w=auto,q=auto,f=auto;https://imagedelivery.net/6xZ2gdbIq4j34kSGM6PEuA/03023245-9158-4669-1867-0432899afc00/w=auto,q=auto,f=auto;https://imagedelivery.net/6xZ2gdbIq4j34kSGM6PEuA/e3b213de-0ff8-42df-5c73-d445ba8bb300/w=auto,q=auto,f=auto;https://imagedelivery.net/6xZ2gdbIq4j34kSGM6PEuA/a6cc2909-19f6-4a2d-f11c-c63863f6a700/w=auto,q=auto,f=auto;https://imagedelivery.net/6xZ2gdbIq4j34kSGM6PEuA/2d6d4189-3d9a-46b5-37bc-87494e1e1d00/w=auto,q=auto,f=auto;https://imagedelivery.net/6xZ2gdbIq4j34kSGM6PEuA/e17dcb5f-4a46-430a-03aa-1cfb51779f00/w=auto,q=auto,f=auto",Samsung Galaxy S25+ (SM-S936B) 12/256 GB Navy,256 GB,1999.99,`,300.0,`,`,5,50,1,1,0,1,0,0,0,`
TM-DG-SBP-1105-SM-3284,1,`,`,1549.99,`,`,"Brend:Samsung;Daxili yaddaş:256 GB;Operativ yaddaş:12 GB;Əsas kamera:50 MP + 10 MP + 12 MP;Ön kamera:12 MP;Nüvə sayı:8;SIM-kart növü:Nano SIM + eSIM;SIM-kart sayı:2;Prosessorun adı:Qualcomm;Əməliyyat sistemi:Android;Əməliyyat sistemin versiyası:Android 15;NFC:-;Prosessorun növü:Qualcomm Snapdragon 8 Elite Mobile;Displey növü:Dynamic AMOLED 2Х;Simsiz enerji:Var;İnfraqırmızı port:Yox;Üz tanıma:Var;Sürətli enerji yığma:Var;Qorunma dərəcəsi:IP68;Görüntü imkanı:2340 × 1080;Ölçülər:146.9 × 70.5 × 7.2 mm;Yaddaş kartı dəstəyi:Yox;Barometr:Var;Giroskop:Var;İşıq sensoru:Var;Yaxınlaşdırma sensoru:Var;Optik sabitləşmə:Var;Video formatı:8K / 4K / 1080p;Bluetooth versiyası:5.4;Avtofokus əsas kamera:Var;Video icazəsi və kadr tezliyi:8K - 1080p, 30-240 kadr/s;Video asta çəkiliş:Var;Rəng:Mint;Enerji toplama növü:USB Type-C;Qulaqlıq interfeysi:USB Type-C;Batareya növü:Li-lon;Çıxarıla bilən batareya:Yox;Akselerometr:Var;Enerji yığma gücü:25 Vt;Batareyanın həcmi:4000 mAh;İstehsal ili:2025;Barmaq izi oxuyucusu:Displeydə;Korpusun materiali:Alüminium və şüşə;Komplektasiya:Smartfon, USB-C kabeli, Məlumat kitabçası;Seriya:Samsung Galaxy S25;Zəmanət:12 ay;Şəbəkə standartı:5G;Ekran:6.2""",0,`,samsung-galaxy-s25-sm-s931b-12256-gb-mint,#Samsung #Galaxy #S25 #256GB,Samsung Galaxy S25 (SM-S931B) 12/256 GB Mint,Mint,"https://imagedelivery.net/6xZ2gdbIq4j34kSGM6PEuA/110c5a40-7263-4671-c0ee-b462028b7b00/w=auto,q=auto,f=auto","https://imagedelivery.net/6xZ2gdbIq4j34kSGM6PEuA/110c5a40-7263-4671-c0ee-b462028b7b00/w=auto,q=auto,f=auto;https://imagedelivery.net/6xZ2gdbIq4j34kSGM6PEuA/8b480f07-bf9c-4f04-d7fe-34c186ebff00/w=auto,q=auto,f=auto;https://imagedelivery.net/6xZ2gdbIq4j34kSGM6PEuA/c01be3ae-051b-4ac2-a8bc-8dd2699dcd00/w=auto,q=auto,f=auto;https://imagedelivery.net/6xZ2gdbIq4j34kSGM6PEuA/59be9c35-0d76-41d6-b146-b0056a42fd00/w=auto,q=auto,f=auto;https://imagedelivery.net/6xZ2gdbIq4j34kSGM6PEuA/2169dee5-401e-4ea8-62f4-549ef5796a00/w=auto,q=auto,f=auto;https://imagedelivery.net/6xZ2gdbIq4j34kSGM6PEuA/34215aa0-dc58-4236-61d3-151347020000/w=auto,q=auto,f=auto;https://imagedelivery.net/6xZ2gdbIq4j34kSGM6PEuA/2dea0fc3-8069-4439-8656-fe2e71f63600/w=auto,q=auto,f=auto;https://imagedelivery.net/6xZ2gdbIq4j34kSGM6PEuA/d0ac3ca6-874d-4eb0-a56d-d1313cbe4900/w=auto,q=auto,f=auto;https://imagedelivery.net/6xZ2gdbIq4j34kSGM6PEuA/f5db78ec-1f6e-4038-daff-4608bc4b4c00/w=auto,q=auto,f=auto",Samsung Galaxy S25 (SM-S931B) 12/256 GB Mint,256 GB,1799.99,`,250.0,`,`,5,50,1,1,1,1,0,0,0,`
TM-DG-SBP-1105-SM-3285,1,`,`,1549.99,`,`,"Brend:Samsung;Daxili yaddaş:256 GB;Operativ yaddaş:12 GB;Əsas kamera:50 MP + 10 MP + 12 MP;Ön kamera:12 MP;Nüvə sayı:8;SIM-kart növü:Nano SIM + eSIM;SIM-kart sayı:2;Prosessorun adı:Qualcomm;Əməliyyat sistemi:Android;Əməliyyat sistemin versiyası:Android 15;NFC:-;Prosessorun növü:Qualcomm Snapdragon 8 Elite for Galaxy;Displey növü:Dynamic AMOLED 2Х;Simsiz enerji:Var;İnfraqırmızı port:Yox;Üz tanıma:Var;Sürətli enerji yığma:Var;Qorunma dərəcəsi:IP68;Görüntü imkanı:2340 × 1080;Ölçülər:146.9 × 70.5 × 7.2 mm;Yaddaş kartı dəstəyi:Yox;Barometr:Var;Giroskop:Var;İşıq sensoru:Var;Yaxınlaşdırma sensoru:Var;Optik sabitləşmə:Var;Video formatı:8K / 4K / 1080p;Bluetooth versiyası:5.4;Avtofokus əsas kamera:Var;Video icazəsi və kadr tezliyi:8K - 1080p, 30-240 kadr/s;Video asta çəkiliş:Var;Rəng:Silver;Enerji toplama növü:USB Type-C;Qulaqlıq interfeysi:USB Type-C;Batareya növü:Li-lon;Çıxarıla bilən batareya:Yox;Akselerometr:Var;Enerji yığma gücü:25 Vt;Batareyanın həcmi:4000 mAh;İstehsal ili:2025;Barmaq izi oxuyucusu:Displeydə;Korpusun materiali:Alüminium və şüşə;Komplektasiya:Smartfon, USB-C kabeli, Məlumat kitabçası;Seriya:Samsung Galaxy S25;Zəmanət:12 ay;Şəbəkə standartı:5G;Ekran:6.2""",0,`,samsung-galaxy-s25-sm-s931b-12256-gb-silver,#Samsung #Galaxy #S25 #256GB,Samsung Galaxy S25 (SM-S931B) 12/256 GB Silver,Silver,"https://imagedelivery.net/6xZ2gdbIq4j34kSGM6PEuA/37c36754-c67b-4682-f977-44d94d738e00/w=auto,q=auto,f=auto","https://imagedelivery.net/6xZ2gdbIq4j34kSGM6PEuA/37c36754-c67b-4682-f977-44d94d738e00/w=auto,q=auto,f=auto;https://imagedelivery.net/6xZ2gdbIq4j34kSGM6PEuA/fe90d70a-4cf7-4151-9e63-b3d50f9afa00/w=auto,q=auto,f=auto;https://imagedelivery.net/6xZ2gdbIq4j34kSGM6PEuA/86c4ccd5-37a8-48bd-8d78-b41db6c17300/w=auto,q=auto,f=auto;https://imagedelivery.net/6xZ2gdbIq4j34kSGM6PEuA/ee9a4dc2-2a68-4fa4-70d4-6288d79aaa00/w=auto,q=auto,f=auto;https://imagedelivery.net/6xZ2gdbIq4j34kSGM6PEuA/8910d0b4-ae12-4380-d9a5-188df06e1500/w=auto,q=auto,f=auto;https://imagedelivery.net/6xZ2gdbIq4j34kSGM6PEuA/6a829d52-7ebb-4af8-8879-a91283659b00/w=auto,q=auto,f=auto;https://imagedelivery.net/6xZ2gdbIq4j34kSGM6PEuA/4dc7c4ee-9016-4385-88d9-4e2e5d796500/w=auto,q=auto,f=auto;https://imagedelivery.net/6xZ2gdbIq4j34kSGM6PEuA/878f4e54-a824-4f0c-540a-a8bfac1b9700/w=auto,q=auto,f=auto;https://imagedelivery.net/6xZ2gdbIq4j34kSGM6PEuA/e8051a67-f7b7-47da-0fcb-22a002987500/w=auto,q=auto,f=auto",Samsung Galaxy S25 (SM-S931B) 12/256 GB Silver,256 GB,1799.99,`,250.0,`,`,5,50,1,1,1,1,0,0,0,`
TM-DG-SBP-1105-SM-3286,1,`,`,1549.99,`,`,"Brend:Samsung;Daxili yaddaş:256 GB;Operativ yaddaş:12 GB;Əsas kamera:50 MP + 10 MP + 12 MP;Ön kamera:12 MP;Nüvə sayı:8;SIM-kart növü:Nano SIM + eSIM;SIM-kart sayı:2;Prosessorun adı:Qualcomm;Əməliyyat sistemi:Android;Əməliyyat sistemin versiyası:Android 15;NFC:-;Prosessorun növü:Qualcomm Snapdragon 8 Elite for Galaxy;Displey növü:Dynamic AMOLED 2Х;Simsiz enerji:Var;İnfraqırmızı port:Yox;Üz tanıma:Var;Sürətli enerji yığma:Var;Qorunma dərəcəsi:IP68;Görüntü imkanı:2340 × 1080;Ölçülər:146.9 × 70.5 × 7.2 mm;Yaddaş kartı dəstəyi:Yox;Barometr:Var;Giroskop:Var;İşıq sensoru:Var;Yaxınlaşdırma sensoru:Var;Optik sabitləşmə:Var;Video formatı:8K / 4K / 1080p;Bluetooth versiyası:5.4;Avtofokus əsas kamera:Var;Video icazəsi və kadr tezliyi:8K - 1080p, 30-240 kadr/s;Video asta çəkiliş:Var;Rəng:Icy Blue;Enerji toplama növü:USB Type-C;Qulaqlıq interfeysi:USB Type-C;Batareya növü:Li-lon;Çıxarıla bilən batareya:Yox;Akselerometr:Var;Enerji yığma gücü:25 Vt;Batareyanın həcmi:4000 mAh;İstehsal ili:2025;Barmaq izi oxuyucusu:Displeydə;Korpusun materiali:Alüminium və şüşə;Komplektasiya:Smartfon, USB-C kabeli, Məlumat kitabçası;Seriya:Samsung Galaxy S25;Zəmanət:12 ay;Şəbəkə standartı:5G;Ekran:6.2""",0,`,samsung-galaxy-s25-sm-s931b-12256-gb-icyblue,#Samsung #Galaxy #S25 #256GB,Samsung Galaxy S25 (SM-S931B) 12/256 GB Icyblue,Icy Blue,"https://imagedelivery.net/6xZ2gdbIq4j34kSGM6PEuA/f2b9d192-7b74-49f4-f45b-7d0a35318300/w=auto,q=auto,f=auto","https://imagedelivery.net/6xZ2gdbIq4j34kSGM6PEuA/f2b9d192-7b74-49f4-f45b-7d0a35318300/w=auto,q=auto,f=auto;https://imagedelivery.net/6xZ2gdbIq4j34kSGM6PEuA/4a35490b-2acb-41a9-d7d8-c861f7bbc700/w=auto,q=auto,f=auto;https://imagedelivery.net/6xZ2gdbIq4j34kSGM6PEuA/259a2059-6b59-49db-d0bc-4f23eb5eab00/w=auto,q=auto,f=auto;https://imagedelivery.net/6xZ2gdbIq4j34kSGM6PEuA/3c4790e3-c909-4021-1ca8-0d23292f1f00/w=auto,q=auto,f=auto;https://imagedelivery.net/6xZ2gdbIq4j34kSGM6PEuA/590bc516-5aa3-44cd-f0f6-789f08f6eb00/w=auto,q=auto,f=auto;https://imagedelivery.net/6xZ2gdbIq4j34kSGM6PEuA/b788fafc-0cb8-4c1c-8c5c-a671c6692200/w=auto,q=auto,f=auto;https://imagedelivery.net/6xZ2gdbIq4j34kSGM6PEuA/49705ac8-86f1-40bd-24db-3b7ec673b400/w=auto,q=auto,f=auto;https://imagedelivery.net/6xZ2gdbIq4j34kSGM6PEuA/2efac004-83bd-4897-059a-409e15556b00/w=auto,q=auto,f=auto;https://imagedelivery.net/6xZ2gdbIq4j34kSGM6PEuA/250e4bca-011a-4ce7-05c2-0f006c219b00/w=auto,q=auto,f=auto",Samsung Galaxy S25 (SM-S931B) 12/256 GB Icyblue,256 GB,1799.99,`,250.0,`,`,5,50,1,1,1,1,0,0,0,`
TM-DG-SBP-1105-SM-3287,1,`,`,1549.99,`,`,"Brend:Samsung;Daxili yaddaş:256 GB;Operativ yaddaş:12 GB;Əsas kamera:50 MP + 10 MP + 12 MP;Ön kamera:12 MP;Nüvə sayı:8;SIM-kart növü:Nano SIM + eSIM;SIM-kart sayı:2;Prosessorun adı:Qualcomm;Əməliyyat sistemi:Android;Əməliyyat sistemin versiyası:Android 15;NFC:-;Prosessorun növü:Qualcomm Snapdragon 8 Elite for Galaxy;Displey növü:Dynamic AMOLED 2Х;Simsiz enerji:Var;İnfraqırmızı port:Yox;Üz tanıma:Var;Sürətli enerji yığma:Var;Qorunma dərəcəsi:IP68;Görüntü imkanı:2340 × 1080;Ölçülər:146.9 × 70.5 × 7.2 mm;Yaddaş kartı dəstəyi:Yox;Barometr:Var;Giroskop:Var;İşıq sensoru:Var;Yaxınlaşdırma sensoru:Var;Optik sabitləşmə:Var;Video formatı:8K / 4K / 1080p;Bluetooth versiyası:5.4;Avtofokus əsas kamera:Var;Video icazəsi və kadr tezliyi:8K - 1080p, 30-240 kadr/s;Video asta çəkiliş:Var;Rəng:Navy;Enerji toplama növü:USB Type-C;Qulaqlıq interfeysi:USB Type-C;Batareya növü:Li-lon;Çıxarıla bilən batareya:Yox;Akselerometr:Var;Enerji yığma gücü:25 Vt;Batareyanın həcmi:4000 mAh;İstehsal ili:2025;Barmaq izi oxuyucusu:Displeydə;Korpusun materiali:Alüminium və şüşə;Komplektasiya:Smartfon, USB-C kabeli, Məlumat kitabçası;Seriya:Samsung Galaxy S25;Zəmanət:12 ay;Şəbəkə standartı:5G;Ekran:6.2""",0,`,samsung-galaxy-s25-sm-s931b-12256-gb-navy,#Samsung #Galaxy #S25 #256GB,Samsung Galaxy S25 (SM-S931B) 12/256 GB Navy,Navy,"https://imagedelivery.net/6xZ2gdbIq4j34kSGM6PEuA/36ecf529-fa39-4efe-5842-83eb36452e00/w=auto,q=auto,f=auto","https://imagedelivery.net/6xZ2gdbIq4j34kSGM6PEuA/36ecf529-fa39-4efe-5842-83eb36452e00/w=auto,q=auto,f=auto;https://imagedelivery.net/6xZ2gdbIq4j34kSGM6PEuA/80824a8a-3056-4cf9-19a6-217a76b57a00/w=auto,q=auto,f=auto;https://imagedelivery.net/6xZ2gdbIq4j34kSGM6PEuA/499cd135-279e-4645-231f-2b49e7630500/w=auto,q=auto,f=auto;https://imagedelivery.net/6xZ2gdbIq4j34kSGM6PEuA/12d22ba9-e0b8-4d9a-aec4-2d4e90ffba00/w=auto,q=auto,f=auto;https://imagedelivery.net/6xZ2gdbIq4j34kSGM6PEuA/3be67f61-8836-496a-340d-711408c7f500/w=auto,q=auto,f=auto;https://imagedelivery.net/6xZ2gdbIq4j34kSGM6PEuA/9402787e-fd66-40b5-4451-302d1108bb00/w=auto,q=auto,f=auto;https://imagedelivery.net/6xZ2gdbIq4j34kSGM6PEuA/6de0d285-a0e1-4b9f-d638-9494e22f7700/w=auto,q=auto,f=auto;https://imagedelivery.net/6xZ2gdbIq4j34kSGM6PEuA/7eae366a-77a5-4b1a-1836-b27fb8c98e00/w=auto,q=auto,f=auto;https://imagedelivery.net/6xZ2gdbIq4j34kSGM6PEuA/0dcabd9c-9455-440f-4044-7ddee9a12500/w=auto,q=auto,f=auto",Samsung Galaxy S25 (SM-S931B) 12/256 GB Navy,256 GB,1799.99,`,250.0,`,`,5,50,1,1,1,1,0,0,0,`
TM-DG-SBP-1105-SM-3288,1,`,`,1399.99,`,`,"Brend:Samsung;Daxili yaddaş:128 GB;Operativ yaddaş:12 GB;Əsas kamera:50 MP + 10 MP + 12 MP;Ön kamera:12 MP;Nüvə sayı:8;SIM-kart növü:Nano SIM + eSIM;SIM-kart sayı:2;Prosessorun adı:Qualcomm;Əməliyyat sistemi:Android;Əməliyyat sistemin versiyası:Android 15;NFC:-;Prosessorun növü:Qualcomm Snapdragon 8 Elite for Galaxy;Displey növü:Dynamic AMOLED 2Х;Simsiz enerji:Var;İnfraqırmızı port:Yox;Üz tanıma:Var;Sürətli enerji yığma:Var;Qorunma dərəcəsi:IP68;Görüntü imkanı:2340 × 1080;Ölçülər:146.9 × 70.5 × 7.2 mm;Yaddaş kartı dəstəyi:Yox;Barometr:Var;Giroskop:Var;İşıq sensoru:Var;Yaxınlaşdırma sensoru:Var;Optik sabitləşmə:Var;Video formatı:8K / 4K / 1080p;Bluetooth versiyası:5.4;Avtofokus əsas kamera:Var;Video icazəsi və kadr tezliyi:8K - 1080p, 30-240 kadr/s;Video asta çəkiliş:Var;Rəng:Mint;Enerji toplama növü:USB Type-C;Qulaqlıq interfeysi:USB Type-C;Batareya növü:Li-lon;Çıxarıla bilən batareya:Yox;Akselerometr:Var;Enerji yığma gücü:25 Vt;Batareyanın həcmi:4000 mAh;İstehsal ili:2025;Barmaq izi oxuyucusu:Displeydə;Korpusun materiali:Alüminium və şüşə;Komplektasiya:Smartfon, USB-C kabeli, Məlumat kitabçası;Seriya:Samsung Galaxy S25;Zəmanət:12 ay;Şəbəkə standartı:5G;Ekran:6.2""",0,`,samsung-galaxy-s25-sm-s931b-12128-gb-mint,#Samsung #Galaxy #S25 #128GB,Samsung Galaxy S25 (SM-S931B) 12/128 GB Mint,Mint,"https://imagedelivery.net/6xZ2gdbIq4j34kSGM6PEuA/4a7cbc24-04bc-478c-ef41-d8b7a2849300/w=auto,q=auto,f=auto","https://imagedelivery.net/6xZ2gdbIq4j34kSGM6PEuA/4a7cbc24-04bc-478c-ef41-d8b7a2849300/w=auto,q=auto,f=auto;https://imagedelivery.net/6xZ2gdbIq4j34kSGM6PEuA/3ff42f1a-2296-49ab-2f25-f88dfeb48f00/w=auto,q=auto,f=auto;https://imagedelivery.net/6xZ2gdbIq4j34kSGM6PEuA/d33c3395-52b9-46dc-4f16-027f14c9b300/w=auto,q=auto,f=auto;https://imagedelivery.net/6xZ2gdbIq4j34kSGM6PEuA/8dc203be-62bb-4985-2e0c-e616afd07400/w=auto,q=auto,f=auto;https://imagedelivery.net/6xZ2gdbIq4j34kSGM6PEuA/7c878aaf-ff82-4393-e101-35a502b92200/w=auto,q=auto,f=auto;https://imagedelivery.net/6xZ2gdbIq4j34kSGM6PEuA/3fc33e66-b6f0-4523-1854-8d3a2caeba00/w=auto,q=auto,f=auto;https://imagedelivery.net/6xZ2gdbIq4j34kSGM6PEuA/3a58e607-93cb-49b5-1c7c-f9985f3a7500/w=auto,q=auto,f=auto;https://imagedelivery.net/6xZ2gdbIq4j34kSGM6PEuA/a35ad957-de49-4251-911a-a24e9f07cf00/w=auto,q=auto,f=auto;https://imagedelivery.net/6xZ2gdbIq4j34kSGM6PEuA/3ca2fd47-b7d3-4708-dff6-cbc024dee500/w=auto,q=auto,f=auto",Samsung Galaxy S25 (SM-S931B) 12/128 GB Mint,128 GB,1649.99,`,250.0,`,`,5,50,1,1,0,1,0,0,0,`
TM-DG-SBP-1105-SM-3289,1,`,`,1399.99,`,`,"Brend:Samsung;Daxili yaddaş:128 GB;Operativ yaddaş:12 GB;Əsas kamera:50 MP + 10 MP + 12 MP;Ön kamera:12 MP;Nüvə sayı:8;SIM-kart növü:Nano SIM + eSIM;SIM-kart sayı:2;Prosessorun adı:Qualcomm;Əməliyyat sistemi:Android;Əməliyyat sistemin versiyası:Android 15;NFC:-;Prosessorun növü:Qualcomm Snapdragon 8 Elite for Galaxy;Displey növü:Dynamic AMOLED 2Х;Simsiz enerji:Var;İnfraqırmızı port:Yox;Üz tanıma:Var;Sürətli enerji yığma:Var;Qorunma dərəcəsi:IP68;Görüntü imkanı:2340 × 1080;Ölçülər:146.9 × 70.5 × 7.2 mm;Yaddaş kartı dəstəyi:Yox;Barometr:Var;Giroskop:Var;İşıq sensoru:Var;Yaxınlaşdırma sensoru:Var;Optik sabitləşmə:Var;Video formatı:8K / 4K / 1080p;Bluetooth versiyası:5.4;Avtofokus əsas kamera:Var;Video icazəsi və kadr tezliyi:8K - 1080p, 30-240 kadr/s;Video asta çəkiliş:Var;Rəng:Silver;Enerji toplama növü:USB Type-C;Qulaqlıq interfeysi:USB Type-C;Batareya növü:Li-lon;Çıxarıla bilən batareya:Yox;Akselerometr:Var;Enerji yığma gücü:25 Vt;Batareyanın həcmi:4000 mAh;İstehsal ili:2025;Barmaq izi oxuyucusu:Displeydə;Korpusun materiali:Alüminium və şüşə;Komplektasiya:Smartfon, USB-C kabeli, Məlumat kitabçası;Seriya:Samsung Galaxy S25;Zəmanət:12 ay;Şəbəkə standartı:5G;Ekran:6.2""",0,`,samsung-galaxy-s25-sm-s931b-12128-gb-silver,#Samsung #Galaxy #S25 #128GB,Samsung Galaxy S25 (SM-S931B) 12/128 GB Silver,Silver,"https://imagedelivery.net/6xZ2gdbIq4j34kSGM6PEuA/f7cefdc3-627b-4455-5445-fc04662a8800/w=auto,q=auto,f=auto","https://imagedelivery.net/6xZ2gdbIq4j34kSGM6PEuA/f7cefdc3-627b-4455-5445-fc04662a8800/w=auto,q=auto,f=auto;https://imagedelivery.net/6xZ2gdbIq4j34kSGM6PEuA/f623dfee-78a9-4e10-6cac-acbb1a398000/w=auto,q=auto,f=auto;https://imagedelivery.net/6xZ2gdbIq4j34kSGM6PEuA/f638e13d-8139-44cc-50bf-aae8f8145700/w=auto,q=auto,f=auto;https://imagedelivery.net/6xZ2gdbIq4j34kSGM6PEuA/8492407d-6a5b-4cbe-7694-4d5beff89100/w=auto,q=auto,f=auto;https://imagedelivery.net/6xZ2gdbIq4j34kSGM6PEuA/8703c02c-c759-456a-23be-fa6343fe1800/w=auto,q=auto,f=auto;https://imagedelivery.net/6xZ2gdbIq4j34kSGM6PEuA/102634bc-1d3b-4e41-9ded-24c330376c00/w=auto,q=auto,f=auto;https://imagedelivery.net/6xZ2gdbIq4j34kSGM6PEuA/fb0a1ea8-c18a-4441-5671-802525d7eb00/w=auto,q=auto,f=auto;https://imagedelivery.net/6xZ2gdbIq4j34kSGM6PEuA/8a118efd-91c1-4ba8-e8b8-991a74909400/w=auto,q=auto,f=auto;https://imagedelivery.net/6xZ2gdbIq4j34kSGM6PEuA/40431626-f494-4ed2-b1da-006fb22e7d00/w=auto,q=auto,f=auto",Samsung Galaxy S25 (SM-S931B) 12/128 GB Silver,128 GB,1649.99,`,250.0,`,`,5,50,1,1,1,1,0,0,0,`
TM-DG-SBP-1105-SM-3290,1,`,`,1399.99,`,`,"Brend:Samsung;Daxili yaddaş:128 GB;Operativ yaddaş:12 GB;Əsas kamera:50 MP + 10 MP + 12 MP;Ön kamera:12 MP;Nüvə sayı:8;SIM-kart növü:Nano SIM + eSIM;SIM-kart sayı:2;Prosessorun adı:Qualcomm;Əməliyyat sistemi:Android;Əməliyyat sistemin versiyası:Android 15;NFC:-;Prosessorun növü:Qualcomm Snapdragon 8 Elite for Galaxy;Displey növü:Dynamic AMOLED 2Х;Simsiz enerji:Var;İnfraqırmızı port:Yox;Üz tanıma:Var;Sürətli enerji yığma:Var;Qorunma dərəcəsi:IP68;Görüntü imkanı:2340 × 1080;Ölçülər:146.9 × 70.5 × 7.2 mm;Yaddaş kartı dəstəyi:Yox;Barometr:Var;Giroskop:Var;İşıq sensoru:Var;Yaxınlaşdırma sensoru:Var;Optik sabitləşmə:Var;Video formatı:8K / 4K / 1080p;Bluetooth versiyası:5.4;Avtofokus əsas kamera:Var;Video icazəsi və kadr tezliyi:8K - 1080p, 30-240 kadr/s;Video asta çəkiliş:Var;Rəng:Icy Blue;Enerji toplama növü:USB Type-C;Qulaqlıq interfeysi:USB Type-C;Batareya növü:Li-lon;Çıxarıla bilən batareya:Yox;Akselerometr:Var;Enerji yığma gücü:25 Vt;Batareyanın həcmi:4000 mAh;İstehsal ili:2025;Barmaq izi oxuyucusu:Displeydə;Korpusun materiali:Alüminium və şüşə;Komplektasiya:Smartfon, USB-C kabeli, Məlumat kitabçası;Seriya:Samsung Galaxy S25;Zəmanət:12 ay;Şəbəkə standartı:5G;Ekran:6.2""",0,`,samsung-galaxy-s25-sm-s931b-12128-gb-icyblue,#Samsung #Galaxy #S25 #128GB,Samsung Galaxy S25 (SM-S931B) 12/128 GB Icyblue,Icy Blue,"https://imagedelivery.net/6xZ2gdbIq4j34kSGM6PEuA/2bdeaaac-e789-497d-0963-9519ee5d0100/w=auto,q=auto,f=auto","https://imagedelivery.net/6xZ2gdbIq4j34kSGM6PEuA/2bdeaaac-e789-497d-0963-9519ee5d0100/w=auto,q=auto,f=auto;https://imagedelivery.net/6xZ2gdbIq4j34kSGM6PEuA/8f60bbfe-dc0d-4967-e544-c7c3952d2b00/w=auto,q=auto,f=auto;https://imagedelivery.net/6xZ2gdbIq4j34kSGM6PEuA/01ced11a-81ba-442f-fd24-fd9a17917700/w=auto,q=auto,f=auto;https://imagedelivery.net/6xZ2gdbIq4j34kSGM6PEuA/a44aa939-d9d3-42c5-785b-8ef6b3656400/w=auto,q=auto,f=auto;https://imagedelivery.net/6xZ2gdbIq4j34kSGM6PEuA/a471c326-6d56-44e7-c381-3b018d61e300/w=auto,q=auto,f=auto;https://imagedelivery.net/6xZ2gdbIq4j34kSGM6PEuA/3fb882d9-a619-40d3-25d3-689f65021000/w=auto,q=auto,f=auto;https://imagedelivery.net/6xZ2gdbIq4j34kSGM6PEuA/4655f790-98b5-4690-522e-cc4a4e3cf800/w=auto,q=auto,f=auto;https://imagedelivery.net/6xZ2gdbIq4j34kSGM6PEuA/a1d5bdfe-7166-470b-8553-860e00d8ac00/w=auto,q=auto,f=auto;https://imagedelivery.net/6xZ2gdbIq4j34kSGM6PEuA/79f03d6e-995b-4e2c-e5af-27ff94944600/w=auto,q=auto,f=auto",Samsung Galaxy S25 (SM-S931B) 12/128 GB Icyblue,128 GB,1649.99,`,250.0,`,`,5,50,1,1,0,1,0,0,0,`
TM-DG-SBP-1105-SM-3291,1,`,`,1399.99,`,`,"Brend:Samsung;Daxili yaddaş:128 GB;Operativ yaddaş:12 GB;Əsas kamera:50 MP + 10 MP + 12 MP;Ön kamera:12 MP;Nüvə sayı:8;SIM-kart növü:Nano SIM + eSIM;SIM-kart sayı:2;Prosessorun adı:Qualcomm;Əməliyyat sistemi:Android;Əməliyyat sistemin versiyası:Android 15;NFC:-;Prosessorun növü:Qualcomm Snapdragon 8 Elite for Galaxy;Displey növü:Dynamic AMOLED 2Х;Simsiz enerji:Var;İnfraqırmızı port:Yox;Üz tanıma:Var;Sürətli enerji yığma:Var;Qorunma dərəcəsi:IP68;Görüntü imkanı:2340 × 1080;Ölçülər:146.9 × 70.5 × 7.2 mm;Yaddaş kartı dəstəyi:Yox;Barometr:Var;Giroskop:Var;İşıq sensoru:Var;Yaxınlaşdırma sensoru:Var;Optik sabitləşmə:Var;Video formatı:8K / 4K / 1080p;Bluetooth versiyası:5.4;Avtofokus əsas kamera:Var;Video icazəsi və kadr tezliyi:8K - 1080p, 30-240 kadr/s;Video asta çəkiliş:Var;Rəng:Navy;Enerji toplama növü:USB Type-C;Qulaqlıq interfeysi:USB Type-C;Batareya növü:Li-lon;Çıxarıla bilən batareya:Yox;Akselerometr:Var;Enerji yığma gücü:25 Vt;Batareyanın həcmi:4000 mAh;İstehsal ili:2025;Barmaq izi oxuyucusu:Displeydə;Korpusun materiali:Alüminium və şüşə;Komplektasiya:Smartfon, USB-C kabeli, Məlumat kitabçası;Seriya:Samsung Galaxy S25;Zəmanət:12 ay;Şəbəkə standartı:5G;Ekran:6.2""",0,`,samsung-galaxy-s25-sm-s931b-12128-gb-navy,#Samsung #Galaxy #S25 #128GB,Samsung Galaxy S25 (SM-S931B) 12/128 GB Navy,Navy,"https://imagedelivery.net/6xZ2gdbIq4j34kSGM6PEuA/1906ba42-2885-4f83-3077-6ce74b590c00/w=auto,q=auto,f=auto","https://imagedelivery.net/6xZ2gdbIq4j34kSGM6PEuA/1906ba42-2885-4f83-3077-6ce74b590c00/w=auto,q=auto,f=auto;https://imagedelivery.net/6xZ2gdbIq4j34kSGM6PEuA/c69f01e6-ef1d-41a5-4fad-1900a204e200/w=auto,q=auto,f=auto;https://imagedelivery.net/6xZ2gdbIq4j34kSGM6PEuA/9aaa4bd5-220d-4b0f-74ee-e8fee19a1a00/w=auto,q=auto,f=auto;https://imagedelivery.net/6xZ2gdbIq4j34kSGM6PEuA/57a26f3e-e069-40f4-9d6a-ce329606e200/w=auto,q=auto,f=auto;https://imagedelivery.net/6xZ2gdbIq4j34kSGM6PEuA/7d0287dc-2888-4f86-95de-61eeee514d00/w=auto,q=auto,f=auto;https://imagedelivery.net/6xZ2gdbIq4j34kSGM6PEuA/09d34e67-c77c-4be4-1dc4-d85d10f02900/w=auto,q=auto,f=auto;https://imagedelivery.net/6xZ2gdbIq4j34kSGM6PEuA/2534adcf-8394-41ca-847e-3c4d1c4b0000/w=auto,q=auto,f=auto;https://imagedelivery.net/6xZ2gdbIq4j34kSGM6PEuA/2a3c702c-1bc4-41f0-ef09-5a3897c14a00/w=auto,q=auto,f=auto;https://imagedelivery.net/6xZ2gdbIq4j34kSGM6PEuA/4692c0da-f453-4ae0-b277-a1499d56b200/w=auto,q=auto,f=auto",Samsung Galaxy S25 (SM-S931B) 12/128 GB Navy,128 GB,1649.99,`,250.0,`,`,5,50,1,1,0,1,0,0,0,`
TM-DG-SBP-1105-SM-3282,1,`,`,1699.99,`,`,"Brend:Samsung;Daxili yaddaş:256 GB;Operativ yaddaş:12 GB;Əsas kamera:50 MP + 10 MP + 12 MP;Ön kamera:12 MP;Nüvə sayı:8;SIM-kart növü:Nano SIM + eSIM;SIM-kart sayı:2;Prosessorun adı:Qualcomm;Əməliyyat sistemi:Android;Əməliyyat sistemin versiyası:Android 15;NFC:-;Prosessorun növü:Qualcomm Snapdragon 8 Elite for Galaxy;Displey növü:Dynamic AMOLED 2Х;Simsiz enerji:Var;İnfraqırmızı port:Yox;Üz tanıma:-;Sürətli enerji yığma:Var;Qorunma dərəcəsi:IP68;Görüntü imkanı:3120 × 1440;Ölçülər:158.4 × 75.8 × 7.3 mm;Yaddaş kartı dəstəyi:Yox;Barometr:Var;Giroskop:Var;İşıq sensoru:Var;Yaxınlaşdırma sensoru:Var;Optik sabitləşmə:Var;Video formatı:8K / 4K / 1080p;Bluetooth versiyası:5.4;Avtofokus əsas kamera:Var;Video icazəsi və kadr tezliyi:8K - 1080p, 30-240 kadr/s;Video asta çəkiliş:Var;Rəng:Icy Blue;Enerji toplama növü:USB Type-C;Qulaqlıq interfeysi:USB Type-C;Batareya növü:Li-lon;Çıxarıla bilən batareya:Yox;Akselerometr:Var;Enerji yığma gücü:45 Vt;Batareyanın həcmi:4900 mAh;İstehsal ili:2025;Barmaq izi oxuyucusu:Displeydə;Korpusun materiali:Alüminium və şüşə;Komplektasiya:Smartfon, Məlumat kitabçası;Seriya:Samsung Galaxy S25+;Zəmanət:12 ay;Şəbəkə standartı:5G;Ekran:6.7""",0,`,samsung-galaxy-s25-sm-s936b-12256-gb-icy-blue,#Samsung #Galaxy #S25 #256GB,Samsung Galaxy S25+ (SM-S936B) 12/256 GB Icy Blue,Icy Blue,"https://imagedelivery.net/6xZ2gdbIq4j34kSGM6PEuA/e84fb886-909d-4075-0011-2e502ac40b00/w=auto,q=auto,f=auto","https://imagedelivery.net/6xZ2gdbIq4j34kSGM6PEuA/e84fb886-909d-4075-0011-2e502ac40b00/w=auto,q=auto,f=auto;https://imagedelivery.net/6xZ2gdbIq4j34kSGM6PEuA/01000501-7f92-49c0-075c-96930c8c3d00/w=auto,q=auto,f=auto;https://imagedelivery.net/6xZ2gdbIq4j34kSGM6PEuA/c8fd09e5-8abd-4b52-e37a-c0bff6495c00/w=auto,q=auto,f=auto;https://imagedelivery.net/6xZ2gdbIq4j34kSGM6PEuA/235295c8-3d3c-4879-b35c-9633e9b6e500/w=auto,q=auto,f=auto;https://imagedelivery.net/6xZ2gdbIq4j34kSGM6PEuA/d27ad1da-cf48-491d-56d3-261f52852400/w=auto,q=auto,f=auto;https://imagedelivery.net/6xZ2gdbIq4j34kSGM6PEuA/59bff3fc-31b3-4d89-0854-12f82e2b0e00/w=auto,q=auto,f=auto;https://imagedelivery.net/6xZ2gdbIq4j34kSGM6PEuA/f7519f42-66ae-4aa4-9569-27dafd4e3700/w=auto,q=auto,f=auto",Samsung Galaxy S25+ (SM-S936B) 12/256 GB Icy Blue,256 GB,1999.99,`,300.0,`,`,5,50,1,1,1,1,0,0,0,`
TM-DG-SBP-1105-SM-3268,1,`,`,2699.99,`,`,"Brend:Samsung;Daxili yaddaş:1 TB;Operativ yaddaş:12 GB;Əsas kamera:50 MP + 200 MP + 50 MP + 10 MP;Ön kamera:12 MP;Nüvə sayı:8;SIM-kart növü:Nano SIM + eSIM;SIM-kart sayı:2;Prosessorun adı:Qualcomm;Əməliyyat sistemi:Android;Əməliyyat sistemin versiyası:Android 15;NFC:Var;Prosessorun növü:Qualcomm Snapdragon 8 Elite for Galaxy;Displey növü:Dynamic AMOLED 2Х;Simsiz enerji:Var;İnfraqırmızı port:Yox;Üz tanıma:Var;Sürətli enerji yığma:Var;Qorunma dərəcəsi:IP68;Görüntü imkanı:3120 × 1440;Ölçülər:162.8 × 77.6 × 8.2 mm;Yaddaş kartı dəstəyi:Yox;Barometr:Var;Giroskop:Var;İşıq sensoru:Var;Yaxınlaşdırma sensoru:Var;Optik sabitləşmə:Var;Video formatı:8K / 4K / 1080p;Bluetooth versiyası:5.4;Avtofokus əsas kamera:Var;Video icazəsi və kadr tezliyi:8K - 1080p, 30-240 kadr/s;Video asta çəkiliş:Var;Rəng:Titanium Silverblue;Enerji toplama növü:USB Type-C;Qulaqlıq interfeysi:USB Type-C;Batareya növü:Li-lon;Çıxarıla bilən batareya:Yox;Akselerometr:Var;Enerji yığma gücü:45 Vt;Batareyanın həcmi:5000 mAh;İstehsal ili:2025;Barmaq izi oxuyucusu:Displeydə;Korpusun materiali:Titan və şüşə;Komplektasiya:Smartfon, Məlumat kitabçası;Seriya:Samsung Galaxy S25 Ultra;Zəmanət:12 ay;Şəbəkə standartı:5G;Ekran:6.9""",0,`,samsung-galaxy-s25-ultra-sm-s938b-12-gb-1-tb-titanium-silver-blue,#Samsung #Galaxy #S25 #Ultra #12GB,Samsung Galaxy S25 Ultra (SM-S938B) 12 GB / 1 TB Titanium Silver Blue,Titanium Silverblue,"https://imagedelivery.net/6xZ2gdbIq4j34kSGM6PEuA/bc9e8a12-de7a-4d8b-cfb4-21dd55cc4e00/w=auto,q=auto,f=auto","https://imagedelivery.net/6xZ2gdbIq4j34kSGM6PEuA/bc9e8a12-de7a-4d8b-cfb4-21dd55cc4e00/w=auto,q=auto,f=auto;https://imagedelivery.net/6xZ2gdbIq4j34kSGM6PEuA/492280bf-dc11-4a5d-2594-75c101569200/w=auto,q=auto,f=auto;https://imagedelivery.net/6xZ2gdbIq4j34kSGM6PEuA/43c1d420-adb3-42ad-9905-a330613caf00/w=auto,q=auto,f=auto;https://imagedelivery.net/6xZ2gdbIq4j34kSGM6PEuA/788b24f5-ea4c-4326-93c6-18d0edb6be00/w=auto,q=auto,f=auto;https://imagedelivery.net/6xZ2gdbIq4j34kSGM6PEuA/20b95ca6-41c2-4700-44c7-516c29220e00/w=auto,q=auto,f=auto",Samsung Galaxy S25 Ultra (SM-S938B) 12 GB / 1 TB Titanium Silver Blue,1 TB,3199.99,`,500.0,`,`,5,50,1,1,1,1,0,0,0,`
TM-DG-ACS-1267-KT-2521,1,`,`,59.99,`,`,Brend:Samsung;Model:Samsung S25 Ultra;Örtüyün materialı:Silikon;Növ:Çexol;Rəng:Qara;MagSafe dəstəyi:Yox;Uyğun olan brend:Samsung,0,`,qoruyucu-örtük-samsung-galaxy-s25-ultra-ef-ps938cbegru-black,#Samsung #Galaxy #S25 #Ultra,Qoruyucu örtük Samsung Galaxy S25 Ultra EF-PS938CBEGRU Black,Qara,"https://imagedelivery.net/6xZ2gdbIq4j34kSGM6PEuA/3f9ecb37-d0cd-4c06-efa2-c3387883ea00/w=auto,q=auto,f=auto","https://imagedelivery.net/6xZ2gdbIq4j34kSGM6PEuA/3f9ecb37-d0cd-4c06-efa2-c3387883ea00/w=auto,q=auto,f=auto;https://imagedelivery.net/6xZ2gdbIq4j34kSGM6PEuA/9f0336af-820d-496f-a3ea-ea23c64c8500/w=auto,q=auto,f=auto;https://imagedelivery.net/6xZ2gdbIq4j34kSGM6PEuA/30fff0cd-cbc4-4ae4-417a-fe5f42ddd900/w=auto,q=auto,f=auto;https://imagedelivery.net/6xZ2gdbIq4j34kSGM6PEuA/9dcd1b56-6f1c-4d80-59a0-81f899544a00/w=auto,q=auto,f=auto;https://imagedelivery.net/6xZ2gdbIq4j34kSGM6PEuA/9830f439-da93-4fcd-b599-f2bb02ec7d00/w=auto,q=auto,f=auto",Qoruyucu örtük Samsung Galaxy S25 Ultra EF-PS938CBEGRU Black,,59.99,`,`,`,`,5,50,1,1,1,0,0,0,0,`
