url,category,product_type,title,sku,brand,price,discount,rating,reviews_count,availability,warranty,specifications,images,fetched_at
https://kontakt.az/samsung-galaxy-s25-ultra-sm-s938b-12-256-gb-titanium-white-silver,,Unknown,Samsung Galaxy S25 Ultra (SM-S938B) 12/256 GB Titanium White Silver,TM-DG-SBP-1105-SM-3427,,2499.99,350,0.0,Rəylər 0,In Stock,12 ay,"{""Brend"": ""Samsung"", ""Daxili yaddaş"": ""256 GB"", ""Operativ yaddaş"": ""12 GB"", ""Əsas kamera"": ""50 MP + 200 MP + 50 MP + 10 MP"", ""Ön kamera"": ""12 MP"", ""Nüvə sayı"": ""8"", ""SIM-kart növü"": ""Nano SIM + eSIM"", ""SIM-kart sayı"": ""2"", ""Prosessorun adı"": ""Qualcomm"", ""Əməliyyat sistemi"": ""Android"", ""Əməliyyat sistemin versiyası"": ""Android 15"", ""NFC"": ""Var"", ""Prosessorun növü"": ""Qualcomm Snapdragon 8 Elite for Galaxy"", ""Displey növü"": ""Dynamic AMOLED 2Х"", ""Simsiz enerji"": ""Var"", ""İnfraqırmızı port"": ""Yox"", ""Üz tanıma"": ""Var"", ""Sürətli enerji yığma"": ""Var"", ""Qorunma dərəcəsi"": ""IP68"", ""Görüntü imkanı"": ""3120 × 1440"", ""Ölçülər"": ""162.8 × 77.6 × 8.2 mm"", ""Yaddaş kartı dəstəyi"": ""Yox"", ""Barometr"": ""Var"", ""Giroskop"": ""Var"", ""İşıq sensoru"": ""Var"", ""Yaxınlaşdırma sensoru"": ""Var"", ""Optik sabitləşmə"": ""Var"", ""Video formatı"": ""8K / 4K / 1080p"", ""Bluetooth versiyası"": ""5.4"", ""Avtofokus əsas kamera"": ""Var"", ""Video icazəsi və kadr tezliyi"": ""8K - 1080p, 30-240 kadr/s"", ""Video asta çəkiliş"": ""Var"", ""Rəng"": ""Titanium White Silver"", ""Enerji toplama növü"": ""USB Type-C"", ""Qulaqlıq interfeysi"": ""USB Type-C"", ""Batareya növü"": ""Li-lon"", ""Çıxarıla bilən batareya"": ""Yox"", ""Akselerometr"": ""Var"", ""Enerji yığma gücü"": ""45 Vt"", ""Batareyanın həcmi"": ""5000 mAh"", ""İstehsal ili"": ""2025"", ""Barmaq izi oxuyucusu"": ""Displeydə"", ""Korpusun materiali"": ""Titan və şüşə"", ""Komplektasiya"": ""Smartfon, Məlumat kitabçası"", ""Seriya"": ""Samsung Galaxy S25 Ultra"", ""Zəmanət"": ""12 ay"", ""Şəbəkə standartı"": ""5G"", ""Ekran"": ""6.9\""""}",https://kontakt.az/media/catalog/product/cache/a252e3db3d11365dd1457895056a5f34/t/m/tm-dg-sbp-1105-sm-3427_1.png|https://kontakt.az/media/catalog/product/cache/a252e3db3d11365dd1457895056a5f34/t/m/tm-dg-sbp-1105-sm-3427_2.png|https://kontakt.az/media/catalog/product/cache/a252e3db3d11365dd1457895056a5f34/t/m/tm-dg-sbp-1105-sm-3427_3.png|https://kontakt.az/media/catalog/product/cache/a252e3db3d11365dd1457895056a5f34/t/m/tm-dg-sbp-1105-sm-3427_4.png|https://kontakt.az/media/catalog/product/cache/a252e3db3d11365dd1457895056a5f34/t/m/tm-dg-sbp-1105-sm-3427_5.png|https://kontakt.az/media/catalog/product/cache/a252e3db3d11365dd1457895056a5f34/t/m/tm-dg-sbp-1105-sm-3427_6.png|https://kontakt.az/media/catalog/product/cache/a252e3db3d11365dd1457895056a5f34/t/m/tm-dg-sbp-1105-sm-3427_7.png|https://kontakt.az/media/catalog/product/cache/a252e3db3d11365dd1457895056a5f34/t/m/tm-dg-sbp-1105-sm-3427_8.png|https://kontakt.az/media/catalog/product/cache/a252e3db3d11365dd1457895056a5f34/t/m/tm-dg-sbp-1105-sm-3427_9.png,2025-10-28T13:55:34.720304
https://kontakt.az/samsung-galaxy-s25-ultra-sm-s938b-12-512-gb-titanium-white-silver,,Unknown,Samsung Galaxy S25 Ultra (SM-S938B) 12/512 GB Titanium White Silver,TM-DG-SBP-1105-SM-3428,,2799.99,400,0.0,Rəylər 0,In Stock,12 ay,"{""Brend"": ""Samsung"", ""Daxili yaddaş"": ""512 GB"", ""Operativ yaddaş"": ""12 GB"", ""Əsas kamera"": ""50 MP + 200 MP + 50 MP + 10 MP"", ""Ön kamera"": ""12 MP"", ""Nüvə sayı"": ""8"", ""SIM-kart növü"": ""Nano SIM + eSIM"", ""SIM-kart sayı"": ""2"", ""Prosessorun adı"": ""Qualcomm"", ""Əməliyyat sistemi"": ""Android"", ""Əməliyyat sistemin versiyası"": ""Android 15"", ""NFC"": ""Var"", ""Prosessorun növü"": ""Qualcomm Snapdragon 8 Elite for Galaxy"", ""Displey növü"": ""Dynamic AMOLED 2Х"", ""Simsiz enerji"": ""Var"", ""İnfraqırmızı port"": ""Yox"", ""Üz tanıma"": ""Var"", ""Sürətli enerji yığma"": ""Var"", ""Qorunma dərəcəsi"": ""IP68"", ""Görüntü imkanı"": ""3120 × 1440"", ""Ölçülər"": ""162.8 × 77.6 × 8.2 mm"", ""Yaddaş kartı dəstəyi"": ""Yox"", ""Barometr"": ""Var"", ""Giroskop"": ""Var"", ""İşıq sensoru"": ""Var"", ""Yaxınlaşdırma sensoru"": ""Var"", ""Optik sabitləşmə"": ""Var"", ""Video formatı"": ""8K / 4K / 1080p"", ""Bluetooth versiyası"": ""5.4"", ""Avtofokus əsas kamera"": ""Var"", ""Video icazəsi və kadr tezliyi"": ""8K - 1080p, 30-240 kadr/s"", ""Video asta çəkiliş"": ""Var"", ""Rəng"": ""Titanium White Silver"", ""Enerji toplama növü"": ""USB Type-C"", ""Qulaqlıq interfeysi"": ""USB Type-C"", ""Batareya növü"": ""Li-lon"", ""Çıxarıla bilən batareya"": ""Yox"", ""Akselerometr"": ""Var"", ""Enerji yığma gücü"": ""45 Vt"", ""Batareyanın həcmi"": ""5000 mAh"", ""İstehsal ili"": ""2025"", ""Barmaq izi oxuyucusu"": ""Displeydə"", ""Korpusun materiali"": ""Titan və şüşə"", ""Komplektasiya"": ""Smartfon, Məlumat kitabçası"", ""Seriya"": ""Samsung Galaxy S25 Ultra"", ""Zəmanət"": ""12 ay"", ""Şəbəkə standartı"": ""5G"", ""Ekran"": ""6.9\""""}",https://kontakt.az/media/catalog/product/cache/a252e3db3d11365dd1457895056a5f34/t/m/tm-dg-sbp-1105-sm-3428_1.png|https://kontakt.az/media/catalog/product/cache/a252e3db3d11365dd1457895056a5f34/t/m/tm-dg-sbp-1105-sm-3428_2.png|https://kontakt.az/media/catalog/product/cache/a252e3db3d11365dd1457895056a5f34/t/m/tm-dg-sbp-1105-sm-3428_3.png|https://kontakt.az/media/catalog/product/cache/a252e3db3d11365dd1457895056a5f34/t/m/tm-dg-sbp-1105-sm-3428_4.png|https://kontakt.az/media/catalog/product/cache/a252e3db3d11365dd1457895056a5f34/t/m/tm-dg-sbp-1105-sm-3428_5.png|https://kontakt.az/media/catalog/product/cache/a252e3db3d11365dd1457895056a5f34/t/m/tm-dg-sbp-1105-sm-3428_6.png|https://kontakt.az/media/catalog/product/cache/a252e3db3d11365dd1457895056a5f34/t/m/tm-dg-sbp-1105-sm-3428_7.png|https://kontakt.az/media/catalog/product/cache/a252e3db3d11365dd1457895056a5f34/t/m/tm-dg-sbp-1105-sm-3428_8.png|https://kontakt.az/media/catalog/product/cache/a252e3db3d11365dd1457895056a5f34/t/m/tm-dg-sbp-1105-sm-3428_9.png,2025-10-28T13:55:49.658929
https://kontakt.az/samsung-galaxy-s25-fe-sm-s731-8-128-gb-dark-blue,,Unknown,Samsung Galaxy S25 FE (SM-S731) 8/128 GB Dark Blue,TM-DG-SBP-1105-SM-3664,,1299.99,150,0.0,Rəylər 0,In Stock,12 ay,"{""Brend"": ""Samsung"", ""Daxili yaddaş"": ""128 GB"", ""Operativ yaddaş"": ""8 GB"", ""Əsas kamera"": ""50 MP + 8 MP + 12 MP"", ""Ön kamera"": ""12 MP"", ""Nüvə sayı"": ""10"", ""SIM-kart növü"": ""Nano SIM + eSIM"", ""SIM-kart sayı"": ""2"", ""Prosessorun adı"": ""Exynos"", ""Əməliyyat sistemi"": ""Android"", ""Əməliyyat sistemin versiyası"": ""Android 15"", ""NFC"": ""Var"", ""Prosessorun növü"": ""Exynos 2400"", ""Displey növü"": ""Dynamic AMOLED 2Х"", ""Simsiz enerji"": ""Var"", ""İnfraqırmızı port"": ""Yox"", ""Üz tanıma"": ""Var"", ""Sürətli enerji yığma"": ""Var"", ""Qorunma dərəcəsi"": ""IP68"", ""Görüntü imkanı"": ""2340 × 1080"", ""Ölçülər"": ""161.3 × 76.6 × 7.4 mm"", ""Yaddaş kartı dəstəyi"": ""Yox"", ""Barometr"": ""Yox"", ""Giroskop"": ""Var"", ""İşıq sensoru"": ""Yox"", ""Yaxınlaşdırma sensoru"": ""Var"", ""Optik sabitləşmə"": ""Var"", ""Video formatı"": ""8K / 4K / 1080p"", ""Bluetooth versiyası"": ""5.4"", ""Avtofokus əsas kamera"": ""Var"", ""Video icazəsi və kadr tezliyi"": ""8K - 1080p, 30-240 kadr/s"", ""Video asta çəkiliş"": ""Var"", ""Rəng"": ""Dark Blue"", ""Enerji toplama növü"": ""USB Type-C"", ""Qulaqlıq interfeysi"": ""USB Type-C"", ""Batareya növü"": ""Li-lon"", ""Çıxarıla bilən batareya"": ""Yox"", ""Akselerometr"": ""Var"", ""Enerji yığma gücü"": ""45 Vt"", ""Batareyanın həcmi"": ""4900 mAh"", ""İstehsal ili"": ""2025"", ""Barmaq izi oxuyucusu"": ""Displeydə"", ""Korpusun materiali"": ""Alüminium və şüşə"", ""Komplektasiya"": ""Smartfon, USB-C kabeli, Məlumat kitabçası"", ""Seriya"": ""Samsung Galaxy S25 FE"", ""Zəmanət"": ""12 ay"", ""Şəbəkə standartı"": ""5G"", ""Ekran"": ""6.7\""""}",https://kontakt.az/media/catalog/product/cache/a252e3db3d11365dd1457895056a5f34/t/m/tm-dg-sbp-1105-sm-3664_1.png|https://kontakt.az/media/catalog/product/cache/a252e3db3d11365dd1457895056a5f34/t/m/tm-dg-sbp-1105-sm-3664_2.png|https://kontakt.az/media/catalog/product/cache/a252e3db3d11365dd1457895056a5f34/t/m/tm-dg-sbp-1105-sm-3664_3.png|https://kontakt.az/media/catalog/product/cache/a252e3db3d11365dd1457895056a5f34/t/m/tm-dg-sbp-1105-sm-3664_4.png|https://kontakt.az/media/catalog/product/cache/a252e3db3d11365dd1457895056a5f34/t/m/tm-dg-sbp-1105-sm-3664_5.png,2025-10-28T13:56:02.366461
https://kontakt.az/samsung-galaxy-s25-fe-sm-s731-8-128-gb-black,,Unknown,Samsung Galaxy S25 FE (SM-S731) 8/128 GB Black,TM-DG-SBP-1105-SM-3667,,1299.99,150,0.0,Rəylər 0,In Stock,12 ay,"{""Brend"": ""Samsung"", ""Daxili yaddaş"": ""8 GB"", ""Operativ yaddaş"": ""8 GB"", ""Əsas kamera"": ""50 MP + 8 MP + 12 MP"", ""Ön kamera"": ""12 MP"", ""Nüvə sayı"": ""10"", ""SIM-kart növü"": ""Nano SIM + eSIM"", ""SIM-kart sayı"": ""2"", ""Prosessorun adı"": ""Exynos"", ""Əməliyyat sistemi"": ""Android"", ""Əməliyyat sistemin versiyası"": ""Android 15"", ""NFC"": ""Var"", ""Prosessorun növü"": ""Exynos 2400"", ""Displey növü"": ""Dynamic AMOLED 2Х"", ""Simsiz enerji"": ""Var"", ""İnfraqırmızı port"": ""Yox"", ""Üz tanıma"": ""Var"", ""Sürətli enerji yığma"": ""Var"", ""Qorunma dərəcəsi"": ""IP68"", ""Görüntü imkanı"": ""2340 × 1080"", ""Ölçülər"": ""161.3 × 76.6 × 7.4 mm"", ""Yaddaş kartı dəstəyi"": ""Yox"", ""Barometr"": ""Yox"", ""Giroskop"": ""Var"", ""İşıq sensoru"": ""Yox"", ""Yaxınlaşdırma sensoru"": ""Var"", ""Optik sabitləşmə"": ""Var"", ""Video formatı"": ""8K / 4K / 1080p"", ""Bluetooth versiyası"": ""5.4"", ""Avtofokus əsas kamera"": ""Var"", ""Video icazəsi və kadr tezliyi"": ""8K - 1080p, 30-240 kadr/s"", ""Video asta çəkiliş"": ""Var"", ""Rəng"": ""Black"", ""Enerji toplama növü"": ""USB Type-C"", ""Qulaqlıq interfeysi"": ""USB Type-C"", ""Batareya növü"": ""Li-lon"", ""Çıxarıla bilən batareya"": ""Yox"", ""Akselerometr"": ""Var"", ""Enerji yığma gücü"": ""45 Vt"", ""Batareyanın həcmi"": ""4900 mAh"", ""İstehsal ili"": ""2025"", ""Barmaq izi oxuyucusu"": ""Displeydə"", ""Korpusun materiali"": ""Alüminium və şüşə"", ""Komplektasiya"": ""Smartfon, USB-C kabeli, Məlumat kitabçası"", ""Seriya"": ""Samsung Galaxy S25 FE"", ""Zəmanət"": ""12 ay"", ""Şəbəkə standartı"": ""5G"", ""Ekran"": ""6.7\""""}",https://kontakt.az/media/catalog/product/cache/a252e3db3d11365dd1457895056a5f34/t/m/tm-dg-sbp-1105-sm-3667_1.png|https://kontakt.az/media/catalog/product/cache/a252e3db3d11365dd1457895056a5f34/t/m/tm-dg-sbp-1105-sm-3667_2.png|https://kontakt.az/media/catalog/product/cache/a252e3db3d11365dd1457895056a5f34/t/m/tm-dg-sbp-1105-sm-3667_3.png|https://kontakt.az/media/catalog/product/cache/a252e3db3d11365dd1457895056a5f34/t/m/tm-dg-sbp-1105-sm-3667_4.png|https://kontakt.az/media/catalog/product/cache/a252e3db3d11365dd1457895056a5f34/t/m/tm-dg-sbp-1105-sm-3667_5.png,2025-10-28T13:56:13.441935
https://kontakt.az/samsung-galaxy-s25-fe-sm-s731-8-256-gb-black,,Unknown,Samsung Galaxy S25 FE (SM-S731) 8/256 GB Black,TM-DG-SBP-1105-SM-3668,,1439.99,160,0.0,Rəylər 0,In Stock,12 ay,"{""Brend"": ""Samsung"", ""Daxili yaddaş"": ""256 GB"", ""Operativ yaddaş"": ""8 GB"", ""Əsas kamera"": ""50 MP + 8 MP + 12 MP"", ""Ön kamera"": ""12 MP"", ""Nüvə sayı"": ""10"", ""SIM-kart növü"": ""Nano SIM + eSIM"", ""SIM-kart sayı"": ""2"", ""Prosessorun adı"": ""Exynos"", ""Əməliyyat sistemi"": ""Android"", ""Əməliyyat sistemin versiyası"": ""Android 15"", ""NFC"": ""Var"", ""Prosessorun növü"": ""Exynos 2400"", ""Displey növü"": ""Dynamic AMOLED 2Х"", ""Simsiz enerji"": ""Var"", ""İnfraqırmızı port"": ""Yox"", ""Üz tanıma"": ""Var"", ""Sürətli enerji yığma"": ""Var"", ""Qorunma dərəcəsi"": ""IP68"", ""Görüntü imkanı"": ""2340 × 1080"", ""Ölçülər"": ""161.3 × 76.6 × 7.4 mm"", ""Yaddaş kartı dəstəyi"": ""Yox"", ""Barometr"": ""Yox"", ""Giroskop"": ""Var"", ""İşıq sensoru"": ""Yox"", ""Yaxınlaşdırma sensoru"": ""Var"", ""Optik sabitləşmə"": ""Var"", ""Video formatı"": ""8K / 4K / 1080p"", ""Bluetooth versiyası"": ""5.4"", ""Avtofokus əsas kamera"": ""Var"", ""Video icazəsi və kadr tezliyi"": ""8K - 1080p, 30-240 kadr/s"", ""Video asta çəkiliş"": ""Var"", ""Rəng"": ""Black"", ""Enerji toplama növü"": ""USB Type-C"", ""Qulaqlıq interfeysi"": ""USB Type-C"", ""Batareya növü"": ""Li-lon"", ""Çıxarıla bilən batareya"": ""Yox"", ""Akselerometr"": ""Var"", ""Enerji yığma gücü"": ""45 Vt"", ""Batareyanın həcmi"": ""4900 mAh"", ""İstehsal ili"": ""2025"", ""Barmaq izi oxuyucusu"": ""Displeydə"", ""Korpusun materiali"": ""Alüminium və şüşə"", ""Komplektasiya"": ""Smartfon, USB-C kabeli, Məlumat kitabçası"", ""Seriya"": ""Samsung Galaxy S25 FE"", ""Zəmanət"": ""12 ay"", ""Şəbəkə standartı"": ""5G"", ""Ekran"": ""6.7\""""}",https://kontakt.az/media/catalog/product/cache/a252e3db3d11365dd1457895056a5f34/t/m/tm-dg-sbp-1105-sm-3668_1.png|https://kontakt.az/media/catalog/product/cache/a252e3db3d11365dd1457895056a5f34/t/m/tm-dg-sbp-1105-sm-3668_3.png|https://kontakt.az/media/catalog/product/cache/a252e3db3d11365dd1457895056a5f34/t/m/tm-dg-sbp-1105-sm-3668_2.png|https://kontakt.az/media/catalog/product/cache/a252e3db3d11365dd1457895056a5f34/t/m/tm-dg-sbp-1105-sm-3668_4.png|https://kontakt.az/media/catalog/product/cache/a252e3db3d11365dd1457895056a5f34/t/m/tm-dg-sbp-1105-sm-3668_5.png,2025-10-28T13:56:27.872071
https://kontakt.az/samsung-galaxy-s25-fe-sm-s731-8-256-gb-dark-blue,,Unknown,Samsung Galaxy S25 FE (SM-S731) 8/256 GB Dark Blue,TM-DG-SBP-1105-SM-3665,,1439.99,160,0.0,Rəylər 0,In Stock,12 ay,"{""Brend"": ""Samsung"", ""Daxili yaddaş"": ""256 GB"", ""Operativ yaddaş"": ""8 GB"", ""Əsas kamera"": ""50 MP + 8 MP + 12 MP"", ""Ön kamera"": ""12 MP"", ""Nüvə sayı"": ""10"", ""SIM-kart növü"": ""Nano SIM + eSIM"", ""SIM-kart sayı"": ""2"", ""Prosessorun adı"": ""Exynos"", ""Əməliyyat sistemi"": ""Android"", ""Əməliyyat sistemin versiyası"": ""Android 15"", ""NFC"": ""Var"", ""Prosessorun növü"": ""Exynos 2400"", ""Displey növü"": ""Dynamic AMOLED 2Х"", ""Simsiz enerji"": ""Var"", ""İnfraqırmızı port"": ""Yox"", ""Üz tanıma"": ""Var"", ""Sürətli enerji yığma"": ""Var"", ""Qorunma dərəcəsi"": ""IP68"", ""Görüntü imkanı"": ""2340 × 1080"", ""Ölçülər"": ""161.3 × 76.6 × 7.4 mm"", ""Yaddaş kartı dəstəyi"": ""Yox"", ""Barometr"": ""Yox"", ""Giroskop"": ""Var"", ""İşıq sensoru"": ""Yox"", ""Yaxınlaşdırma sensoru"": ""Var"", ""Optik sabitləşmə"": ""Var"", ""Video formatı"": ""8K / 4K / 1080p"", ""Bluetooth versiyası"": ""5.4"", ""Avtofokus əsas kamera"": ""Var"", ""Video icazəsi və kadr tezliyi"": ""8K - 1080p, 30-240 kadr/s"", ""Video asta çəkiliş"": ""Var"", ""Rəng"": ""Dark Blue"", ""Enerji toplama növü"": ""USB Type-C"", ""Qulaqlıq interfeysi"": ""USB Type-C"", ""Batareya növü"": ""Li-lon"", ""Çıxarıla bilən batareya"": ""Yox"", ""Akselerometr"": ""Var"", ""Enerji yığma gücü"": ""45 Vt"", ""Batareyanın həcmi"": ""4900 mAh"", ""İstehsal ili"": ""2025"", ""Barmaq izi oxuyucusu"": ""Displeydə"", ""Korpusun materiali"": ""Alüminium və şüşə"", ""Komplektasiya"": ""Smartfon, USB-C kabeli, Məlumat kitabçası"", ""Seriya"": ""Samsung Galaxy S25 FE"", ""Zəmanət"": ""12 ay"", ""Şəbəkə standartı"": ""5G"", ""Ekran"": ""6.7\""""}",https://kontakt.az/media/catalog/product/cache/a252e3db3d11365dd1457895056a5f34/t/m/tm-dg-sbp-1105-sm-3665_1.png|https://kontakt.az/media/catalog/product/cache/a252e3db3d11365dd1457895056a5f34/t/m/tm-dg-sbp-1105-sm-3665_2.png|https://kontakt.az/media/catalog/product/cache/a252e3db3d11365dd1457895056a5f34/t/m/tm-dg-sbp-1105-sm-3665_3.png|https://kontakt.az/media/catalog/product/cache/a252e3db3d11365dd1457895056a5f34/t/m/tm-dg-sbp-1105-sm-3665_5.png|https://kontakt.az/media/catalog/product/cache/a252e3db3d11365dd1457895056a5f34/t/m/tm-dg-sbp-1105-sm-3665_4.png,2025-10-28T13:56:43.229403
https://kontakt.az/samsung-galaxy-s25-fe-sm-s731-8-512-gb-black,,Unknown,Samsung Galaxy S25 FE (SM-S731) 8/512 GB Black,TM-DG-SBP-1105-SM-3797,,1699.99,150,0.0,Rəylər 0,In Stock,12 ay,"{""Brend"": ""Samsung"", ""Daxili yaddaş"": ""512 GB"", ""Operativ yaddaş"": ""8 GB"", ""Əsas kamera"": ""50 MP + 8 MP + 12 MP"", ""Ön kamera"": ""12 MP"", ""Nüvə sayı"": ""10"", ""SIM-kart növü"": ""Nano SIM + eSIM"", ""SIM-kart sayı"": ""2"", ""Prosessorun adı"": ""Exynos"", ""Əməliyyat sistemi"": ""Android"", ""Əməliyyat sistemin versiyası"": ""Android 15"", ""NFC"": ""Var"", ""Prosessorun növü"": ""Exynos 2400"", ""Displey növü"": ""Dynamic AMOLED 2Х"", ""Simsiz enerji"": ""Var"", ""İnfraqırmızı port"": ""Yox"", ""Üz tanıma"": ""Var"", ""Sürətli enerji yığma"": ""Var"", ""Qorunma dərəcəsi"": ""IP68"", ""Görüntü imkanı"": ""2340 × 1080"", ""Ölçülər"": ""161.3 × 76.6 × 7.4 mm"", ""Yaddaş kartı dəstəyi"": ""Yox"", ""Barometr"": ""Yox"", ""Giroskop"": ""Var"", ""İşıq sensoru"": ""Yox"", ""Yaxınlaşdırma sensoru"": ""Var"", ""Optik sabitləşmə"": ""Var"", ""Video formatı"": ""8K / 4K / 1080p"", ""Bluetooth versiyası"": ""5.4"", ""Avtofokus əsas kamera"": ""Var"", ""Video icazəsi və kadr tezliyi"": ""8K - 1080p, 30-240 kadr/s"", ""Video asta çəkiliş"": ""Var"", ""Rəng"": ""Black"", ""Enerji toplama növü"": ""USB Type-C"", ""Qulaqlıq interfeysi"": ""USB Type-C"", ""Batareya növü"": ""Li-lon"", ""Çıxarıla bilən batareya"": ""Yox"", ""Akselerometr"": ""Var"", ""Enerji yığma gücü"": ""45 Vt"", ""Batareyanın həcmi"": ""4900 mAh"", ""İstehsal ili"": ""2025"", ""Barmaq izi oxuyucusu"": ""Displeydə"", ""Korpusun materiali"": ""Alüminium və şüşə"", ""Komplektasiya"": ""Smartfon, USB-C kabeli, Məlumat kitabçası"", ""Seriya"": ""Samsung Galaxy S25 FE"", ""Zəmanət"": ""12 ay"", ""Şəbəkə standartı"": ""5G"", ""Ekran"": ""6.7\""""}",https://kontakt.az/media/catalog/product/cache/a252e3db3d11365dd1457895056a5f34/t/m/tm-dg-sbp-1105-sm-3797_.png|https://kontakt.az/media/catalog/product/cache/a252e3db3d11365dd1457895056a5f34/t/m/tm-dg-sbp-1105-sm-3797_3.png|https://kontakt.az/media/catalog/product/cache/a252e3db3d11365dd1457895056a5f34/t/m/tm-dg-sbp-1105-sm-3797_2.png|https://kontakt.az/media/catalog/product/cache/a252e3db3d11365dd1457895056a5f34/t/m/tm-dg-sbp-1105-sm-3797_7.png|https://kontakt.az/media/catalog/product/cache/a252e3db3d11365dd1457895056a5f34/t/m/tm-dg-sbp-1105-sm-3797_5.png,2025-10-28T13:56:56.264131
https://kontakt.az/samsung-galaxy-s25-fe-sm-s731-8-256-gb-light-blue,,Unknown,Samsung Galaxy S25 FE (SM-S731) 8/256 GB Light Blue,TM-DG-SBP-1105-SM-3666,,1439.99,160,0.0,Rəylər 0,In Stock,12 ay,"{""Brend"": ""Samsung"", ""Daxili yaddaş"": ""256 GB"", ""Operativ yaddaş"": ""8 GB"", ""Əsas kamera"": ""50 MP + 8 MP + 12 MP"", ""Ön kamera"": ""12 MP"", ""Nüvə sayı"": ""10"", ""SIM-kart növü"": ""Nano SIM + eSIM"", ""SIM-kart sayı"": ""2"", ""Prosessorun adı"": ""Exynos"", ""Əməliyyat sistemi"": ""Android"", ""Əməliyyat sistemin versiyası"": ""Android 15"", ""NFC"": ""Var"", ""Prosessorun növü"": ""Exynos 2400"", ""Displey növü"": ""Dynamic AMOLED 2Х"", ""Simsiz enerji"": ""Var"", ""İnfraqırmızı port"": ""Yox"", ""Üz tanıma"": ""Var"", ""Sürətli enerji yığma"": ""Var"", ""Qorunma dərəcəsi"": ""IP68"", ""Görüntü imkanı"": ""2340 × 1080"", ""Ölçülər"": ""161.3 × 76.6 × 7.4 mm"", ""Yaddaş kartı dəstəyi"": ""Yox"", ""Barometr"": ""Yox"", ""Giroskop"": ""Var"", ""İşıq sensoru"": ""Yox"", ""Yaxınlaşdırma sensoru"": ""Var"", ""Optik sabitləşmə"": ""Var"", ""Video formatı"": ""8K / 4K / 1080p"", ""Bluetooth versiyası"": ""5.4"", ""Avtofokus əsas kamera"": ""Var"", ""Video icazəsi və kadr tezliyi"": ""8K - 1080p, 30-240 kadr/s"", ""Video asta çəkiliş"": ""Var"", ""Rəng"": ""Light blue"", ""Enerji toplama növü"": ""USB Type-C"", ""Qulaqlıq interfeysi"": ""USB Type-C"", ""Batareya növü"": ""Li-lon"", ""Çıxarıla bilən batareya"": ""Yox"", ""Akselerometr"": ""Var"", ""Enerji yığma gücü"": ""45 Vt"", ""Batareyanın həcmi"": ""4900 mAh"", ""İstehsal ili"": ""2025"", ""Barmaq izi oxuyucusu"": ""Displeydə"", ""Korpusun materiali"": ""Alüminium və şüşə"", ""Komplektasiya"": ""Smartfon, USB-C kabeli, Məlumat kitabçası"", ""Seriya"": ""Samsung Galaxy S25 FE"", ""Zəmanət"": ""12 ay"", ""Şəbəkə standartı"": ""5G"", ""Ekran"": ""6.7\""""}",https://kontakt.az/media/catalog/product/cache/a252e3db3d11365dd1457895056a5f34/t/m/tm-dg-sbp-1105-sm-3666_1.png|https://kontakt.az/media/catalog/product/cache/a252e3db3d11365dd1457895056a5f34/t/m/tm-dg-sbp-1105-sm-3666_2.png|https://kontakt.az/media/catalog/product/cache/a252e3db3d11365dd1457895056a5f34/t/m/tm-dg-sbp-1105-sm-3666_3.png|https://kontakt.az/media/catalog/product/cache/a252e3db3d11365dd1457895056a5f34/t/m/tm-dg-sbp-1105-sm-3666_4.png|https://kontakt.az/media/catalog/product/cache/a252e3db3d11365dd1457895056a5f34/t/m/tm-dg-sbp-1105-sm-3666_5.png,2025-10-28T13:57:30.246528
https://kontakt.az/samsung-galaxy-s25-fe-sm-s731-8-256-gb-white,,Unknown,Samsung Galaxy S25 FE (SM-S731) 8/256 GB White,TM-DG-SBP-1105-SM-3669,,1439.99,160,0.0,Rəylər 0,In Stock,12 ay,"{""Brend"": ""Samsung"", ""Daxili yaddaş"": ""256 GB"", ""Operativ yaddaş"": ""8 GB"", ""Əsas kamera"": ""50 MP + 8 MP + 12 MP"", ""Ön kamera"": ""12 MP"", ""Nüvə sayı"": ""10"", ""SIM-kart növü"": ""Nano SIM + eSIM"", ""SIM-kart sayı"": ""2"", ""Prosessorun adı"": ""Exynos"", ""Əməliyyat sistemi"": ""Android"", ""Əməliyyat sistemin versiyası"": ""Android 15"", ""NFC"": ""Var"", ""Prosessorun növü"": ""Exynos 2400"", ""Displey növü"": ""Dynamic AMOLED 2Х"", ""Simsiz enerji"": ""Var"", ""İnfraqırmızı port"": ""Yox"", ""Üz tanıma"": ""Var"", ""Sürətli enerji yığma"": ""Var"", ""Qorunma dərəcəsi"": ""IP68"", ""Görüntü imkanı"": ""2340 × 1080"", ""Ölçülər"": ""161.3 × 76.6 × 7.4 mm"", ""Yaddaş kartı dəstəyi"": ""Yox"", ""Barometr"": ""Yox"", ""Giroskop"": ""Var"", ""İşıq sensoru"": ""Yox"", ""Yaxınlaşdırma sensoru"": ""Var"", ""Optik sabitləşmə"": ""Var"", ""Video formatı"": ""8K / 4K / 1080p"", ""Bluetooth versiyası"": ""5.4"", ""Avtofokus əsas kamera"": ""Var"", ""Video icazəsi və kadr tezliyi"": ""8K - 1080p, 30-240 kadr/s"", ""Video asta çəkiliş"": ""Var"", ""Rəng"": ""White"", ""Enerji toplama növü"": ""USB Type-C"", ""Qulaqlıq interfeysi"": ""USB Type-C"", ""Batareya növü"": ""Li-lon"", ""Çıxarıla bilən batareya"": ""Yox"", ""Akselerometr"": ""Var"", ""Enerji yığma gücü"": ""45 Vt"", ""Batareyanın həcmi"": ""4900 mAh"", ""İstehsal ili"": ""2025"", ""Barmaq izi oxuyucusu"": ""Displeydə"", ""Korpusun materiali"": ""Alüminium və şüşə"", ""Komplektasiya"": ""Smartfon, USB-C kabeli, Məlumat kitabçası"", ""Seriya"": ""Samsung Galaxy S25 FE"", ""Zəmanət"": ""12 ay"", ""Şəbəkə standartı"": ""5G"", ""Ekran"": ""6.7\""""}",https://kontakt.az/media/catalog/product/cache/a252e3db3d11365dd1457895056a5f34/t/m/tm-dg-sbp-1105-sm-3669_1.png|https://kontakt.az/media/catalog/product/cache/a252e3db3d11365dd1457895056a5f34/t/m/tm-dg-sbp-1105-sm-3669_2.png|https://kontakt.az/media/catalog/product/cache/a252e3db3d11365dd1457895056a5f34/t/m/tm-dg-sbp-1105-sm-3669_3.png|https://kontakt.az/media/catalog/product/cache/a252e3db3d11365dd1457895056a5f34/t/m/tm-dg-sbp-1105-sm-3669_4.png|https://kontakt.az/media/catalog/product/cache/a252e3db3d11365dd1457895056a5f34/t/m/tm-dg-sbp-1105-sm-3669_5.png,2025-10-28T13:57:40.863338
https://kontakt.az/samsung-galaxy-s25-fe-sm-s731-8-128-gb-white,,Unknown,Samsung Galaxy S25 FE (SM-S731) 8/128 GB White,TM-DG-SBP-1105-SM-3838,,1299.99,150,0.0,Rəylər 0,In Stock,12 ay,"{""Brend"": ""Samsung"", ""Daxili yaddaş"": ""128 GB"", ""Operativ yaddaş"": ""8 GB"", ""Əsas kamera"": ""50 MP + 8 MP + 12 MP"", ""Ön kamera"": ""12 MP"", ""Nüvə sayı"": ""10"", ""SIM-kart növü"": ""Nano SIM + eSIM"", ""SIM-kart sayı"": ""2"", ""Prosessorun adı"": ""Exynos"", ""Əməliyyat sistemi"": ""Android"", ""Əməliyyat sistemin versiyası"": ""Android 15"", ""NFC"": ""Var"", ""Prosessorun növü"": ""Exynos 2400"", ""Displey növü"": ""Dynamic AMOLED 2Х"", ""Simsiz enerji"": ""Var"", ""İnfraqırmızı port"": ""Yox"", ""Üz tanıma"": ""Var"", ""Sürətli enerji yığma"": ""Var"", ""Qorunma dərəcəsi"": ""IP68"", ""Görüntü imkanı"": ""2340 × 1080"", ""Ölçülər"": ""161.3 × 76.6 × 7.4 mm"", ""Yaddaş kartı dəstəyi"": ""Yox"", ""Barometr"": ""Yox"", ""Giroskop"": ""Var"", ""İşıq sensoru"": ""Yox"", ""Yaxınlaşdırma sensoru"": ""Var"", ""Optik sabitləşmə"": ""Var"", ""Video formatı"": ""8K / 4K / 1080p"", ""Bluetooth versiyası"": ""5.4"", ""Avtofokus əsas kamera"": ""Var"", ""Video icazəsi və kadr tezliyi"": ""8K - 1080p, 30-240 kadr/s"", ""Video asta çəkiliş"": ""Var"", ""Rəng"": ""White"", ""Enerji toplama növü"": ""USB Type-C"", ""Qulaqlıq interfeysi"": ""USB Type-C"", ""Batareya növü"": ""Li-lon"", ""Çıxarıla bilən batareya"": ""Yox"", ""Akselerometr"": ""Var"", ""Enerji yığma gücü"": ""45 Vt"", ""Batareyanın həcmi"": ""4900 mAh"", ""İstehsal ili"": ""2025"", ""Barmaq izi oxuyucusu"": ""Displeydə"", ""Korpusun materiali"": ""Alüminium və şüşə"", ""Komplektasiya"": ""Smartfon, USB-C kabeli, Məlumat kitabçası"", ""Seriya"": ""Samsung Galaxy S25 FE"", ""Zəmanət"": ""12 ay"", ""Şəbəkə standartı"": ""5G"", ""Ekran"": ""6.7\""""}",https://kontakt.az/media/catalog/product/cache/a252e3db3d11365dd1457895056a5f34/t/m/tm-dg-sbp-1105-sm-3838_1_1_.png|https://kontakt.az/media/catalog/product/cache/a252e3db3d11365dd1457895056a5f34/t/m/tm-dg-sbp-1105-sm-3838_2_1_.png|https://kontakt.az/media/catalog/product/cache/a252e3db3d11365dd1457895056a5f34/t/m/tm-dg-sbp-1105-sm-3838_3_1_.png|https://kontakt.az/media/catalog/product/cache/a252e3db3d11365dd1457895056a5f34/t/m/tm-dg-sbp-1105-sm-3838_4_1_.png|https://kontakt.az/media/catalog/product/cache/a252e3db3d11365dd1457895056a5f34/t/m/tm-dg-sbp-1105-sm-3838_4_2_.png,2025-10-28T13:57:56.321442
https://kontakt.az/samsung-galaxy-s25-fe-sm-s731-8-128-gb-ice-blue,,Unknown,Samsung Galaxy S25 FE (SM-S731) 8/128 GB Ice Blue,TM-DG-SBP-1105-SM-3839,,1299.99,150,0.0,Rəylər 0,In Stock,12 ay,"{""Brend"": ""Samsung"", ""Daxili yaddaş"": ""8 GB"", ""Operativ yaddaş"": ""8 GB"", ""Əsas kamera"": ""50 MP + 8 MP + 12 MP"", ""Ön kamera"": ""12 MP"", ""Nüvə sayı"": ""10"", ""SIM-kart növü"": ""Nano SIM + eSIM"", ""SIM-kart sayı"": ""2"", ""Prosessorun adı"": ""Exynos"", ""Əməliyyat sistemi"": ""Android"", ""Əməliyyat sistemin versiyası"": ""Android 15"", ""NFC"": ""Var"", ""Prosessorun növü"": ""Exynos 2400"", ""Displey növü"": ""Dynamic AMOLED 2Х"", ""Simsiz enerji"": ""Var"", ""İnfraqırmızı port"": ""Yox"", ""Üz tanıma"": ""Var"", ""Sürətli enerji yığma"": ""Var"", ""Qorunma dərəcəsi"": ""IP68"", ""Görüntü imkanı"": ""2340 × 1080"", ""Ölçülər"": ""161.3 × 76.6 × 7.4 mm"", ""Yaddaş kartı dəstəyi"": ""Yox"", ""Barometr"": ""Yox"", ""Giroskop"": ""Var"", ""İşıq sensoru"": ""Yox"", ""Yaxınlaşdırma sensoru"": ""Var"", ""Optik sabitləşmə"": ""Var"", ""Video formatı"": ""8K / 4K / 1080p"", ""Bluetooth versiyası"": ""5.4"", ""Avtofokus əsas kamera"": ""Var"", ""Video icazəsi və kadr tezliyi"": ""8K - 1080p, 30-240 kadr/s"", ""Video asta çəkiliş"": ""Var"", ""Rəng"": ""Ice Blue"", ""Enerji toplama növü"": ""USB Type-C"", ""Qulaqlıq interfeysi"": ""USB Type-C"", ""Batareya növü"": ""Li-lon"", ""Çıxarıla bilən batareya"": ""Yox"", ""Akselerometr"": ""Var"", ""Enerji yığma gücü"": ""45 Vt"", ""Batareyanın həcmi"": ""4900 mAh"", ""İstehsal ili"": ""2025"", ""Barmaq izi oxuyucusu"": ""Displeydə"", ""Korpusun materiali"": ""Alüminium və şüşə"", ""Komplektasiya"": ""Smartfon, USB-C kabeli, Məlumat kitabçası"", ""Seriya"": ""Samsung Galaxy S25 FE"", ""Zəmanət"": ""12 ay"", ""Şəbəkə standartı"": ""5G"", ""Ekran"": ""6.7\""""}",https://kontakt.az/media/catalog/product/cache/a252e3db3d11365dd1457895056a5f34/t/m/tm-dg-sbp-1105-sm-3839_1_1_.png|https://kontakt.az/media/catalog/product/cache/a252e3db3d11365dd1457895056a5f34/t/m/tm-dg-sbp-1105-sm-3839_2_1_.png|https://kontakt.az/media/catalog/product/cache/a252e3db3d11365dd1457895056a5f34/t/m/tm-dg-sbp-1105-sm-3839_3_1_.png|https://kontakt.az/media/catalog/product/cache/a252e3db3d11365dd1457895056a5f34/t/m/tm-dg-sbp-1105-sm-3839_4_1_.png|https://kontakt.az/media/catalog/product/cache/a252e3db3d11365dd1457895056a5f34/t/m/tm-dg-sbp-1105-sm-3839_5_1_.png,2025-10-28T13:58:11.608507
https://kontakt.az/samsung-galaxy-s25-ultra-sm-s938b-12-gb-1-tb-titanium-black,,Unknown,Samsung Galaxy S25 Ultra (SM-S938B) 12 GB / 1 TB Titanium Black,TM-DG-SBP-1105-SM-3264,,3199.99,500,0.0,Rəylər 0,In Stock,12 ay,"{""Brend"": ""Samsung"", ""Daxili yaddaş"": ""1 TB"", ""Operativ yaddaş"": ""12 GB"", ""Əsas kamera"": ""50 MP + 200 MP + 50 MP + 10 MP"", ""Ön kamera"": ""12 MP"", ""Nüvə sayı"": ""8"", ""SIM-kart növü"": ""Nano SIM + eSIM"", ""SIM-kart sayı"": ""2"", ""Prosessorun adı"": ""Qualcomm"", ""Əməliyyat sistemi"": ""Android"", ""Əməliyyat sistemin versiyası"": ""Android 15"", ""NFC"": ""Var"", ""Prosessorun növü"": ""Qualcomm Snapdragon 8 Elite for Galaxy"", ""Displey növü"": ""Dynamic AMOLED 2Х"", ""Simsiz enerji"": ""Var"", ""İnfraqırmızı port"": ""Yox"", ""Üz tanıma"": ""Var"", ""Sürətli enerji yığma"": ""Var"", ""Qorunma dərəcəsi"": ""IP68"", ""Görüntü imkanı"": ""3120 × 1440"", ""Ölçülər"": ""162.8 × 77.6 × 8.2 mm"", ""Yaddaş kartı dəstəyi"": ""Yox"", ""Barometr"": ""Var"", ""Giroskop"": ""Var"", ""İşıq sensoru"": ""Var"", ""Yaxınlaşdırma sensoru"": ""Var"", ""Optik sabitləşmə"": ""Var"", ""Video formatı"": ""8K / 4K / 1080p"", ""Bluetooth versiyası"": ""5.4"", ""Avtofokus əsas kamera"": ""Var"", ""Video icazəsi və kadr tezliyi"": ""8K - 1080p, 30-240 kadr/s"", ""Video asta çəkiliş"": ""Var"", ""Rəng"": ""Titanium Black"", ""Enerji toplama növü"": ""USB Type-C"", ""Qulaqlıq interfeysi"": ""USB Type-C"", ""Batareya növü"": ""Li-lon"", ""Çıxarıla bilən batareya"": ""Yox"", ""Akselerometr"": ""Var"", ""Enerji yığma gücü"": ""45 Vt"", ""Batareyanın həcmi"": ""5000 mAh"", ""İstehsal ili"": ""2025"", ""Barmaq izi oxuyucusu"": ""Displeydə"", ""Korpusun materiali"": ""Titan və şüşə"", ""Komplektasiya"": ""Smartfon, Məlumat kitabçası"", ""Seriya"": ""Samsung Galaxy S25 Ultra"", ""Zəmanət"": ""12 ay"", ""Şəbəkə standartı"": ""5G"", ""Ekran"": ""6.9\""""}",https://kontakt.az/media/catalog/product/cache/a252e3db3d11365dd1457895056a5f34/t/m/tm-dg-sbp-1105-sm-3264_1.png|https://kontakt.az/media/catalog/product/cache/a252e3db3d11365dd1457895056a5f34/t/m/tm-dg-sbp-1105-sm-3264_2.png|https://kontakt.az/media/catalog/product/cache/a252e3db3d11365dd1457895056a5f34/t/m/tm-dg-sbp-1105-sm-3264_3.png|https://kontakt.az/media/catalog/product/cache/a252e3db3d11365dd1457895056a5f34/t/m/tm-dg-sbp-1105-sm-3264_4.png|https://kontakt.az/media/catalog/product/cache/a252e3db3d11365dd1457895056a5f34/t/m/tm-dg-sbp-1105-sm-3264_5.png|https://kontakt.az/media/catalog/product/cache/a252e3db3d11365dd1457895056a5f34/t/m/tm-dg-sbp-1105-sm-3264_6.png|https://kontakt.az/media/catalog/product/cache/a252e3db3d11365dd1457895056a5f34/t/m/tm-dg-sbp-1105-sm-3264_7.png,2025-10-28T13:58:26.130607
https://kontakt.az/samsung-galaxy-s25-ultra-sm-s938b-12-512-gb-titanium-black,,Unknown,Samsung Galaxy S25 Ultra (SM-S938B) 12/512 GB Titanium Black,TM-DG-SBP-1105-SM-3265,,2799.99,400,0.0,Rəylər 0,In Stock,12 ay,"{""Brend"": ""Samsung"", ""Daxili yaddaş"": ""512 GB"", ""Operativ yaddaş"": ""12 GB"", ""Əsas kamera"": ""50 MP + 200 MP + 50 MP + 10 MP"", ""Ön kamera"": ""12 MP"", ""Nüvə sayı"": ""8"", ""SIM-kart növü"": ""Nano SIM + eSIM"", ""SIM-kart sayı"": ""2"", ""Prosessorun adı"": ""Qualcomm"", ""Əməliyyat sistemi"": ""Android"", ""Əməliyyat sistemin versiyası"": ""Android 15"", ""NFC"": ""Var"", ""Prosessorun növü"": ""Qualcomm Snapdragon 8 Elite"", ""Displey növü"": ""Dynamic AMOLED 2Х"", ""Simsiz enerji"": ""Var"", ""İnfraqırmızı port"": ""Yox"", ""Üz tanıma"": ""Var"", ""Sürətli enerji yığma"": ""Var"", ""Qorunma dərəcəsi"": ""IP68"", ""Görüntü imkanı"": ""3120 × 1440"", ""Ölçülər"": ""162.8 × 77.6 × 8.2 mm"", ""Yaddaş kartı dəstəyi"": ""Yox"", ""Barometr"": ""Var"", ""Giroskop"": ""Var"", ""İşıq sensoru"": ""Var"", ""Yaxınlaşdırma sensoru"": ""Var"", ""Optik sabitləşmə"": ""Var"", ""Video formatı"": ""8K / 4K / 1080p"", ""Bluetooth versiyası"": ""5.4"", ""Avtofokus əsas kamera"": ""Var"", ""Video icazəsi və kadr tezliyi"": ""8K - 1080p, 30-240 kadr/s"", ""Video asta çəkiliş"": ""Var"", ""Rəng"": ""Titanium Black"", ""Enerji toplama növü"": ""USB Type-C"", ""Qulaqlıq interfeysi"": ""USB Type-C"", ""Batareya növü"": ""Li-lon"", ""Çıxarıla bilən batareya"": ""Yox"", ""Akselerometr"": ""Var"", ""Enerji yığma gücü"": ""45 Vt"", ""Batareyanın həcmi"": ""5000 mAh"", ""İstehsal ili"": ""2025"", ""Barmaq izi oxuyucusu"": ""Displeydə"", ""Korpusun materiali"": ""Titan və şüşə"", ""Komplektasiya"": ""Smartfon, Məlumat kitabçası"", ""Seriya"": ""Samsung Galaxy S25 Ultra"", ""Zəmanət"": ""12 ay"", ""Şəbəkə standartı"": ""5G"", ""Ekran"": ""6.9\""""}",https://kontakt.az/media/catalog/product/cache/a252e3db3d11365dd1457895056a5f34/t/m/tm-dg-sbp-1105-sm-3265_1_1.png|https://kontakt.az/media/catalog/product/cache/a252e3db3d11365dd1457895056a5f34/t/m/tm-dg-sbp-1105-sm-3264_2_1.png|https://kontakt.az/media/catalog/product/cache/a252e3db3d11365dd1457895056a5f34/t/m/tm-dg-sbp-1105-sm-3264_3_1.png|https://kontakt.az/media/catalog/product/cache/a252e3db3d11365dd1457895056a5f34/t/m/tm-dg-sbp-1105-sm-3265_4.png|https://kontakt.az/media/catalog/product/cache/a252e3db3d11365dd1457895056a5f34/t/m/tm-dg-sbp-1105-sm-3265_5.png|https://kontakt.az/media/catalog/product/cache/a252e3db3d11365dd1457895056a5f34/t/m/tm-dg-sbp-1105-sm-3265_6.png|https://kontakt.az/media/catalog/product/cache/a252e3db3d11365dd1457895056a5f34/t/m/tm-dg-sbp-1105-sm-3265_7.png,2025-10-28T13:58:38.944480
https://kontakt.az/samsung-galaxy-s25-ultra-sm-s938b-12-512-gb-titanium-silver-blue,,Unknown,Samsung Galaxy S25 Ultra (SM-S938B) 12/512 GB Titanium Silver Blue,TM-DG-SBP-1105-SM-3269,,2799.99,400,0.0,Rəylər 0,Pre-order / Out of Stock,12 ay,"{""Brend"": ""Samsung"", ""Daxili yaddaş"": ""512 GB"", ""Operativ yaddaş"": ""12 GB"", ""Əsas kamera"": ""50 MP + 200 MP + 50 MP + 10 MP"", ""Ön kamera"": ""12 MP"", ""Nüvə sayı"": ""8"", ""SIM-kart növü"": ""Nano SIM + eSIM"", ""SIM-kart sayı"": ""2"", ""Prosessorun adı"": ""Qualcomm"", ""Əməliyyat sistemi"": ""Android"", ""Əməliyyat sistemin versiyası"": ""Android 15"", ""NFC"": ""Var"", ""Prosessorun növü"": ""Qualcomm Snapdragon 8 Elite for Galaxy"", ""Displey növü"": ""Dynamic AMOLED 2Х"", ""Simsiz enerji"": ""Var"", ""İnfraqırmızı port"": ""Yox"", ""Üz tanıma"": ""Var"", ""Sürətli enerji yığma"": ""Var"", ""Qorunma dərəcəsi"": ""IP68"", ""Görüntü imkanı"": ""3120 × 1440"", ""Ölçülər"": ""162.8 × 77.6 × 8.2 mm"", ""Yaddaş kartı dəstəyi"": ""Yox"", ""Barometr"": ""Var"", ""Giroskop"": ""Var"", ""İşıq sensoru"": ""Var"", ""Yaxınlaşdırma sensoru"": ""Var"", ""Optik sabitləşmə"": ""Var"", ""Video formatı"": ""8K / 4K / 1080p"", ""Bluetooth versiyası"": ""5.4"", ""Avtofokus əsas kamera"": ""Var"", ""Video icazəsi və kadr tezliyi"": ""8K - 1080p, 30-240 kadr/s"", ""Video asta çəkiliş"": ""Var"", ""Rəng"": ""Titanium Silverblue"", ""Enerji toplama növü"": ""USB Type-C"", ""Qulaqlıq interfeysi"": ""USB Type-C"", ""Batareya növü"": ""Li-lon"", ""Çıxarıla bilən batareya"": ""Yox"", ""Akselerometr"": ""Var"", ""Enerji yığma gücü"": ""45 Vt"", ""Batareyanın həcmi"": ""5000 mAh"", ""İstehsal ili"": ""2025"", ""Barmaq izi oxuyucusu"": ""Displeydə"", ""Korpusun materiali"": ""Titan və şüşə"", ""Komplektasiya"": ""Smartfon, Məlumat kitabçası"", ""Seriya"": ""Samsung Galaxy S25 Ultra"", ""Zəmanət"": ""12 ay"", ""Şəbəkə standartı"": ""5G"", ""Ekran"": ""6.9\""""}",https://kontakt.az/media/catalog/product/cache/a252e3db3d11365dd1457895056a5f34/t/m/tm-dg-sbp-1105-sm-3269_1.png|https://kontakt.az/media/catalog/product/cache/a252e3db3d11365dd1457895056a5f34/t/m/tm-dg-sbp-1105-sm-3269_2.png|https://kontakt.az/media/catalog/product/cache/a252e3db3d11365dd1457895056a5f34/t/m/tm-dg-sbp-1105-sm-3269_3.png|https://kontakt.az/media/catalog/product/cache/a252e3db3d11365dd1457895056a5f34/t/m/tm-dg-sbp-1105-sm-3269_4.png|https://kontakt.az/media/catalog/product/cache/a252e3db3d11365dd1457895056a5f34/t/m/tm-dg-sbp-1105-sm-3269_5.png|https://kontakt.az/media/catalog/product/cache/a252e3db3d11365dd1457895056a5f34/t/m/tm-dg-sbp-1105-sm-3269_6.png|https://kontakt.az/media/catalog/product/cache/a252e3db3d11365dd1457895056a5f34/t/m/tm-dg-sbp-1105-sm-3269_7.png,2025-10-28T13:58:53.126047
https://kontakt.az/samsung-galaxy-s25-ultra-sm-s938b-12-gb-1-tb-titanium-gray,,Unknown,Samsung Galaxy S25 Ultra (SM-S938B) 12 GB / 1 TB Titanium Gray,TM-DG-SBP-1105-SM-3270,,3199.99,500,0.0,Rəylər 0,In Stock,12 ay,"{""Brend"": ""Samsung"", ""Daxili yaddaş"": ""1 TB"", ""Operativ yaddaş"": ""12 GB"", ""Əsas kamera"": ""50 MP + 200 MP + 50 MP + 10 MP"", ""Ön kamera"": ""12 MP"", ""Nüvə sayı"": ""8"", ""SIM-kart növü"": ""Nano SIM + eSIM"", ""SIM-kart sayı"": ""2"", ""Prosessorun adı"": ""Qualcomm"", ""Əməliyyat sistemi"": ""Android"", ""Əməliyyat sistemin versiyası"": ""Android 15"", ""NFC"": ""Var"", ""Prosessorun növü"": ""Qualcomm Snapdragon 8 Elite"", ""Displey növü"": ""Dynamic AMOLED 2Х"", ""Simsiz enerji"": ""Var"", ""İnfraqırmızı port"": ""Yox"", ""Üz tanıma"": ""Var"", ""Sürətli enerji yığma"": ""Var"", ""Qorunma dərəcəsi"": ""IP68"", ""Görüntü imkanı"": ""3120 × 1440"", ""Ölçülər"": ""162.8 × 77.6 × 8.2 mm"", ""Yaddaş kartı dəstəyi"": ""Yox"", ""Barometr"": ""Var"", ""Giroskop"": ""Var"", ""İşıq sensoru"": ""Var"", ""Yaxınlaşdırma sensoru"": ""Var"", ""Optik sabitləşmə"": ""Var"", ""Video formatı"": ""8K / 4K / 1080p"", ""Bluetooth versiyası"": ""5.4"", ""Avtofokus əsas kamera"": ""Var"", ""Video icazəsi və kadr tezliyi"": ""8K - 1080p, 30-240 kadr/s"", ""Video asta çəkiliş"": ""Var"", ""Rəng"": ""Titanium Gray"", ""Enerji toplama növü"": ""USB Type-C"", ""Qulaqlıq interfeysi"": ""USB Type-C"", ""Batareya növü"": ""Li-lon"", ""Çıxarıla bilən batareya"": ""Yox"", ""Akselerometr"": ""Var"", ""Enerji yığma gücü"": ""45 Vt"", ""Batareyanın həcmi"": ""5000 mAh"", ""İstehsal ili"": ""2025"", ""Barmaq izi oxuyucusu"": ""Displeydə"", ""Korpusun materiali"": ""Titan və şüşə"", ""Komplektasiya"": ""Smartfon, Məlumat kitabçası"", ""Seriya"": ""Samsung Galaxy S25 Ultra"", ""Zəmanət"": ""12 ay"", ""Şəbəkə standartı"": ""5G"", ""Ekran"": ""6.9\""""}",https://kontakt.az/media/catalog/product/cache/a252e3db3d11365dd1457895056a5f34/t/m/tm-dg-sbp-1105-sm-3270_1_1.png|https://kontakt.az/media/catalog/product/cache/a252e3db3d11365dd1457895056a5f34/t/m/tm-dg-sbp-1105-sm-3270_2_2.png|https://kontakt.az/media/catalog/product/cache/a252e3db3d11365dd1457895056a5f34/t/m/tm-dg-sbp-1105-sm-3270_3_2.png|https://kontakt.az/media/catalog/product/cache/a252e3db3d11365dd1457895056a5f34/t/m/tm-dg-sbp-1105-sm-3270_4.png|https://kontakt.az/media/catalog/product/cache/a252e3db3d11365dd1457895056a5f34/t/m/tm-dg-sbp-1105-sm-3270_5.png|https://kontakt.az/media/catalog/product/cache/a252e3db3d11365dd1457895056a5f34/t/m/tm-dg-sbp-1105-sm-3270_6.png|https://kontakt.az/media/catalog/product/cache/a252e3db3d11365dd1457895056a5f34/t/m/tm-dg-sbp-1105-sm-3270_7.png,2025-10-28T13:59:38.623241
https://kontakt.az/samsung-galaxy-s25-sm-s938b-ultra-12-512gb-titanium-gray,,Unknown,Samsung Galaxy S25 Ultra (SM-S938B) 12/512GB Titanium Gray,TM-DG-SBP-1105-SM-3271,,2799.99,400,0.0,Rəylər 0,In Stock,12 ay,"{""Brend"": ""Samsung"", ""Daxili yaddaş"": ""512 GB"", ""Operativ yaddaş"": ""12 GB"", ""Əsas kamera"": ""50 MP + 200 MP + 50 MP + 10 MP"", ""Ön kamera"": ""12 MP"", ""Nüvə sayı"": ""8"", ""SIM-kart növü"": ""Nano SIM + eSIM"", ""SIM-kart sayı"": ""2"", ""Prosessorun adı"": ""Qualcomm"", ""Əməliyyat sistemi"": ""Android"", ""Əməliyyat sistemin versiyası"": ""Android 15"", ""NFC"": ""Var"", ""Prosessorun növü"": ""Qualcomm Snapdragon 8 Elite for Galaxy"", ""Displey növü"": ""Dynamic AMOLED 2Х"", ""Simsiz enerji"": ""Var"", ""İnfraqırmızı port"": ""Yox"", ""Üz tanıma"": ""Var"", ""Sürətli enerji yığma"": ""Var"", ""Qorunma dərəcəsi"": ""IP68"", ""Görüntü imkanı"": ""3120 × 1440"", ""Ölçülər"": ""162.8 × 77.6 × 8.2 mm"", ""Yaddaş kartı dəstəyi"": ""Yox"", ""Barometr"": ""Var"", ""Giroskop"": ""Var"", ""İşıq sensoru"": ""Var"", ""Yaxınlaşdırma sensoru"": ""Var"", ""Optik sabitləşmə"": ""Var"", ""Video formatı"": ""8K / 4K / 1080p"", ""Bluetooth versiyası"": ""5.4"", ""Avtofokus əsas kamera"": ""Var"", ""Video icazəsi və kadr tezliyi"": ""8K - 1080p, 30-240 kadr/s"", ""Video asta çəkiliş"": ""Var"", ""Rəng"": ""Titanium Gray"", ""Enerji toplama növü"": ""USB Type-C"", ""Qulaqlıq interfeysi"": ""USB Type-C"", ""Batareya növü"": ""Li-lon"", ""Çıxarıla bilən batareya"": ""Yox"", ""Akselerometr"": ""Var"", ""Enerji yığma gücü"": ""45 Vt"", ""Batareyanın həcmi"": ""5000 mAh"", ""İstehsal ili"": ""2025"", ""Barmaq izi oxuyucusu"": ""Displeydə"", ""Korpusun materiali"": ""Titan və şüşə"", ""Komplektasiya"": ""Smartfon, Məlumat kitabçası"", ""Seriya"": ""Samsung Galaxy S25 Ultra"", ""Zəmanət"": ""12 ay"", ""Şəbəkə standartı"": ""5G"", ""Ekran"": ""6.9\""""}",https://kontakt.az/media/catalog/product/cache/a252e3db3d11365dd1457895056a5f34/t/m/tm-dg-sbp-1105-sm-3271_1_1.png|https://kontakt.az/media/catalog/product/cache/a252e3db3d11365dd1457895056a5f34/t/m/tm-dg-sbp-1105-sm-3270_2.png|https://kontakt.az/media/catalog/product/cache/a252e3db3d11365dd1457895056a5f34/t/m/tm-dg-sbp-1105-sm-3270_3.png|https://kontakt.az/media/catalog/product/cache/a252e3db3d11365dd1457895056a5f34/t/m/tm-dg-sbp-1105-sm-3271_4.png|https://kontakt.az/media/catalog/product/cache/a252e3db3d11365dd1457895056a5f34/t/m/tm-dg-sbp-1105-sm-3271_5.png|https://kontakt.az/media/catalog/product/cache/a252e3db3d11365dd1457895056a5f34/t/m/tm-dg-sbp-1105-sm-3271_6.png|https://kontakt.az/media/catalog/product/cache/a252e3db3d11365dd1457895056a5f34/t/m/tm-dg-sbp-1105-sm-3271_7.png,2025-10-28T13:59:58.828384
https://kontakt.az/samsung-galaxy-s25-sm-s938b-ultra-12-256-gb-titanium-gray,,Unknown,Samsung Galaxy S25 Ultra (SM-S938B) 12/256 GB Titanium Gray,TM-DG-SBP-1105-SM-3273,,2499.99,350,0.0,Rəylər 0,In Stock,12 ay,"{""Brend"": ""Samsung"", ""Daxili yaddaş"": ""256 GB"", ""Operativ yaddaş"": ""12 GB"", ""Əsas kamera"": ""50 MP + 200 MP + 50 MP + 10 MP"", ""Ön kamera"": ""12 MP"", ""Nüvə sayı"": ""8"", ""SIM-kart növü"": ""Nano SIM + eSIM"", ""SIM-kart sayı"": ""2"", ""Prosessorun adı"": ""Qualcomm"", ""Əməliyyat sistemi"": ""Android"", ""Əməliyyat sistemin versiyası"": ""Android 15"", ""NFC"": ""Var"", ""Prosessorun növü"": ""Qualcomm Snapdragon 8 Elite for Galaxy"", ""Displey növü"": ""Dynamic AMOLED 2Х"", ""Simsiz enerji"": ""Var"", ""İnfraqırmızı port"": ""Yox"", ""Üz tanıma"": ""Var"", ""Sürətli enerji yığma"": ""Var"", ""Qorunma dərəcəsi"": ""IP68"", ""Görüntü imkanı"": ""3120 × 1440"", ""Ölçülər"": ""162.8 × 77.6 × 8.2 mm"", ""Yaddaş kartı dəstəyi"": ""Yox"", ""Barometr"": ""Var"", ""Giroskop"": ""Var"", ""İşıq sensoru"": ""Var"", ""Yaxınlaşdırma sensoru"": ""Var"", ""Optik sabitləşmə"": ""Var"", ""Video formatı"": ""8K / 4K / 1080p"", ""Bluetooth versiyası"": ""5.4"", ""Avtofokus əsas kamera"": ""Var"", ""Video icazəsi və kadr tezliyi"": ""8K - 1080p, 30-240 kadr/s"", ""Video asta çəkiliş"": ""Var"", ""Rəng"": ""Titanium Gray"", ""Enerji toplama növü"": ""USB Type-C"", ""Qulaqlıq interfeysi"": ""USB Type-C"", ""Batareya növü"": ""Li-lon"", ""Çıxarıla bilən batareya"": ""Yox"", ""Akselerometr"": ""Var"", ""Enerji yığma gücü"": ""45 Vt"", ""Batareyanın həcmi"": ""5000 mAh"", ""İstehsal ili"": ""2025"", ""Barmaq izi oxuyucusu"": ""Displeydə"", ""Korpusun materiali"": ""Titan və şüşə"", ""Komplektasiya"": ""Smartfon, Məlumat kitabçası"", ""Seriya"": ""Samsung Galaxy S25 Ultra"", ""Zəmanət"": ""12 ay"", ""Şəbəkə standartı"": ""5G"", ""Ekran"": ""6.9\""""}",https://kontakt.az/media/catalog/product/cache/a252e3db3d11365dd1457895056a5f34/t/m/tm-dg-sbp-1105-sm-3273_1_1.png|https://kontakt.az/media/catalog/product/cache/a252e3db3d11365dd1457895056a5f34/t/m/tm-dg-sbp-1105-sm-3270_2_1.png|https://kontakt.az/media/catalog/product/cache/a252e3db3d11365dd1457895056a5f34/t/m/tm-dg-sbp-1105-sm-3270_3_1.png|https://kontakt.az/media/catalog/product/cache/a252e3db3d11365dd1457895056a5f34/t/m/tm-dg-sbp-1105-sm-3273_4.png|https://kontakt.az/media/catalog/product/cache/a252e3db3d11365dd1457895056a5f34/t/m/tm-dg-sbp-1105-sm-3273_5.png|https://kontakt.az/media/catalog/product/cache/a252e3db3d11365dd1457895056a5f34/t/m/tm-dg-sbp-1105-sm-3273_6.png|https://kontakt.az/media/catalog/product/cache/a252e3db3d11365dd1457895056a5f34/t/m/tm-dg-sbp-1105-sm-3273_7.png,2025-10-28T14:00:11.653033
https://kontakt.az/samsung-galaxy-s25-sm-s938b-ultra-12-256-gb-titanium-silver-blue,,Unknown,Samsung Galaxy S25 Ultra (SM-S938B) 12/256 GB Titanium SilverBlue,TM-DG-SBP-1105-SM-3274,,2499.99,350,0.0,Rəylər 0,In Stock,12 ay,"{""Brend"": ""Samsung"", ""Daxili yaddaş"": ""256 GB"", ""Operativ yaddaş"": ""12 GB"", ""Əsas kamera"": ""50 MP + 200 MP + 50 MP + 10 MP"", ""Ön kamera"": ""12 MP"", ""Nüvə sayı"": ""8"", ""SIM-kart növü"": ""Nano SIM + eSIM"", ""SIM-kart sayı"": ""2"", ""Prosessorun adı"": ""Qualcomm"", ""Əməliyyat sistemi"": ""Android"", ""Əməliyyat sistemin versiyası"": ""Android 15"", ""NFC"": ""Var"", ""Prosessorun növü"": ""Qualcomm Snapdragon 8 Elite for Galaxy"", ""Displey növü"": ""Dynamic AMOLED 2Х"", ""Simsiz enerji"": ""Var"", ""İnfraqırmızı port"": ""Yox"", ""Üz tanıma"": ""Var"", ""Sürətli enerji yığma"": ""Var"", ""Qorunma dərəcəsi"": ""IP68"", ""Görüntü imkanı"": ""3120 × 1440"", ""Ölçülər"": ""162.8 × 77.6 × 8.2 mm"", ""Yaddaş kartı dəstəyi"": ""Yox"", ""Barometr"": ""Var"", ""Giroskop"": ""Var"", ""İşıq sensoru"": ""Var"", ""Yaxınlaşdırma sensoru"": ""Var"", ""Optik sabitləşmə"": ""Var"", ""Video formatı"": ""8K / 4K / 1080p"", ""Bluetooth versiyası"": ""5.4"", ""Avtofokus əsas kamera"": ""Var"", ""Video icazəsi və kadr tezliyi"": ""8K - 1080p, 30-240 kadr/s"", ""Video asta çəkiliş"": ""Var"", ""Rəng"": ""Titanium Silverblue"", ""Enerji toplama növü"": ""USB Type-C"", ""Qulaqlıq interfeysi"": ""USB Type-C"", ""Batareya növü"": ""Li-lon"", ""Çıxarıla bilən batareya"": ""Yox"", ""Akselerometr"": ""Var"", ""Enerji yığma gücü"": ""45 Vt"", ""Batareyanın həcmi"": ""5000 mAh"", ""İstehsal ili"": ""2025"", ""Barmaq izi oxuyucusu"": ""Displeydə"", ""Korpusun materiali"": ""Titan və şüşə"", ""Komplektasiya"": ""Smartfon, Məlumat kitabçası"", ""Seriya"": ""Samsung Galaxy S25 Ultra"", ""Zəmanət"": ""12 ay"", ""Şəbəkə standartı"": ""5G"", ""Ekran"": ""6.9\""""}",https://kontakt.az/media/catalog/product/cache/a252e3db3d11365dd1457895056a5f34/t/m/tm-dg-sbp-1105-sm-3274_1_1.png|https://kontakt.az/media/catalog/product/cache/a252e3db3d11365dd1457895056a5f34/t/m/tm-dg-sbp-1105-sm-3269_2_1.png|https://kontakt.az/media/catalog/product/cache/a252e3db3d11365dd1457895056a5f34/t/m/tm-dg-sbp-1105-sm-3269_3_1.png|https://kontakt.az/media/catalog/product/cache/a252e3db3d11365dd1457895056a5f34/t/m/tm-dg-sbp-1105-sm-3274_4.png|https://kontakt.az/media/catalog/product/cache/a252e3db3d11365dd1457895056a5f34/t/m/tm-dg-sbp-1105-sm-3274_5.png|https://kontakt.az/media/catalog/product/cache/a252e3db3d11365dd1457895056a5f34/t/m/tm-dg-sbp-1105-sm-3274_6.png|https://kontakt.az/media/catalog/product/cache/a252e3db3d11365dd1457895056a5f34/t/m/tm-dg-sbp-1105-sm-3274_7.png,2025-10-28T14:00:25.716122
https://kontakt.az/samsung-galaxy-s25-sm-s938b-ultra-12-256-gb-titanium-black,,Unknown,Samsung Galaxy S25 Ultra (SM-S938B) 12/256 GB Titanium Black,TM-DG-SBP-1105-SM-3275,,2499.99,350,0.0,Rəylər 0,In Stock,12 ay,"{""Brend"": ""Samsung"", ""Daxili yaddaş"": ""256 GB"", ""Operativ yaddaş"": ""12 GB"", ""Əsas kamera"": ""50 MP + 200 MP + 50 MP + 10 MP"", ""Ön kamera"": ""12 MP"", ""Nüvə sayı"": ""8"", ""SIM-kart növü"": ""Nano SIM + eSIM"", ""SIM-kart sayı"": ""2"", ""Prosessorun adı"": ""Qualcomm"", ""Əməliyyat sistemi"": ""Android"", ""Əməliyyat sistemin versiyası"": ""Android 15"", ""NFC"": ""Var"", ""Prosessorun növü"": ""Qualcomm Snapdragon 8 Elite for Galaxy"", ""Displey növü"": ""Dynamic AMOLED 2Х"", ""Simsiz enerji"": ""Var"", ""İnfraqırmızı port"": ""Yox"", ""Üz tanıma"": ""Var"", ""Sürətli enerji yığma"": ""Var"", ""Qorunma dərəcəsi"": ""IP68"", ""Görüntü imkanı"": ""3120 × 1440"", ""Ölçülər"": ""162.8 × 77.6 × 8.2 mm"", ""Yaddaş kartı dəstəyi"": ""Yox"", ""Barometr"": ""Var"", ""Giroskop"": ""Var"", ""İşıq sensoru"": ""Var"", ""Yaxınlaşdırma sensoru"": ""Var"", ""Optik sabitləşmə"": ""Var"", ""Video formatı"": ""8K / 4K / 1080p"", ""Bluetooth versiyası"": ""5.4"", ""Avtofokus əsas kamera"": ""Var"", ""Video icazəsi və kadr tezliyi"": ""8K - 1080p, 30-240 kadr/s"", ""Video asta çəkiliş"": ""Var"", ""Rəng"": ""Titanium Black"", ""Enerji toplama növü"": ""USB Type-C"", ""Qulaqlıq interfeysi"": ""USB Type-C"", ""Batareya növü"": ""Li-lon"", ""Çıxarıla bilən batareya"": ""Yox"", ""Akselerometr"": ""Var"", ""Enerji yığma gücü"": ""45 Vt"", ""Batareyanın həcmi"": ""5000 mAh"", ""İstehsal ili"": ""2025"", ""Barmaq izi oxuyucusu"": ""Displeydə"", ""Korpusun materiali"": ""Titan və şüşə"", ""Komplektasiya"": ""Smartfon, Məlumat kitabçası"", ""Seriya"": ""Samsung Galaxy S25 Ultra"", ""Zəmanət"": ""12 ay"", ""Şəbəkə standartı"": ""5G"", ""Ekran"": ""6.9\""""}",https://kontakt.az/media/catalog/product/cache/a252e3db3d11365dd1457895056a5f34/t/m/tm-dg-sbp-1105-sm-3275_1_1.png|https://kontakt.az/media/catalog/product/cache/a252e3db3d11365dd1457895056a5f34/t/m/tm-dg-sbp-1105-sm-3264_2_2.png|https://kontakt.az/media/catalog/product/cache/a252e3db3d11365dd1457895056a5f34/t/m/tm-dg-sbp-1105-sm-3264_3_2.png|https://kontakt.az/media/catalog/product/cache/a252e3db3d11365dd1457895056a5f34/t/m/tm-dg-sbp-1105-sm-3275_4.png|https://kontakt.az/media/catalog/product/cache/a252e3db3d11365dd1457895056a5f34/t/m/tm-dg-sbp-1105-sm-3275_5.png|https://kontakt.az/media/catalog/product/cache/a252e3db3d11365dd1457895056a5f34/t/m/tm-dg-sbp-1105-sm-3275_6.png|https://kontakt.az/media/catalog/product/cache/a252e3db3d11365dd1457895056a5f34/t/m/tm-dg-sbp-1105-sm-3275_7.png,2025-10-28T14:00:36.127759
https://kontakt.az/samsung-galaxy-s25-sm-s936b-12-128-gb-mint,,Unknown,Samsung Galaxy S25+ (SM-S936B) 12/512 GB Mint,TM-DG-SBP-1105-SM-3276,,2199.99,350,0.0,Rəylər 0,In Stock,12 ay,"{""Brend"": ""Samsung"", ""Daxili yaddaş"": ""512 GB"", ""Operativ yaddaş"": ""12 GB"", ""Əsas kamera"": ""50 MP + 10 MP + 12 MP"", ""Ön kamera"": ""12 MP"", ""Nüvə sayı"": ""8"", ""SIM-kart növü"": ""Nano SIM + eSIM"", ""SIM-kart sayı"": ""2"", ""Prosessorun adı"": ""Qualcomm"", ""Əməliyyat sistemi"": ""Android"", ""Əməliyyat sistemin versiyası"": ""Android 15"", ""NFC"": ""Var"", ""Prosessorun növü"": ""Qualcomm Snapdragon 8 Elite for Galaxy"", ""Displey növü"": ""Dynamic AMOLED 2Х"", ""Simsiz enerji"": ""Var"", ""İnfraqırmızı port"": ""Yox"", ""Üz tanıma"": ""Var"", ""Sürətli enerji yığma"": ""Var"", ""Qorunma dərəcəsi"": ""IP68"", ""Görüntü imkanı"": ""3120 × 1440"", ""Ölçülər"": ""158.4 × 75.8 × 7.3 mm"", ""Yaddaş kartı dəstəyi"": ""Yox"", ""Barometr"": ""Var"", ""Giroskop"": ""Var"", ""İşıq sensoru"": ""Var"", ""Yaxınlaşdırma sensoru"": ""Var"", ""Optik sabitləşmə"": ""Var"", ""Video formatı"": ""8K / 4K / 1080p"", ""Bluetooth versiyası"": ""5.4"", ""Avtofokus əsas kamera"": ""Var"", ""Video icazəsi və kadr tezliyi"": ""8K - 1080p, 30-240 kadr/s"", ""Video asta çəkiliş"": ""Var"", ""Rəng"": ""Mint"", ""Enerji toplama növü"": ""USB Type-C"", ""Qulaqlıq interfeysi"": ""USB Type-C"", ""Batareya növü"": ""Li-lon"", ""Çıxarıla bilən batareya"": ""Yox"", ""Akselerometr"": ""Var"", ""Enerji yığma gücü"": ""45 Vt"", ""Batareyanın həcmi"": ""4900 mAh"", ""İstehsal ili"": ""2025"", ""Barmaq izi oxuyucusu"": ""Displeydə"", ""Korpusun materiali"": ""Alüminium və şüşə"", ""Komplektasiya"": ""Smartfon, USB-C kabeli, Məlumat kitabçası"", ""Seriya"": ""Samsung Galaxy S25+"", ""Zəmanət"": ""12 ay"", ""Şəbəkə standartı"": ""5G"", ""Ekran"": ""6.7\""""}",https://kontakt.az/media/catalog/product/cache/a252e3db3d11365dd1457895056a5f34/t/m/tm-dg-sbp-1105-sm-3276_1.png|https://kontakt.az/media/catalog/product/cache/a252e3db3d11365dd1457895056a5f34/t/m/tm-dg-sbp-1105-sm-3276_2.png|https://kontakt.az/media/catalog/product/cache/a252e3db3d11365dd1457895056a5f34/t/m/tm-dg-sbp-1105-sm-3276_3.png|https://kontakt.az/media/catalog/product/cache/a252e3db3d11365dd1457895056a5f34/t/m/tm-dg-sbp-1105-sm-3276_4.png|https://kontakt.az/media/catalog/product/cache/a252e3db3d11365dd1457895056a5f34/t/m/tm-dg-sbp-1105-sm-3276_5.png|https://kontakt.az/media/catalog/product/cache/a252e3db3d11365dd1457895056a5f34/t/m/tm-dg-sbp-1105-sm-3276_6.png|https://kontakt.az/media/catalog/product/cache/a252e3db3d11365dd1457895056a5f34/t/m/tm-dg-sbp-1105-sm-3276_7.png,2025-10-28T14:00:46.915844
https://kontakt.az/samsung-galaxy-s25-sm-s936b-12-128-gb-silver,,Unknown,Samsung Galaxy S25+ (SM-S936B) 12/512 GB Silver,TM-DG-SBP-1105-SM-3277,,2199.99,350,0.0,Rəylər 0,In Stock,12 ay,"{""Brend"": ""Samsung"", ""Daxili yaddaş"": ""512 GB"", ""Operativ yaddaş"": ""12 GB"", ""Əsas kamera"": ""50 MP + 10 MP + 12 MP"", ""Ön kamera"": ""12 MP"", ""Nüvə sayı"": ""8"", ""SIM-kart növü"": ""Nano SIM + eSIM"", ""SIM-kart sayı"": ""2"", ""Prosessorun adı"": ""Qualcomm"", ""Əməliyyat sistemi"": ""Android"", ""Əməliyyat sistemin versiyası"": ""Android 15"", ""NFC"": ""Var"", ""Prosessorun növü"": ""Qualcomm Snapdragon 8 Elite for Galaxy"", ""Displey növü"": ""Dynamic AMOLED 2Х"", ""Simsiz enerji"": ""Var"", ""İnfraqırmızı port"": ""Yox"", ""Üz tanıma"": ""Var"", ""Sürətli enerji yığma"": ""Var"", ""Qorunma dərəcəsi"": ""IP68"", ""Görüntü imkanı"": ""3120 × 1440"", ""Ölçülər"": ""158.4 × 75.8 × 7.3 mm"", ""Yaddaş kartı dəstəyi"": ""Yox"", ""Barometr"": ""Var"", ""Giroskop"": ""Var"", ""İşıq sensoru"": ""Var"", ""Yaxınlaşdırma sensoru"": ""Var"", ""Optik sabitləşmə"": ""Var"", ""Video formatı"": ""8K / 4K / 1080p"", ""Bluetooth versiyası"": ""5.4"", ""Avtofokus əsas kamera"": ""Var"", ""Video icazəsi və kadr tezliyi"": ""8K - 1080p, 30-240 kadr/s"", ""Video asta çəkiliş"": ""Var"", ""Rəng"": ""Silver"", ""Enerji toplama növü"": ""USB Type-C"", ""Qulaqlıq interfeysi"": ""USB Type-C"", ""Batareya növü"": ""Li-lon"", ""Çıxarıla bilən batareya"": ""Yox"", ""Akselerometr"": ""Var"", ""Enerji yığma gücü"": ""45 Vt"", ""Batareyanın həcmi"": ""4900 mAh"", ""İstehsal ili"": ""2025"", ""Barmaq izi oxuyucusu"": ""Displeydə"", ""Korpusun materiali"": ""Alüminium və şüşə"", ""Komplektasiya"": ""Smartfon, USB-C kabeli, Məlumat kitabçası"", ""Seriya"": ""Samsung Galaxy S25+"", ""Zəmanət"": ""12 ay"", ""Şəbəkə standartı"": ""5G"", ""Ekran"": ""6.7\""""}",https://kontakt.az/media/catalog/product/cache/a252e3db3d11365dd1457895056a5f34/t/m/tm-dg-sbp-1105-sm-3277_1.png|https://kontakt.az/media/catalog/product/cache/a252e3db3d11365dd1457895056a5f34/t/m/tm-dg-sbp-1105-sm-3277_2.png|https://kontakt.az/media/catalog/product/cache/a252e3db3d11365dd1457895056a5f34/t/m/tm-dg-sbp-1105-sm-3277_3.png|https://kontakt.az/media/catalog/product/cache/a252e3db3d11365dd1457895056a5f34/t/m/tm-dg-sbp-1105-sm-3277_4.png|https://kontakt.az/media/catalog/product/cache/a252e3db3d11365dd1457895056a5f34/t/m/tm-dg-sbp-1105-sm-3277_5.png|https://kontakt.az/media/catalog/product/cache/a252e3db3d11365dd1457895056a5f34/t/m/tm-dg-sbp-1105-sm-3277_6.png|https://kontakt.az/media/catalog/product/cache/a252e3db3d11365dd1457895056a5f34/t/m/tm-dg-sbp-1105-sm-3277_7.png,2025-10-28T14:00:59.397508
https://kontakt.az/samsung-galaxy-s25-sm-s936b-12-128-gb-icy-blue,,Unknown,Samsung Galaxy S25+ (SM-S936B) 12/512 GB Icyblue,TM-DG-SBP-1105-SM-3278,,2199.99,350,0.0,Rəylər 0,In Stock,12 ay,"{""Brend"": ""Samsung"", ""Daxili yaddaş"": ""512 GB"", ""Operativ yaddaş"": ""12 GB"", ""Əsas kamera"": ""50 MP + 10 MP + 12 MP"", ""Ön kamera"": ""12 MP"", ""Nüvə sayı"": ""8"", ""SIM-kart növü"": ""Nano SIM + eSIM"", ""SIM-kart sayı"": ""2"", ""Prosessorun adı"": ""Qualcomm"", ""Əməliyyat sistemi"": ""Android"", ""Əməliyyat sistemin versiyası"": ""Android 15"", ""NFC"": ""Var"", ""Prosessorun növü"": ""Qualcomm Snapdragon 8 Elite for Galaxy"", ""Displey növü"": ""Dynamic AMOLED 2Х"", ""Simsiz enerji"": ""Var"", ""İnfraqırmızı port"": ""Yox"", ""Üz tanıma"": ""Var"", ""Sürətli enerji yığma"": ""Var"", ""Qorunma dərəcəsi"": ""IP68"", ""Görüntü imkanı"": ""3120 × 1440"", ""Ölçülər"": ""158.4 × 75.8 × 7.3 mm"", ""Yaddaş kartı dəstəyi"": ""Yox"", ""Barometr"": ""Var"", ""Giroskop"": ""Var"", ""İşıq sensoru"": ""Var"", ""Yaxınlaşdırma sensoru"": ""Var"", ""Optik sabitləşmə"": ""Var"", ""Video formatı"": ""8K / 4K / 1080p"", ""Bluetooth versiyası"": ""5.4"", ""Avtofokus əsas kamera"": ""Var"", ""Video icazəsi və kadr tezliyi"": ""8K - 1080p, 30-240 kadr/s"", ""Video asta çəkiliş"": ""Var"", ""Rəng"": ""Icy Blue"", ""Enerji toplama növü"": ""USB Type-C"", ""Qulaqlıq interfeysi"": ""USB Type-C"", ""Batareya növü"": ""Li-lon"", ""Çıxarıla bilən batareya"": ""Yox"", ""Akselerometr"": ""Var"", ""Enerji yığma gücü"": ""45 Vt"", ""Batareyanın həcmi"": ""4900 mAh"", ""İstehsal ili"": ""2025"", ""Barmaq izi oxuyucusu"": ""Displeydə"", ""Korpusun materiali"": ""Alüminium və şüşə"", ""Komplektasiya"": ""Smartfon, USB-C kabeli, Məlumat kitabçası"", ""Seriya"": ""Samsung Galaxy S25+"", ""Zəmanət"": ""12 ay"", ""Şəbəkə standartı"": ""5G"", ""Ekran"": ""6.7\""""}",https://kontakt.az/media/catalog/product/cache/a252e3db3d11365dd1457895056a5f34/t/m/tm-dg-sbp-1105-sm-3278_1.png|https://kontakt.az/media/catalog/product/cache/a252e3db3d11365dd1457895056a5f34/t/m/tm-dg-sbp-1105-sm-3278_2.png|https://kontakt.az/media/catalog/product/cache/a252e3db3d11365dd1457895056a5f34/t/m/tm-dg-sbp-1105-sm-3278_3.png|https://kontakt.az/media/catalog/product/cache/a252e3db3d11365dd1457895056a5f34/t/m/tm-dg-sbp-1105-sm-3278_4.png|https://kontakt.az/media/catalog/product/cache/a252e3db3d11365dd1457895056a5f34/t/m/tm-dg-sbp-1105-sm-3278_5.png|https://kontakt.az/media/catalog/product/cache/a252e3db3d11365dd1457895056a5f34/t/m/tm-dg-sbp-1105-sm-3278_6.png|https://kontakt.az/media/catalog/product/cache/a252e3db3d11365dd1457895056a5f34/t/m/tm-dg-sbp-1105-sm-3278_7.png,2025-10-28T14:01:12.161291
https://kontakt.az/samsung-galaxy-s25-sm-s938b-ultra-12-128-gb-navy,,Unknown,Samsung Galaxy S25+ (SM-S936B) 12/512 GB Navy,TM-DG-SBP-1105-SM-3279,,2199.99,350,0.0,Rəylər 0,Pre-order / Out of Stock,12 ay,"{""Brend"": ""Samsung"", ""Daxili yaddaş"": ""512 GB"", ""Operativ yaddaş"": ""12 GB"", ""Əsas kamera"": ""50 MP + 10 MP + 12 MP"", ""Ön kamera"": ""12 MP"", ""Nüvə sayı"": ""8"", ""SIM-kart növü"": ""Nano SIM + eSIM"", ""SIM-kart sayı"": ""2"", ""Prosessorun adı"": ""Qualcomm"", ""Əməliyyat sistemi"": ""Android"", ""Əməliyyat sistemin versiyası"": ""Android 15"", ""NFC"": ""Var"", ""Prosessorun növü"": ""Qualcomm Snapdragon 8 Elite"", ""Displey növü"": ""Dynamic AMOLED 2Х"", ""Simsiz enerji"": ""Var"", ""İnfraqırmızı port"": ""Yox"", ""Üz tanıma"": ""Var"", ""Sürətli enerji yığma"": ""Var"", ""Qorunma dərəcəsi"": ""IP68"", ""Görüntü imkanı"": ""3120 × 1440"", ""Ölçülər"": ""158.4 × 75.8 × 7.3 mm"", ""Yaddaş kartı dəstəyi"": ""Yox"", ""Barometr"": ""Var"", ""Giroskop"": ""Var"", ""İşıq sensoru"": ""Var"", ""Yaxınlaşdırma sensoru"": ""Var"", ""Optik sabitləşmə"": ""Var"", ""Video formatı"": ""8K / 4K / 1080p"", ""Bluetooth versiyası"": ""5.4"", ""Avtofokus əsas kamera"": ""Var"", ""Video icazəsi və kadr tezliyi"": ""8K - 1080p, 30-240 kadr/s"", ""Video asta çəkiliş"": ""Var"", ""Rəng"": ""Navy"", ""Enerji toplama növü"": ""USB Type-C"", ""Qulaqlıq interfeysi"": ""USB Type-C"", ""Batareya növü"": ""Li-lon"", ""Çıxarıla bilən batareya"": ""Yox"", ""Akselerometr"": ""Var"", ""Enerji yığma gücü"": ""45 Vt"", ""Batareyanın həcmi"": ""4900 mAh"", ""İstehsal ili"": ""2025"", ""Barmaq izi oxuyucusu"": ""Displeydə"", ""Korpusun materiali"": ""Alüminium və şüşə"", ""Komplektasiya"": ""Smartfon, USB-C kabeli, Məlumat kitabçası"", ""Seriya"": ""Samsung Galaxy S25+"", ""Zəmanət"": ""12 ay"", ""Şəbəkə standartı"": ""5G"", ""Ekran"": ""6.7\""""}",https://kontakt.az/media/catalog/product/cache/a252e3db3d11365dd1457895056a5f34/t/m/tm-dg-sbp-1105-sm-3283_14_1.png|https://kontakt.az/media/catalog/product/cache/a252e3db3d11365dd1457895056a5f34/t/m/tm-dg-sbp-1105-sm-3283_16_1.png|https://kontakt.az/media/catalog/product/cache/a252e3db3d11365dd1457895056a5f34/t/m/tm-dg-sbp-1105-sm-3283_13521_1_1.png|https://kontakt.az/media/catalog/product/cache/a252e3db3d11365dd1457895056a5f34/t/m/tm-dg-sbp-1105-sm-3279_6.png|https://kontakt.az/media/catalog/product/cache/a252e3db3d11365dd1457895056a5f34/t/m/tm-dg-sbp-1105-sm-3283_36532_1.png|https://kontakt.az/media/catalog/product/cache/a252e3db3d11365dd1457895056a5f34/t/m/tm-dg-sbp-1105-sm-3279_7.png|https://kontakt.az/media/catalog/product/cache/a252e3db3d11365dd1457895056a5f34/t/m/tm-dg-sbp-1105-sm-3283_154_1.png|https://kontakt.az/media/catalog/product/cache/a252e3db3d11365dd1457895056a5f34/t/m/tm-dg-sbp-1105-sm-3279_8.png|https://kontakt.az/media/catalog/product/cache/a252e3db3d11365dd1457895056a5f34/t/m/tm-dg-sbp-1105-sm-3279_9.png,2025-10-28T14:01:24.114709
https://kontakt.az/samsung-galaxy-s25-sm-s936b-12-256-gb-mint,,Unknown,Samsung Galaxy S25+ (SM-S936B) 12/256 GB Mint,TM-DG-SBP-1105-SM-3280,,1999.99,300,0.0,Rəylər 0,Pre-order / Out of Stock,12 ay,"{""Brend"": ""Samsung"", ""Daxili yaddaş"": ""256 GB"", ""Operativ yaddaş"": ""12 GB"", ""Əsas kamera"": ""50 MP + 10 MP + 12 MP"", ""Ön kamera"": ""12 MP"", ""Nüvə sayı"": ""8"", ""SIM-kart növü"": ""Nano SIM + eSIM"", ""SIM-kart sayı"": ""2"", ""Prosessorun adı"": ""Qualcomm"", ""Əməliyyat sistemi"": ""Android"", ""Əməliyyat sistemin versiyası"": ""Android 15"", ""NFC"": ""Var"", ""Prosessorun növü"": ""Qualcomm Snapdragon 8 Elite for Galaxy"", ""Displey növü"": ""Dynamic AMOLED 2Х"", ""Simsiz enerji"": ""Var"", ""İnfraqırmızı port"": ""Yox"", ""Üz tanıma"": ""Var"", ""Sürətli enerji yığma"": ""Var"", ""Qorunma dərəcəsi"": ""IP68"", ""Görüntü imkanı"": ""3120 × 1440"", ""Ölçülər"": ""158.4 × 75.8 × 7.3 mm"", ""Yaddaş kartı dəstəyi"": ""Yox"", ""Barometr"": ""Var"", ""Giroskop"": ""Var"", ""İşıq sensoru"": ""Var"", ""Yaxınlaşdırma sensoru"": ""Var"", ""Optik sabitləşmə"": ""Var"", ""Video formatı"": ""8K / 4K / 1080p"", ""Bluetooth versiyası"": ""5.4"", ""Avtofokus əsas kamera"": ""Var"", ""Video icazəsi və kadr tezliyi"": ""8K - 1080p, 30-240 kadr/s"", ""Video asta çəkiliş"": ""Var"", ""Rəng"": ""Mint"", ""Enerji toplama növü"": ""USB Type-C"", ""Qulaqlıq interfeysi"": ""USB Type-C"", ""Batareya növü"": ""Li-lon"", ""Çıxarıla bilən batareya"": ""Yox"", ""Akselerometr"": ""Var"", ""Enerji yığma gücü"": ""45 Vt"", ""Batareyanın həcmi"": ""4900 mAh"", ""İstehsal ili"": ""2025"", ""Barmaq izi oxuyucusu"": ""Displeydə"", ""Korpusun materiali"": ""Alüminium və şüşə"", ""Komplektasiya"": ""Smartfon, USB-C kabeli, Məlumat kitabçası"", ""Seriya"": ""Samsung Galaxy S25+"", ""Zəmanət"": ""12 ay"", ""Şəbəkə standartı"": ""5G"", ""Ekran"": ""6.7\""""}",https://kontakt.az/media/catalog/product/cache/a252e3db3d11365dd1457895056a5f34/t/m/tm-dg-sbp-1105-sm-3276_1_1.png|https://kontakt.az/media/catalog/product/cache/a252e3db3d11365dd1457895056a5f34/t/m/tm-dg-sbp-1105-sm-3276_3_1.png|https://kontakt.az/media/catalog/product/cache/a252e3db3d11365dd1457895056a5f34/t/m/tm-dg-sbp-1105-sm-3276_2_1.png|https://kontakt.az/media/catalog/product/cache/a252e3db3d11365dd1457895056a5f34/t/m/tm-dg-sbp-1105-sm-3280_4.png|https://kontakt.az/media/catalog/product/cache/a252e3db3d11365dd1457895056a5f34/t/m/tm-dg-sbp-1105-sm-3280_5.png|https://kontakt.az/media/catalog/product/cache/a252e3db3d11365dd1457895056a5f34/t/m/tm-dg-sbp-1105-sm-3280_6.png|https://kontakt.az/media/catalog/product/cache/a252e3db3d11365dd1457895056a5f34/t/m/tm-dg-sbp-1105-sm-3280_7.png|https://kontakt.az/media/catalog/product/cache/a252e3db3d11365dd1457895056a5f34/t/m/tm-dg-sbp-1105-sm-3280_8.png|https://kontakt.az/media/catalog/product/cache/a252e3db3d11365dd1457895056a5f34/t/m/tm-dg-sbp-1105-sm-3280_9.png,2025-10-28T14:01:37.852128
https://kontakt.az/samsung-galaxy-s25-sm-s936b-12-256-gb-silver,,Unknown,Samsung Galaxy S25+ (SM-S936B) 12/256 GB Silver,TM-DG-SBP-1105-SM-3281,,1999.99,300,0.0,Rəylər 0,In Stock,12 ay,"{""Brend"": ""Samsung"", ""Daxili yaddaş"": ""256 GB"", ""Operativ yaddaş"": ""12 GB"", ""Əsas kamera"": ""50 MP + 10 MP + 12 MP"", ""Ön kamera"": ""12 MP"", ""Nüvə sayı"": ""8"", ""SIM-kart növü"": ""Nano SIM + eSIM"", ""SIM-kart sayı"": ""2"", ""Prosessorun adı"": ""Qualcomm"", ""Əməliyyat sistemi"": ""Android"", ""Əməliyyat sistemin versiyası"": ""Android 15"", ""NFC"": ""Var"", ""Prosessorun növü"": ""Qualcomm Snapdragon 8 Elite for Galaxy"", ""Displey növü"": ""Dynamic AMOLED 2Х"", ""Simsiz enerji"": ""Var"", ""İnfraqırmızı port"": ""Yox"", ""Üz tanıma"": ""Var"", ""Sürətli enerji yığma"": ""Var"", ""Qorunma dərəcəsi"": ""IP68"", ""Görüntü imkanı"": ""3120 × 1440"", ""Ölçülər"": ""158.4 × 75.8 × 7.3 mm"", ""Yaddaş kartı dəstəyi"": ""Yox"", ""Barometr"": ""Var"", ""Giroskop"": ""Var"", ""İşıq sensoru"": ""Var"", ""Yaxınlaşdırma sensoru"": ""Var"", ""Optik sabitləşmə"": ""Var"", ""Video formatı"": ""8K / 4K / 1080p"", ""Bluetooth versiyası"": ""5.4"", ""Avtofokus əsas kamera"": ""Var"", ""Video icazəsi və kadr tezliyi"": ""8K - 1080p, 30-240 kadr/s"", ""Video asta çəkiliş"": ""Var"", ""Rəng"": ""Silver"", ""Enerji toplama növü"": ""USB Type-C"", ""Qulaqlıq interfeysi"": ""USB Type-C"", ""Batareya növü"": ""Li-lon"", ""Çıxarıla bilən batareya"": ""Yox"", ""Akselerometr"": ""Var"", ""Enerji yığma gücü"": ""45 Vt"", ""Batareyanın həcmi"": ""4900 mAh"", ""İstehsal ili"": ""2025"", ""Barmaq izi oxuyucusu"": ""Displeydə"", ""Korpusun materiali"": ""Alüminium və şüşə"", ""Komplektasiya"": ""Smartfon, USB-C kabeli, Məlumat kitabçası"", ""Seriya"": ""Samsung Galaxy S25+"", ""Zəmanət"": ""12 ay"", ""Şəbəkə standartı"": ""5G"", ""Ekran"": ""6.7\""""}",https://kontakt.az/media/catalog/product/cache/a252e3db3d11365dd1457895056a5f34/t/m/tm-dg-sbp-1105-sm-3281_13.png|https://kontakt.az/media/catalog/product/cache/a252e3db3d11365dd1457895056a5f34/t/m/tm-dg-sbp-1105-sm-3281_14.png|https://kontakt.az/media/catalog/product/cache/a252e3db3d11365dd1457895056a5f34/t/m/tm-dg-sbp-1105-sm-3281_3_1.png|https://kontakt.az/media/catalog/product/cache/a252e3db3d11365dd1457895056a5f34/t/m/tm-dg-sbp-1105-sm-3281_4.png|https://kontakt.az/media/catalog/product/cache/a252e3db3d11365dd1457895056a5f34/t/m/tm-dg-sbp-1105-sm-3281_55.png|https://kontakt.az/media/catalog/product/cache/a252e3db3d11365dd1457895056a5f34/t/m/tm-dg-sbp-1105-sm-3281_5.png|https://kontakt.az/media/catalog/product/cache/a252e3db3d11365dd1457895056a5f34/t/m/tm-dg-sbp-1105-sm-3281_77.png|https://kontakt.az/media/catalog/product/cache/a252e3db3d11365dd1457895056a5f34/t/m/tm-dg-sbp-1105-sm-3281_6.png|https://kontakt.az/media/catalog/product/cache/a252e3db3d11365dd1457895056a5f34/t/m/tm-dg-sbp-1105-sm-3281_7.png,2025-10-28T14:01:52.187522
https://kontakt.az/samsung-galaxy-s25-sm-s936b-12-256-gb-navy,,Unknown,Samsung Galaxy S25+ (SM-S936B) 12/256 GB Navy,TM-DG-SBP-1105-SM-3283,,1999.99,300,0.0,Rəylər 0,Pre-order / Out of Stock,12 ay,"{""Brend"": ""Samsung"", ""Daxili yaddaş"": ""256 GB"", ""Operativ yaddaş"": ""12 GB"", ""Əsas kamera"": ""50 MP + 10 MP + 12 MP"", ""Ön kamera"": ""12 MP"", ""Nüvə sayı"": ""8"", ""SIM-kart növü"": ""Nano SIM + eSIM"", ""SIM-kart sayı"": ""2"", ""Prosessorun adı"": ""Qualcomm"", ""Əməliyyat sistemi"": ""Android"", ""Əməliyyat sistemin versiyası"": ""Android 15"", ""NFC"": ""Var"", ""Prosessorun növü"": ""Qualcomm Snapdragon 8 Elite for Galaxy"", ""Displey növü"": ""Dynamic AMOLED 2Х"", ""Simsiz enerji"": ""Var"", ""İnfraqırmızı port"": ""Yox"", ""Üz tanıma"": ""Var"", ""Sürətli enerji yığma"": ""Var"", ""Qorunma dərəcəsi"": ""IP68"", ""Görüntü imkanı"": ""3120 × 1440"", ""Ölçülər"": ""158.4 × 75.8 × 7.3 mm"", ""Yaddaş kartı dəstəyi"": ""Yox"", ""Barometr"": ""Var"", ""Giroskop"": ""Var"", ""İşıq sensoru"": ""Var"", ""Yaxınlaşdırma sensoru"": ""Var"", ""Optik sabitləşmə"": ""Var"", ""Video formatı"": ""8K / 4K / 1080p"", ""Bluetooth versiyası"": ""5.4"", ""Avtofokus əsas kamera"": ""Var"", ""Video icazəsi və kadr tezliyi"": ""8K - 1080p, 30-240 kadr/s"", ""Video asta çəkiliş"": ""Var"", ""Rəng"": ""Navy"", ""Enerji toplama növü"": ""USB Type-C"", ""Qulaqlıq interfeysi"": ""USB Type-C"", ""Batareya növü"": ""Li-lon"", ""Çıxarıla bilən batareya"": ""Yox"", ""Akselerometr"": ""Var"", ""Enerji yığma gücü"": ""45 Vt"", ""Batareyanın həcmi"": ""4900 mAh"", ""İstehsal ili"": ""2025"", ""Barmaq izi oxuyucusu"": ""Displeydə"", ""Korpusun materiali"": ""Alüminium və şüşə"", ""Komplektasiya"": ""Smartfon, USB-C kabeli, Məlumat kitabçası"", ""Seriya"": ""Samsung Galaxy S25+"", ""Zəmanət"": ""12 ay"", ""Şəbəkə standartı"": ""5G"", ""Ekran"": ""6.7\""""}",https://kontakt.az/media/catalog/product/cache/a252e3db3d11365dd1457895056a5f34/t/m/tm-dg-sbp-1105-sm-3283_14.png|https://kontakt.az/media/catalog/product/cache/a252e3db3d11365dd1457895056a5f34/t/m/tm-dg-sbp-1105-sm-3283_16.png|https://kontakt.az/media/catalog/product/cache/a252e3db3d11365dd1457895056a5f34/t/m/tm-dg-sbp-1105-sm-3283_13521_1.png|https://kontakt.az/media/catalog/product/cache/a252e3db3d11365dd1457895056a5f34/t/m/tm-dg-sbp-1105-sm-3283_36532.png|https://kontakt.az/media/catalog/product/cache/a252e3db3d11365dd1457895056a5f34/t/m/tm-dg-sbp-1105-sm-3283_154.png|https://kontakt.az/media/catalog/product/cache/a252e3db3d11365dd1457895056a5f34/t/m/tm-dg-sbp-1105-sm-3283_6.png|https://kontakt.az/media/catalog/product/cache/a252e3db3d11365dd1457895056a5f34/t/m/tm-dg-sbp-1105-sm-3283_7.png|https://kontakt.az/media/catalog/product/cache/a252e3db3d11365dd1457895056a5f34/t/m/tm-dg-sbp-1105-sm-3283_8.png|https://kontakt.az/media/catalog/product/cache/a252e3db3d11365dd1457895056a5f34/t/m/tm-dg-sbp-1105-sm-3283_9.png,2025-10-28T14:02:06.951493
https://kontakt.az/samsung-galaxy-s25-sm-s931b-12-256-gb-mint,,Unknown,Samsung Galaxy S25 (SM-S931B) 12/256 GB Mint,TM-DG-SBP-1105-SM-3284,,1799.99,250,0.0,Rəylər 0,In Stock,12 ay,"{""Brend"": ""Samsung"", ""Daxili yaddaş"": ""256 GB"", ""Operativ yaddaş"": ""12 GB"", ""Əsas kamera"": ""50 MP + 10 MP + 12 MP"", ""Ön kamera"": ""12 MP"", ""Nüvə sayı"": ""8"", ""SIM-kart növü"": ""Nano SIM + eSIM"", ""SIM-kart sayı"": ""2"", ""Prosessorun adı"": ""Qualcomm"", ""Əməliyyat sistemi"": ""Android"", ""Əməliyyat sistemin versiyası"": ""Android 15"", ""NFC"": ""-"", ""Prosessorun növü"": ""Qualcomm Snapdragon 8 Elite Mobile"", ""Displey növü"": ""Dynamic AMOLED 2Х"", ""Simsiz enerji"": ""Var"", ""İnfraqırmızı port"": ""Yox"", ""Üz tanıma"": ""Var"", ""Sürətli enerji yığma"": ""Var"", ""Qorunma dərəcəsi"": ""IP68"", ""Görüntü imkanı"": ""2340 × 1080"", ""Ölçülər"": ""146.9 × 70.5 × 7.2 mm"", ""Yaddaş kartı dəstəyi"": ""Yox"", ""Barometr"": ""Var"", ""Giroskop"": ""Var"", ""İşıq sensoru"": ""Var"", ""Yaxınlaşdırma sensoru"": ""Var"", ""Optik sabitləşmə"": ""Var"", ""Video formatı"": ""8K / 4K / 1080p"", ""Bluetooth versiyası"": ""5.4"", ""Avtofokus əsas kamera"": ""Var"", ""Video icazəsi və kadr tezliyi"": ""8K - 1080p, 30-240 kadr/s"", ""Video asta çəkiliş"": ""Var"", ""Rəng"": ""Mint"", ""Enerji toplama növü"": ""USB Type-C"", ""Qulaqlıq interfeysi"": ""USB Type-C"", ""Batareya növü"": ""Li-lon"", ""Çıxarıla bilən batareya"": ""Yox"", ""Akselerometr"": ""Var"", ""Enerji yığma gücü"": ""25 Vt"", ""Batareyanın həcmi"": ""4000 mAh"", ""İstehsal ili"": ""2025"", ""Barmaq izi oxuyucusu"": ""Displeydə"", ""Korpusun materiali"": ""Alüminium və şüşə"", ""Komplektasiya"": ""Smartfon, USB-C kabeli, Məlumat kitabçası"", ""Seriya"": ""Samsung Galaxy S25"", ""Zəmanət"": ""12 ay"", ""Şəbəkə standartı"": ""5G"", ""Ekran"": ""6.2\""""}",https://kontakt.az/media/catalog/product/cache/a252e3db3d11365dd1457895056a5f34/t/m/tm-dg-sbp-1105-sm-3284_1.png|https://kontakt.az/media/catalog/product/cache/a252e3db3d11365dd1457895056a5f34/t/m/tm-dg-sbp-1105-sm-3284_2.png|https://kontakt.az/media/catalog/product/cache/a252e3db3d11365dd1457895056a5f34/t/m/tm-dg-sbp-1105-sm-3284_3.png|https://kontakt.az/media/catalog/product/cache/a252e3db3d11365dd1457895056a5f34/t/m/tm-dg-sbp-1105-sm-3284_4.png|https://kontakt.az/media/catalog/product/cache/a252e3db3d11365dd1457895056a5f34/t/m/tm-dg-sbp-1105-sm-3284_5.png|https://kontakt.az/media/catalog/product/cache/a252e3db3d11365dd1457895056a5f34/t/m/tm-dg-sbp-1105-sm-3284_6.png|https://kontakt.az/media/catalog/product/cache/a252e3db3d11365dd1457895056a5f34/t/m/tm-dg-sbp-1105-sm-3284_7.png|https://kontakt.az/media/catalog/product/cache/a252e3db3d11365dd1457895056a5f34/t/m/tm-dg-sbp-1105-sm-3284_8.png|https://kontakt.az/media/catalog/product/cache/a252e3db3d11365dd1457895056a5f34/t/m/tm-dg-sbp-1105-sm-3284_9.png,2025-10-28T14:02:20.196460
https://kontakt.az/samsung-galaxy-s25-sm-s931b-12-256-gb-silver,,Unknown,Samsung Galaxy S25 (SM-S931B) 12/256 GB Silver,TM-DG-SBP-1105-SM-3285,,1799.99,250,0.0,Rəylər 0,In Stock,12 ay,"{""Brend"": ""Samsung"", ""Daxili yaddaş"": ""256 GB"", ""Operativ yaddaş"": ""12 GB"", ""Əsas kamera"": ""50 MP + 10 MP + 12 MP"", ""Ön kamera"": ""12 MP"", ""Nüvə sayı"": ""8"", ""SIM-kart növü"": ""Nano SIM + eSIM"", ""SIM-kart sayı"": ""2"", ""Prosessorun adı"": ""Qualcomm"", ""Əməliyyat sistemi"": ""Android"", ""Əməliyyat sistemin versiyası"": ""Android 15"", ""NFC"": ""-"", ""Prosessorun növü"": ""Qualcomm Snapdragon 8 Elite for Galaxy"", ""Displey növü"": ""Dynamic AMOLED 2Х"", ""Simsiz enerji"": ""Var"", ""İnfraqırmızı port"": ""Yox"", ""Üz tanıma"": ""Var"", ""Sürətli enerji yığma"": ""Var"", ""Qorunma dərəcəsi"": ""IP68"", ""Görüntü imkanı"": ""2340 × 1080"", ""Ölçülər"": ""146.9 × 70.5 × 7.2 mm"", ""Yaddaş kartı dəstəyi"": ""Yox"", ""Barometr"": ""Var"", ""Giroskop"": ""Var"", ""İşıq sensoru"": ""Var"", ""Yaxınlaşdırma sensoru"": ""Var"", ""Optik sabitləşmə"": ""Var"", ""Video formatı"": ""8K / 4K / 1080p"", ""Bluetooth versiyası"": ""5.4"", ""Avtofokus əsas kamera"": ""Var"", ""Video icazəsi və kadr tezliyi"": ""8K - 1080p, 30-240 kadr/s"", ""Video asta çəkiliş"": ""Var"", ""Rəng"": ""Silver"", ""Enerji toplama növü"": ""USB Type-C"", ""Qulaqlıq interfeysi"": ""USB Type-C"", ""Batareya növü"": ""Li-lon"", ""Çıxarıla bilən batareya"": ""Yox"", ""Akselerometr"": ""Var"", ""Enerji yığma gücü"": ""25 Vt"", ""Batareyanın həcmi"": ""4000 mAh"", ""İstehsal ili"": ""2025"", ""Barmaq izi oxuyucusu"": ""Displeydə"", ""Korpusun materiali"": ""Alüminium və şüşə"", ""Komplektasiya"": ""Smartfon, USB-C kabeli, Məlumat kitabçası"", ""Seriya"": ""Samsung Galaxy S25"", ""Zəmanət"": ""12 ay"", ""Şəbəkə standartı"": ""5G"", ""Ekran"": ""6.2\""""}",https://kontakt.az/media/catalog/product/cache/a252e3db3d11365dd1457895056a5f34/t/m/tm-dg-sbp-1105-sm-3285_1.png|https://kontakt.az/media/catalog/product/cache/a252e3db3d11365dd1457895056a5f34/t/m/tm-dg-sbp-1105-sm-3285_2.png|https://kontakt.az/media/catalog/product/cache/a252e3db3d11365dd1457895056a5f34/t/m/tm-dg-sbp-1105-sm-3285_3.png|https://kontakt.az/media/catalog/product/cache/a252e3db3d11365dd1457895056a5f34/t/m/tm-dg-sbp-1105-sm-3285_4.png|https://kontakt.az/media/catalog/product/cache/a252e3db3d11365dd1457895056a5f34/t/m/tm-dg-sbp-1105-sm-3285_5.png|https://kontakt.az/media/catalog/product/cache/a252e3db3d11365dd1457895056a5f34/t/m/tm-dg-sbp-1105-sm-3285_6.png|https://kontakt.az/media/catalog/product/cache/a252e3db3d11365dd1457895056a5f34/t/m/tm-dg-sbp-1105-sm-3285_7.png|https://kontakt.az/media/catalog/product/cache/a252e3db3d11365dd1457895056a5f34/t/m/tm-dg-sbp-1105-sm-3285_8.png|https://kontakt.az/media/catalog/product/cache/a252e3db3d11365dd1457895056a5f34/t/m/tm-dg-sbp-1105-sm-3285_9.png,2025-10-28T14:02:34.300931
https://kontakt.az/samsung-galaxy-s25-sm-s931b-12-256-gb-icy-blue,,Unknown,Samsung Galaxy S25 (SM-S931B) 12/256 GB Icyblue,TM-DG-SBP-1105-SM-3286,,1799.99,250,0.0,Rəylər 0,In Stock,12 ay,"{""Brend"": ""Samsung"", ""Daxili yaddaş"": ""256 GB"", ""Operativ yaddaş"": ""12 GB"", ""Əsas kamera"": ""50 MP + 10 MP + 12 MP"", ""Ön kamera"": ""12 MP"", ""Nüvə sayı"": ""8"", ""SIM-kart növü"": ""Nano SIM + eSIM"", ""SIM-kart sayı"": ""2"", ""Prosessorun adı"": ""Qualcomm"", ""Əməliyyat sistemi"": ""Android"", ""Əməliyyat sistemin versiyası"": ""Android 15"", ""NFC"": ""-"", ""Prosessorun növü"": ""Qualcomm Snapdragon 8 Elite for Galaxy"", ""Displey növü"": ""Dynamic AMOLED 2Х"", ""Simsiz enerji"": ""Var"", ""İnfraqırmızı port"": ""Yox"", ""Üz tanıma"": ""Var"", ""Sürətli enerji yığma"": ""Var"", ""Qorunma dərəcəsi"": ""IP68"", ""Görüntü imkanı"": ""2340 × 1080"", ""Ölçülər"": ""146.9 × 70.5 × 7.2 mm"", ""Yaddaş kartı dəstəyi"": ""Yox"", ""Barometr"": ""Var"", ""Giroskop"": ""Var"", ""İşıq sensoru"": ""Var"", ""Yaxınlaşdırma sensoru"": ""Var"", ""Optik sabitləşmə"": ""Var"", ""Video formatı"": ""8K / 4K / 1080p"", ""Bluetooth versiyası"": ""5.4"", ""Avtofokus əsas kamera"": ""Var"", ""Video icazəsi və kadr tezliyi"": ""8K - 1080p, 30-240 kadr/s"", ""Video asta çəkiliş"": ""Var"", ""Rəng"": ""Icy Blue"", ""Enerji toplama növü"": ""USB Type-C"", ""Qulaqlıq interfeysi"": ""USB Type-C"", ""Batareya növü"": ""Li-lon"", ""Çıxarıla bilən batareya"": ""Yox"", ""Akselerometr"": ""Var"", ""Enerji yığma gücü"": ""25 Vt"", ""Batareyanın həcmi"": ""4000 mAh"", ""İstehsal ili"": ""2025"", ""Barmaq izi oxuyucusu"": ""Displeydə"", ""Korpusun materiali"": ""Alüminium və şüşə"", ""Komplektasiya"": ""Smartfon, USB-C kabeli, Məlumat kitabçası"", ""Seriya"": ""Samsung Galaxy S25"", ""Zəmanət"": ""12 ay"", ""Şəbəkə standartı"": ""5G"", ""Ekran"": ""6.2\""""}",https://kontakt.az/media/catalog/product/cache/a252e3db3d11365dd1457895056a5f34/t/m/tm-dg-sbp-1105-sm-3286_1.png|https://kontakt.az/media/catalog/product/cache/a252e3db3d11365dd1457895056a5f34/t/m/tm-dg-sbp-1105-sm-3286_2.png|https://kontakt.az/media/catalog/product/cache/a252e3db3d11365dd1457895056a5f34/t/m/tm-dg-sbp-1105-sm-3286_3.png|https://kontakt.az/media/catalog/product/cache/a252e3db3d11365dd1457895056a5f34/t/m/tm-dg-sbp-1105-sm-3286_4.png|https://kontakt.az/media/catalog/product/cache/a252e3db3d11365dd1457895056a5f34/t/m/tm-dg-sbp-1105-sm-3286_5.png|https://kontakt.az/media/catalog/product/cache/a252e3db3d11365dd1457895056a5f34/t/m/tm-dg-sbp-1105-sm-3286_6.png|https://kontakt.az/media/catalog/product/cache/a252e3db3d11365dd1457895056a5f34/t/m/tm-dg-sbp-1105-sm-3286_7.png|https://kontakt.az/media/catalog/product/cache/a252e3db3d11365dd1457895056a5f34/t/m/tm-dg-sbp-1105-sm-3286_8.png|https://kontakt.az/media/catalog/product/cache/a252e3db3d11365dd1457895056a5f34/t/m/tm-dg-sbp-1105-sm-3286_9.png,2025-10-28T14:02:45.953182
https://kontakt.az/samsung-galaxy-s25-sm-s931b-12-256-gb-navy,,Unknown,Samsung Galaxy S25 (SM-S931B) 12/256 GB Navy,TM-DG-SBP-1105-SM-3287,,1799.99,250,0.0,Rəylər 0,In Stock,12 ay,"{""Brend"": ""Samsung"", ""Daxili yaddaş"": ""256 GB"", ""Operativ yaddaş"": ""12 GB"", ""Əsas kamera"": ""50 MP + 10 MP + 12 MP"", ""Ön kamera"": ""12 MP"", ""Nüvə sayı"": ""8"", ""SIM-kart növü"": ""Nano SIM + eSIM"", ""SIM-kart sayı"": ""2"", ""Prosessorun adı"": ""Qualcomm"", ""Əməliyyat sistemi"": ""Android"", ""Əməliyyat sistemin versiyası"": ""Android 15"", ""NFC"": ""-"", ""Prosessorun növü"": ""Qualcomm Snapdragon 8 Elite for Galaxy"", ""Displey növü"": ""Dynamic AMOLED 2Х"", ""Simsiz enerji"": ""Var"", ""İnfraqırmızı port"": ""Yox"", ""Üz tanıma"": ""Var"", ""Sürətli enerji yığma"": ""Var"", ""Qorunma dərəcəsi"": ""IP68"", ""Görüntü imkanı"": ""2340 × 1080"", ""Ölçülər"": ""146.9 × 70.5 × 7.2 mm"", ""Yaddaş kartı dəstəyi"": ""Yox"", ""Barometr"": ""Var"", ""Giroskop"": ""Var"", ""İşıq sensoru"": ""Var"", ""Yaxınlaşdırma sensoru"": ""Var"", ""Optik sabitləşmə"": ""Var"", ""Video formatı"": ""8K / 4K / 1080p"", ""Bluetooth versiyası"": ""5.4"", ""Avtofokus əsas kamera"": ""Var"", ""Video icazəsi və kadr tezliyi"": ""8K - 1080p, 30-240 kadr/s"", ""Video asta çəkiliş"": ""Var"", ""Rəng"": ""Navy"", ""Enerji toplama növü"": ""USB Type-C"", ""Qulaqlıq interfeysi"": ""USB Type-C"", ""Batareya növü"": ""Li-lon"", ""Çıxarıla bilən batareya"": ""Yox"", ""Akselerometr"": ""Var"", ""Enerji yığma gücü"": ""25 Vt"", ""Batareyanın həcmi"": ""4000 mAh"", ""İstehsal ili"": ""2025"", ""Barmaq izi oxuyucusu"": ""Displeydə"", ""Korpusun materiali"": ""Alüminium və şüşə"", ""Komplektasiya"": ""Smartfon, USB-C kabeli, Məlumat kitabçası"", ""Seriya"": ""Samsung Galaxy S25"", ""Zəmanət"": ""12 ay"", ""Şəbəkə standartı"": ""5G"", ""Ekran"": ""6.2\""""}",https://kontakt.az/media/catalog/product/cache/a252e3db3d11365dd1457895056a5f34/t/m/tm-dg-sbp-1105-sm-3287_1.png|https://kontakt.az/media/catalog/product/cache/a252e3db3d11365dd1457895056a5f34/t/m/tm-dg-sbp-1105-sm-3287_2.png|https://kontakt.az/media/catalog/product/cache/a252e3db3d11365dd1457895056a5f34/t/m/tm-dg-sbp-1105-sm-3287_3.png|https://kontakt.az/media/catalog/product/cache/a252e3db3d11365dd1457895056a5f34/t/m/tm-dg-sbp-1105-sm-3287_4.png|https://kontakt.az/media/catalog/product/cache/a252e3db3d11365dd1457895056a5f34/t/m/tm-dg-sbp-1105-sm-3287_5.png|https://kontakt.az/media/catalog/product/cache/a252e3db3d11365dd1457895056a5f34/t/m/tm-dg-sbp-1105-sm-3287_6.png|https://kontakt.az/media/catalog/product/cache/a252e3db3d11365dd1457895056a5f34/t/m/tm-dg-sbp-1105-sm-3287_7.png|https://kontakt.az/media/catalog/product/cache/a252e3db3d11365dd1457895056a5f34/t/m/tm-dg-sbp-1105-sm-3287_8.png|https://kontakt.az/media/catalog/product/cache/a252e3db3d11365dd1457895056a5f34/t/m/tm-dg-sbp-1105-sm-3287_9.png,2025-10-28T14:03:00.788198
https://kontakt.az/samsung-galaxy-s25-sm-s931b-12-128-gb-mint,,Unknown,Samsung Galaxy S25 (SM-S931B) 12/128 GB Mint,TM-DG-SBP-1105-SM-3288,,1649.99,250,0.0,Rəylər 0,Pre-order / Out of Stock,12 ay,"{""Brend"": ""Samsung"", ""Daxili yaddaş"": ""128 GB"", ""Operativ yaddaş"": ""12 GB"", ""Əsas kamera"": ""50 MP + 10 MP + 12 MP"", ""Ön kamera"": ""12 MP"", ""Nüvə sayı"": ""8"", ""SIM-kart növü"": ""Nano SIM + eSIM"", ""SIM-kart sayı"": ""2"", ""Prosessorun adı"": ""Qualcomm"", ""Əməliyyat sistemi"": ""Android"", ""Əməliyyat sistemin versiyası"": ""Android 15"", ""NFC"": ""-"", ""Prosessorun növü"": ""Qualcomm Snapdragon 8 Elite for Galaxy"", ""Displey növü"": ""Dynamic AMOLED 2Х"", ""Simsiz enerji"": ""Var"", ""İnfraqırmızı port"": ""Yox"", ""Üz tanıma"": ""Var"", ""Sürətli enerji yığma"": ""Var"", ""Qorunma dərəcəsi"": ""IP68"", ""Görüntü imkanı"": ""2340 × 1080"", ""Ölçülər"": ""146.9 × 70.5 × 7.2 mm"", ""Yaddaş kartı dəstəyi"": ""Yox"", ""Barometr"": ""Var"", ""Giroskop"": ""Var"", ""İşıq sensoru"": ""Var"", ""Yaxınlaşdırma sensoru"": ""Var"", ""Optik sabitləşmə"": ""Var"", ""Video formatı"": ""8K / 4K / 1080p"", ""Bluetooth versiyası"": ""5.4"", ""Avtofokus əsas kamera"": ""Var"", ""Video icazəsi və kadr tezliyi"": ""8K - 1080p, 30-240 kadr/s"", ""Video asta çəkiliş"": ""Var"", ""Rəng"": ""Mint"", ""Enerji toplama növü"": ""USB Type-C"", ""Qulaqlıq interfeysi"": ""USB Type-C"", ""Batareya növü"": ""Li-lon"", ""Çıxarıla bilən batareya"": ""Yox"", ""Akselerometr"": ""Var"", ""Enerji yığma gücü"": ""25 Vt"", ""Batareyanın həcmi"": ""4000 mAh"", ""İstehsal ili"": ""2025"", ""Barmaq izi oxuyucusu"": ""Displeydə"", ""Korpusun materiali"": ""Alüminium və şüşə"", ""Komplektasiya"": ""Smartfon, USB-C kabeli, Məlumat kitabçası"", ""Seriya"": ""Samsung Galaxy S25"", ""Zəmanət"": ""12 ay"", ""Şəbəkə standartı"": ""5G"", ""Ekran"": ""6.2\""""}",https://kontakt.az/media/catalog/product/cache/a252e3db3d11365dd1457895056a5f34/t/m/tm-dg-sbp-1105-sm-3288_1.png|https://kontakt.az/media/catalog/product/cache/a252e3db3d11365dd1457895056a5f34/t/m/tm-dg-sbp-1105-sm-3288_2.png|https://kontakt.az/media/catalog/product/cache/a252e3db3d11365dd1457895056a5f34/t/m/tm-dg-sbp-1105-sm-3288_3.png|https://kontakt.az/media/catalog/product/cache/a252e3db3d11365dd1457895056a5f34/t/m/tm-dg-sbp-1105-sm-3288_4.png|https://kontakt.az/media/catalog/product/cache/a252e3db3d11365dd1457895056a5f34/t/m/tm-dg-sbp-1105-sm-3288_5.png|https://kontakt.az/media/catalog/product/cache/a252e3db3d11365dd1457895056a5f34/t/m/tm-dg-sbp-1105-sm-3288_6.png|https://kontakt.az/media/catalog/product/cache/a252e3db3d11365dd1457895056a5f34/t/m/tm-dg-sbp-1105-sm-3288_7.png|https://kontakt.az/media/catalog/product/cache/a252e3db3d11365dd1457895056a5f34/t/m/tm-dg-sbp-1105-sm-3288_8.png|https://kontakt.az/media/catalog/product/cache/a252e3db3d11365dd1457895056a5f34/t/m/tm-dg-sbp-1105-sm-3288_9.png,2025-10-28T14:03:14.535118
https://kontakt.az/samsung-galaxy-s25-sm-s931b-12-128-gb-silver,,Unknown,Samsung Galaxy S25 (SM-S931B) 12/128 GB Silver,TM-DG-SBP-1105-SM-3289,,1649.99,250,0.0,Rəylər 0,In Stock,12 ay,"{""Brend"": ""Samsung"", ""Daxili yaddaş"": ""128 GB"", ""Operativ yaddaş"": ""12 GB"", ""Əsas kamera"": ""50 MP + 10 MP + 12 MP"", ""Ön kamera"": ""12 MP"", ""Nüvə sayı"": ""8"", ""SIM-kart növü"": ""Nano SIM + eSIM"", ""SIM-kart sayı"": ""2"", ""Prosessorun adı"": ""Qualcomm"", ""Əməliyyat sistemi"": ""Android"", ""Əməliyyat sistemin versiyası"": ""Android 15"", ""NFC"": ""-"", ""Prosessorun növü"": ""Qualcomm Snapdragon 8 Elite for Galaxy"", ""Displey növü"": ""Dynamic AMOLED 2Х"", ""Simsiz enerji"": ""Var"", ""İnfraqırmızı port"": ""Yox"", ""Üz tanıma"": ""Var"", ""Sürətli enerji yığma"": ""Var"", ""Qorunma dərəcəsi"": ""IP68"", ""Görüntü imkanı"": ""2340 × 1080"", ""Ölçülər"": ""146.9 × 70.5 × 7.2 mm"", ""Yaddaş kartı dəstəyi"": ""Yox"", ""Barometr"": ""Var"", ""Giroskop"": ""Var"", ""İşıq sensoru"": ""Var"", ""Yaxınlaşdırma sensoru"": ""Var"", ""Optik sabitləşmə"": ""Var"", ""Video formatı"": ""8K / 4K / 1080p"", ""Bluetooth versiyası"": ""5.4"", ""Avtofokus əsas kamera"": ""Var"", ""Video icazəsi və kadr tezliyi"": ""8K - 1080p, 30-240 kadr/s"", ""Video asta çəkiliş"": ""Var"", ""Rəng"": ""Silver"", ""Enerji toplama növü"": ""USB Type-C"", ""Qulaqlıq interfeysi"": ""USB Type-C"", ""Batareya növü"": ""Li-lon"", ""Çıxarıla bilən batareya"": ""Yox"", ""Akselerometr"": ""Var"", ""Enerji yığma gücü"": ""25 Vt"", ""Batareyanın həcmi"": ""4000 mAh"", ""İstehsal ili"": ""2025"", ""Barmaq izi oxuyucusu"": ""Displeydə"", ""Korpusun materiali"": ""Alüminium və şüşə"", ""Komplektasiya"": ""Smartfon, USB-C kabeli, Məlumat kitabçası"", ""Seriya"": ""Samsung Galaxy S25"", ""Zəmanət"": ""12 ay"", ""Şəbəkə standartı"": ""5G"", ""Ekran"": ""6.2\""""}",https://kontakt.az/media/catalog/product/cache/a252e3db3d11365dd1457895056a5f34/t/m/tm-dg-sbp-1105-sm-3289_11.png|https://kontakt.az/media/catalog/product/cache/a252e3db3d11365dd1457895056a5f34/t/m/tm-dg-sbp-1105-sm-3289_22.png|https://kontakt.az/media/catalog/product/cache/a252e3db3d11365dd1457895056a5f34/t/m/tm-dg-sbp-1105-sm-3289_33.png|https://kontakt.az/media/catalog/product/cache/a252e3db3d11365dd1457895056a5f34/t/m/tm-dg-sbp-1105-sm-3289_44.png|https://kontakt.az/media/catalog/product/cache/a252e3db3d11365dd1457895056a5f34/t/m/tm-dg-sbp-1105-sm-3289_55.png|https://kontakt.az/media/catalog/product/cache/a252e3db3d11365dd1457895056a5f34/t/m/tm-dg-sbp-1105-sm-3289_66.png|https://kontakt.az/media/catalog/product/cache/a252e3db3d11365dd1457895056a5f34/t/m/tm-dg-sbp-1105-sm-3289_77.png|https://kontakt.az/media/catalog/product/cache/a252e3db3d11365dd1457895056a5f34/t/m/tm-dg-sbp-1105-sm-3289_88.png|https://kontakt.az/media/catalog/product/cache/a252e3db3d11365dd1457895056a5f34/t/m/tm-dg-sbp-1105-sm-3289_99.png,2025-10-28T14:03:25.823003
https://kontakt.az/samsung-galaxy-s25-sm-s931b-12-128-gb-icy-blue,,Unknown,Samsung Galaxy S25 (SM-S931B) 12/128 GB Icyblue,TM-DG-SBP-1105-SM-3290,,1649.99,250,0.0,Rəylər 0,Pre-order / Out of Stock,12 ay,"{""Brend"": ""Samsung"", ""Daxili yaddaş"": ""128 GB"", ""Operativ yaddaş"": ""12 GB"", ""Əsas kamera"": ""50 MP + 10 MP + 12 MP"", ""Ön kamera"": ""12 MP"", ""Nüvə sayı"": ""8"", ""SIM-kart növü"": ""Nano SIM + eSIM"", ""SIM-kart sayı"": ""2"", ""Prosessorun adı"": ""Qualcomm"", ""Əməliyyat sistemi"": ""Android"", ""Əməliyyat sistemin versiyası"": ""Android 15"", ""NFC"": ""-"", ""Prosessorun növü"": ""Qualcomm Snapdragon 8 Elite for Galaxy"", ""Displey növü"": ""Dynamic AMOLED 2Х"", ""Simsiz enerji"": ""Var"", ""İnfraqırmızı port"": ""Yox"", ""Üz tanıma"": ""Var"", ""Sürətli enerji yığma"": ""Var"", ""Qorunma dərəcəsi"": ""IP68"", ""Görüntü imkanı"": ""2340 × 1080"", ""Ölçülər"": ""146.9 × 70.5 × 7.2 mm"", ""Yaddaş kartı dəstəyi"": ""Yox"", ""Barometr"": ""Var"", ""Giroskop"": ""Var"", ""İşıq sensoru"": ""Var"", ""Yaxınlaşdırma sensoru"": ""Var"", ""Optik sabitləşmə"": ""Var"", ""Video formatı"": ""8K / 4K / 1080p"", ""Bluetooth versiyası"": ""5.4"", ""Avtofokus əsas kamera"": ""Var"", ""Video icazəsi və kadr tezliyi"": ""8K - 1080p, 30-240 kadr/s"", ""Video asta çəkiliş"": ""Var"", ""Rəng"": ""Icy Blue"", ""Enerji toplama növü"": ""USB Type-C"", ""Qulaqlıq interfeysi"": ""USB Type-C"", ""Batareya növü"": ""Li-lon"", ""Çıxarıla bilən batareya"": ""Yox"", ""Akselerometr"": ""Var"", ""Enerji yığma gücü"": ""25 Vt"", ""Batareyanın həcmi"": ""4000 mAh"", ""İstehsal ili"": ""2025"", ""Barmaq izi oxuyucusu"": ""Displeydə"", ""Korpusun materiali"": ""Alüminium və şüşə"", ""Komplektasiya"": ""Smartfon, USB-C kabeli, Məlumat kitabçası"", ""Seriya"": ""Samsung Galaxy S25"", ""Zəmanət"": ""12 ay"", ""Şəbəkə standartı"": ""5G"", ""Ekran"": ""6.2\""""}",https://kontakt.az/media/catalog/product/cache/a252e3db3d11365dd1457895056a5f34/t/m/tm-dg-sbp-1105-sm-3290_1.png|https://kontakt.az/media/catalog/product/cache/a252e3db3d11365dd1457895056a5f34/t/m/tm-dg-sbp-1105-sm-3290_2.png|https://kontakt.az/media/catalog/product/cache/a252e3db3d11365dd1457895056a5f34/t/m/tm-dg-sbp-1105-sm-3290_3.png|https://kontakt.az/media/catalog/product/cache/a252e3db3d11365dd1457895056a5f34/t/m/tm-dg-sbp-1105-sm-3290_4.png|https://kontakt.az/media/catalog/product/cache/a252e3db3d11365dd1457895056a5f34/t/m/tm-dg-sbp-1105-sm-3290_5.png|https://kontakt.az/media/catalog/product/cache/a252e3db3d11365dd1457895056a5f34/t/m/tm-dg-sbp-1105-sm-3290_6.png|https://kontakt.az/media/catalog/product/cache/a252e3db3d11365dd1457895056a5f34/t/m/tm-dg-sbp-1105-sm-3290_7.png|https://kontakt.az/media/catalog/product/cache/a252e3db3d11365dd1457895056a5f34/t/m/tm-dg-sbp-1105-sm-3290_8.png|https://kontakt.az/media/catalog/product/cache/a252e3db3d11365dd1457895056a5f34/t/m/tm-dg-sbp-1105-sm-3290_9.png,2025-10-28T14:04:23.809726
https://kontakt.az/samsung-galaxy-s25-sm-s931b-12-128-gb-navy,,Unknown,Samsung Galaxy S25 (SM-S931B) 12/128 GB Navy,TM-DG-SBP-1105-SM-3291,,1649.99,250,0.0,Rəylər 0,Pre-order / Out of Stock,12 ay,"{""Brend"": ""Samsung"", ""Daxili yaddaş"": ""128 GB"", ""Operativ yaddaş"": ""12 GB"", ""Əsas kamera"": ""50 MP + 10 MP + 12 MP"", ""Ön kamera"": ""12 MP"", ""Nüvə sayı"": ""8"", ""SIM-kart növü"": ""Nano SIM + eSIM"", ""SIM-kart sayı"": ""2"", ""Prosessorun adı"": ""Qualcomm"", ""Əməliyyat sistemi"": ""Android"", ""Əməliyyat sistemin versiyası"": ""Android 15"", ""NFC"": ""-"", ""Prosessorun növü"": ""Qualcomm Snapdragon 8 Elite for Galaxy"", ""Displey növü"": ""Dynamic AMOLED 2Х"", ""Simsiz enerji"": ""Var"", ""İnfraqırmızı port"": ""Yox"", ""Üz tanıma"": ""Var"", ""Sürətli enerji yığma"": ""Var"", ""Qorunma dərəcəsi"": ""IP68"", ""Görüntü imkanı"": ""2340 × 1080"", ""Ölçülər"": ""146.9 × 70.5 × 7.2 mm"", ""Yaddaş kartı dəstəyi"": ""Yox"", ""Barometr"": ""Var"", ""Giroskop"": ""Var"", ""İşıq sensoru"": ""Var"", ""Yaxınlaşdırma sensoru"": ""Var"", ""Optik sabitləşmə"": ""Var"", ""Video formatı"": ""8K / 4K / 1080p"", ""Bluetooth versiyası"": ""5.4"", ""Avtofokus əsas kamera"": ""Var"", ""Video icazəsi və kadr tezliyi"": ""8K - 1080p, 30-240 kadr/s"", ""Video asta çəkiliş"": ""Var"", ""Rəng"": ""Navy"", ""Enerji toplama növü"": ""USB Type-C"", ""Qulaqlıq interfeysi"": ""USB Type-C"", ""Batareya növü"": ""Li-lon"", ""Çıxarıla bilən batareya"": ""Yox"", ""Akselerometr"": ""Var"", ""Enerji yığma gücü"": ""25 Vt"", ""Batareyanın həcmi"": ""4000 mAh"", ""İstehsal ili"": ""2025"", ""Barmaq izi oxuyucusu"": ""Displeydə"", ""Korpusun materiali"": ""Alüminium və şüşə"", ""Komplektasiya"": ""Smartfon, USB-C kabeli, Məlumat kitabçası"", ""Seriya"": ""Samsung Galaxy S25"", ""Zəmanət"": ""12 ay"", ""Şəbəkə standartı"": ""5G"", ""Ekran"": ""6.2\""""}",https://kontakt.az/media/catalog/product/cache/a252e3db3d11365dd1457895056a5f34/t/m/tm-dg-sbp-1105-sm-3291_1.png|https://kontakt.az/media/catalog/product/cache/a252e3db3d11365dd1457895056a5f34/t/m/tm-dg-sbp-1105-sm-3291_2.png|https://kontakt.az/media/catalog/product/cache/a252e3db3d11365dd1457895056a5f34/t/m/tm-dg-sbp-1105-sm-3291_3.png|https://kontakt.az/media/catalog/product/cache/a252e3db3d11365dd1457895056a5f34/t/m/tm-dg-sbp-1105-sm-3291_4.png|https://kontakt.az/media/catalog/product/cache/a252e3db3d11365dd1457895056a5f34/t/m/tm-dg-sbp-1105-sm-3291_5.png|https://kontakt.az/media/catalog/product/cache/a252e3db3d11365dd1457895056a5f34/t/m/tm-dg-sbp-1105-sm-3291_6.png|https://kontakt.az/media/catalog/product/cache/a252e3db3d11365dd1457895056a5f34/t/m/tm-dg-sbp-1105-sm-3291_7.png|https://kontakt.az/media/catalog/product/cache/a252e3db3d11365dd1457895056a5f34/t/m/tm-dg-sbp-1105-sm-3291_8.png|https://kontakt.az/media/catalog/product/cache/a252e3db3d11365dd1457895056a5f34/t/m/tm-dg-sbp-1105-sm-3291_9.png,2025-10-28T14:04:39.625309
https://kontakt.az/samsung-galaxy-s25-sm-s936b-12-256-gb-icy-blue,,Unknown,Samsung Galaxy S25+ (SM-S936B) 12/256 GB Icy Blue,TM-DG-SBP-1105-SM-3282,,1999.99,300,0.0,Rəylər 0,In Stock,12 ay,"{""Brend"": ""Samsung"", ""Daxili yaddaş"": ""256 GB"", ""Operativ yaddaş"": ""12 GB"", ""Əsas kamera"": ""50 MP + 10 MP + 12 MP"", ""Ön kamera"": ""12 MP"", ""Nüvə sayı"": ""8"", ""SIM-kart növü"": ""Nano SIM + eSIM"", ""SIM-kart sayı"": ""2"", ""Prosessorun adı"": ""Qualcomm"", ""Əməliyyat sistemi"": ""Android"", ""Əməliyyat sistemin versiyası"": ""Android 15"", ""NFC"": ""-"", ""Prosessorun növü"": ""Qualcomm Snapdragon 8 Elite for Galaxy"", ""Displey növü"": ""Dynamic AMOLED 2Х"", ""Simsiz enerji"": ""Var"", ""İnfraqırmızı port"": ""Yox"", ""Üz tanıma"": ""-"", ""Sürətli enerji yığma"": ""Var"", ""Qorunma dərəcəsi"": ""IP68"", ""Görüntü imkanı"": ""3120 × 1440"", ""Ölçülər"": ""158.4 × 75.8 × 7.3 mm"", ""Yaddaş kartı dəstəyi"": ""Yox"", ""Barometr"": ""Var"", ""Giroskop"": ""Var"", ""İşıq sensoru"": ""Var"", ""Yaxınlaşdırma sensoru"": ""Var"", ""Optik sabitləşmə"": ""Var"", ""Video formatı"": ""8K / 4K / 1080p"", ""Bluetooth versiyası"": ""5.4"", ""Avtofokus əsas kamera"": ""Var"", ""Video icazəsi və kadr tezliyi"": ""8K - 1080p, 30-240 kadr/s"", ""Video asta çəkiliş"": ""Var"", ""Rəng"": ""Icy Blue"", ""Enerji toplama növü"": ""USB Type-C"", ""Qulaqlıq interfeysi"": ""USB Type-C"", ""Batareya növü"": ""Li-lon"", ""Çıxarıla bilən batareya"": ""Yox"", ""Akselerometr"": ""Var"", ""Enerji yığma gücü"": ""45 Vt"", ""Batareyanın həcmi"": ""4900 mAh"", ""İstehsal ili"": ""2025"", ""Barmaq izi oxuyucusu"": ""Displeydə"", ""Korpusun materiali"": ""Alüminium və şüşə"", ""Komplektasiya"": ""Smartfon, Məlumat kitabçası"", ""Seriya"": ""Samsung Galaxy S25+"", ""Zəmanət"": ""12 ay"", ""Şəbəkə standartı"": ""5G"", ""Ekran"": ""6.7\""""}",https://kontakt.az/media/catalog/product/cache/a252e3db3d11365dd1457895056a5f34/t/m/tm-dg-sbp-1105-sm-3282_2_1.png|https://kontakt.az/media/catalog/product/cache/a252e3db3d11365dd1457895056a5f34/t/m/tm-dg-sbp-1105-sm-3282_3_1.png|https://kontakt.az/media/catalog/product/cache/a252e3db3d11365dd1457895056a5f34/t/m/tm-dg-sbp-1105-sm-3282_4_1.png|https://kontakt.az/media/catalog/product/cache/a252e3db3d11365dd1457895056a5f34/t/m/tm-dg-sbp-1105-sm-3282_5_1.png|https://kontakt.az/media/catalog/product/cache/a252e3db3d11365dd1457895056a5f34/t/m/tm-dg-sbp-1105-sm-3282_6_1.png|https://kontakt.az/media/catalog/product/cache/a252e3db3d11365dd1457895056a5f34/t/m/tm-dg-sbp-1105-sm-3282_7_1.png|https://kontakt.az/media/catalog/product/cache/a252e3db3d11365dd1457895056a5f34/t/m/tm-dg-sbp-1105-sm-3282_8_1.png,2025-10-28T14:04:53.007899
https://kontakt.az/samsung-galaxy-s25-ultra-sm-s938b-12-gb-1-tb-blue,,Unknown,Samsung Galaxy S25 Ultra (SM-S938B) 12 GB / 1 TB Titanium Silver Blue,TM-DG-SBP-1105-SM-3268,,3199.99,500,0.0,Rəylər 0,In Stock,12 ay,"{""Brend"": ""Samsung"", ""Daxili yaddaş"": ""1 TB"", ""Operativ yaddaş"": ""12 GB"", ""Əsas kamera"": ""50 MP + 200 MP + 50 MP + 10 MP"", ""Ön kamera"": ""12 MP"", ""Nüvə sayı"": ""8"", ""SIM-kart növü"": ""Nano SIM + eSIM"", ""SIM-kart sayı"": ""2"", ""Prosessorun adı"": ""Qualcomm"", ""Əməliyyat sistemi"": ""Android"", ""Əməliyyat sistemin versiyası"": ""Android 15"", ""NFC"": ""Var"", ""Prosessorun növü"": ""Qualcomm Snapdragon 8 Elite for Galaxy"", ""Displey növü"": ""Dynamic AMOLED 2Х"", ""Simsiz enerji"": ""Var"", ""İnfraqırmızı port"": ""Yox"", ""Üz tanıma"": ""Var"", ""Sürətli enerji yığma"": ""Var"", ""Qorunma dərəcəsi"": ""IP68"", ""Görüntü imkanı"": ""3120 × 1440"", ""Ölçülər"": ""162.8 × 77.6 × 8.2 mm"", ""Yaddaş kartı dəstəyi"": ""Yox"", ""Barometr"": ""Var"", ""Giroskop"": ""Var"", ""İşıq sensoru"": ""Var"", ""Yaxınlaşdırma sensoru"": ""Var"", ""Optik sabitləşmə"": ""Var"", ""Video formatı"": ""8K / 4K / 1080p"", ""Bluetooth versiyası"": ""5.4"", ""Avtofokus əsas kamera"": ""Var"", ""Video icazəsi və kadr tezliyi"": ""8K - 1080p, 30-240 kadr/s"", ""Video asta çəkiliş"": ""Var"", ""Rəng"": ""Titanium Silverblue"", ""Enerji toplama növü"": ""USB Type-C"", ""Qulaqlıq interfeysi"": ""USB Type-C"", ""Batareya növü"": ""Li-lon"", ""Çıxarıla bilən batareya"": ""Yox"", ""Akselerometr"": ""Var"", ""Enerji yığma gücü"": ""45 Vt"", ""Batareyanın həcmi"": ""5000 mAh"", ""İstehsal ili"": ""2025"", ""Barmaq izi oxuyucusu"": ""Displeydə"", ""Korpusun materiali"": ""Titan və şüşə"", ""Komplektasiya"": ""Smartfon, Məlumat kitabçası"", ""Seriya"": ""Samsung Galaxy S25 Ultra"", ""Zəmanət"": ""12 ay"", ""Şəbəkə standartı"": ""5G"", ""Ekran"": ""6.9\""""}",https://kontakt.az/media/catalog/product/cache/a252e3db3d11365dd1457895056a5f34/t/m/tm-dg-sbp-1105-sm-3268_1.png|https://kontakt.az/media/catalog/product/cache/a252e3db3d11365dd1457895056a5f34/t/m/tm-dg-sbp-1105-sm-3268_2.png|https://kontakt.az/media/catalog/product/cache/a252e3db3d11365dd1457895056a5f34/t/m/tm-dg-sbp-1105-sm-3268_3.png|https://kontakt.az/media/catalog/product/cache/a252e3db3d11365dd1457895056a5f34/t/m/tm-dg-sbp-1105-sm-3268_4.png|https://kontakt.az/media/catalog/product/cache/a252e3db3d11365dd1457895056a5f34/t/m/tm-dg-sbp-1105-sm-3268_5.png,2025-10-28T14:05:06.827209
https://kontakt.az/qoruyucu-ortuk-samsung-galaxy-s25-ultra-ef-ps938cbegru-black,,Unknown,Qoruyucu örtük Samsung Galaxy S25 Ultra EF-PS938CBEGRU Black,TM-DG-ACS-1267-KT-2521,,59.99,,0.0,Rəylər 0,In Stock,,"{""Brend"": ""Samsung"", ""Model"": ""Samsung S25 Ultra"", ""Örtüyün materialı"": ""Silikon"", ""Növ"": ""Çexol"", ""Rəng"": ""Qara"", ""MagSafe dəstəyi"": ""Yox"", ""Uyğun olan brend"": ""Samsung""}",https://kontakt.az/media/catalog/product/cache/a252e3db3d11365dd1457895056a5f34/t/m/tm-dg-acs-1267-kt-2521_1.png|https://kontakt.az/media/catalog/product/cache/a252e3db3d11365dd1457895056a5f34/t/m/tm-dg-acs-1267-kt-2521_3.png|https://kontakt.az/media/catalog/product/cache/a252e3db3d11365dd1457895056a5f34/t/m/tm-dg-acs-1267-kt-2521_2.png|https://kontakt.az/media/catalog/product/cache/a252e3db3d11365dd1457895056a5f34/t/m/tm-dg-acs-1267-kt-2521_7.png|https://kontakt.az/media/catalog/product/cache/a252e3db3d11365dd1457895056a5f34/t/m/tm-dg-acs-1267-kt-2521_4.png,2025-10-28T14:05:48.604875
